Customer ID,Age,Gender,Item Purchased,Category,Purchase Amount (USD),Location,Size,Color,Season,Review Rating,Subscription Status,Shipping Type,Discount Applied,Promo Code Used,Previous Purchases,Payment Method,Frequency of Purchases,Purchases_Per_Year,Estimated_Purchase_Interval_Days,Estimated_Annual_Spend,Estimated_CLV_3Y,Age_Group,Customer Segment,Value Segment
1,55,Male,Blouse,Clothing,53,Kentucky,L,Gray,Winter,3.1,Yes,Express,Yes,Yes,14,Venmo,Fortnightly,26,14,1378,5820.672000000001,51-70,Habitual Budget Buyers,High
2,19,Male,Sweater,Clothing,64,Maine,L,Maroon,Winter,3.1,Yes,Express,Yes,Yes,2,Cash,Fortnightly,26,14,1664,5710.848000000001,18-25,Premium Loyalists,High
3,50,Male,Jeans,Clothing,73,Massachusetts,S,Maroon,Spring,3.1,Yes,Free Shipping,Yes,Yes,23,Credit Card,Weekly,52,7,3796,18289.128,36-50,Premium Loyalists,Very High
4,21,Male,Sandals,Footwear,90,Rhode Island,M,Maroon,Spring,3.5,Yes,Next Day Air,Yes,Yes,49,PayPal,Weekly,52,7,4680,30579.120000000003,18-25,Premium Loyalists,Very High
5,45,Male,Blouse,Clothing,49,Oregon,M,Turquoise,Spring,2.7,Yes,Free Shipping,Yes,Yes,31,PayPal,Annually,1,365,49,261.95400000000006,36-50,Low Engagement,Low
6,46,Male,Sneakers,Footwear,20,Wyoming,M,White,Summer,2.9,Yes,Standard,Yes,Yes,14,Venmo,Weekly,52,7,1040,4392.96,36-50,Habitual Budget Buyers,High
7,63,Male,Shirt,Clothing,85,Montana,M,Gray,Fall,3.2,Yes,Free Shipping,Yes,Yes,49,Cash,Quarterly,4,90,340,2221.56,51-70,Big-Ticket Occasionals,Moderate
8,27,Male,Shorts,Clothing,34,Louisiana,L,Charcoal,Winter,3.2,Yes,Free Shipping,Yes,Yes,19,Credit Card,Weekly,52,7,1768,8051.472,26-35,Habitual Budget Buyers,Very High
9,26,Male,Coat,Outerwear,97,West Virginia,L,Silver,Summer,2.6,Yes,Express,Yes,Yes,8,Venmo,Annually,1,365,97,371.31600000000003,26-35,Big-Ticket Occasionals,Low
10,57,Male,Handbag,Accessories,31,Missouri,M,Pink,Spring,4.8,Yes,2-Day Shipping,Yes,Yes,4,Cash,Quarterly,4,90,124,441.9360000000001,51-70,Low Engagement,Low
11,53,Male,Shoes,Footwear,34,Arkansas,L,Purple,Fall,4.1,Yes,Store Pickup,Yes,Yes,26,Bank Transfer,Bi-Weekly,26,14,884,4434.144,51-70,Habitual Budget Buyers,High
12,30,Male,Shorts,Clothing,68,Hawaii,S,Olive,Winter,4.9,Yes,Store Pickup,Yes,Yes,10,Bank Transfer,Fortnightly,26,14,1768,7001.280000000001,26-35,Premium Loyalists,High
13,61,Male,Coat,Outerwear,72,Delaware,M,Gold,Winter,4.5,Yes,Express,Yes,Yes,37,Venmo,Fortnightly,26,14,1872,10749.024000000001,51-70,Premium Loyalists,Very High
14,65,Male,Dress,Clothing,51,New Hampshire,M,Violet,Spring,4.7,Yes,Express,Yes,Yes,31,PayPal,Weekly,52,7,2652,14177.592000000002,51-70,Habitual Budget Buyers,Very High
15,64,Male,Coat,Outerwear,53,New York,L,Teal,Winter,4.7,Yes,Free Shipping,Yes,Yes,34,Debit Card,Weekly,52,7,2756,15279.264000000003,51-70,Habitual Budget Buyers,Very High
16,64,Male,Skirt,Clothing,81,Rhode Island,M,Teal,Winter,2.8,Yes,Store Pickup,Yes,Yes,8,PayPal,Monthly,12,30,972,3720.8160000000003,51-70,Big-Ticket Occasionals,High
17,25,Male,Sunglasses,Accessories,36,Alabama,S,Gray,Spring,4.1,Yes,Next Day Air,Yes,Yes,44,Debit Card,Bi-Weekly,26,14,936,5806.944,18-25,Habitual Budget Buyers,High
18,53,Male,Dress,Clothing,38,Mississippi,XL,Lavender,Winter,4.7,Yes,2-Day Shipping,Yes,Yes,36,Venmo,Quarterly,4,90,152,862.752,51-70,Low Engagement,Moderate
19,52,Male,Sweater,Clothing,48,Montana,S,Black,Summer,4.6,Yes,Free Shipping,Yes,Yes,17,Cash,Weekly,52,7,2496,11037.312000000002,51-70,Habitual Budget Buyers,Very High
20,66,Male,Pants,Clothing,90,Rhode Island,M,Green,Summer,3.3,Yes,Standard,Yes,Yes,46,Debit Card,Bi-Weekly,26,14,2340,14826.240000000002,51-70,Premium Loyalists,Very High
21,21,Male,Pants,Clothing,51,Louisiana,M,Black,Winter,2.8,Yes,Express,Yes,Yes,50,Cash,Every 3 Months,4,90,204,1346.4,18-25,Low Engagement,Moderate
22,31,Male,Pants,Clothing,62,North Carolina,M,Charcoal,Winter,4.1,Yes,Store Pickup,Yes,Yes,22,Debit Card,Quarterly,4,90,248,1178.496,26-35,Big-Ticket Occasionals,Moderate
23,56,Male,Pants,Clothing,37,California,M,Peach,Summer,3.2,Yes,Store Pickup,Yes,Yes,32,Debit Card,Annually,1,365,37,200.24400000000003,51-70,Low Engagement,Low
24,31,Male,Pants,Clothing,88,Oklahoma,XL,White,Winter,4.4,Yes,Express,Yes,Yes,40,Credit Card,Weekly,52,7,4576,27181.440000000002,26-35,Premium Loyalists,Very High
25,18,Male,Jacket,Outerwear,22,Florida,M,Green,Fall,2.9,Yes,Store Pickup,Yes,Yes,16,Debit Card,Weekly,52,7,1144,4983.264,18-25,Habitual Budget Buyers,High
26,18,Male,Hoodie,Clothing,25,Texas,M,Silver,Summer,3.6,Yes,Express,Yes,Yes,14,PayPal,Annually,1,365,25,105.60000000000001,18-25,Low Engagement,Low
27,38,Male,Jewelry,Accessories,20,Nevada,M,Red,Spring,3.6,Yes,Next Day Air,Yes,Yes,13,Credit Card,Annually,1,365,20,83.16,36-50,Low Engagement,Low
28,56,Male,Shorts,Clothing,56,Kentucky,L,Cyan,Summer,5.0,Yes,Next Day Air,Yes,Yes,7,Bank Transfer,Every 3 Months,4,90,224,842.6880000000001,51-70,Low Engagement,Low
29,54,Male,Handbag,Accessories,94,North Carolina,M,Gray,Fall,4.4,Yes,Free Shipping,Yes,Yes,41,PayPal,Every 3 Months,4,90,376,2258.2560000000003,51-70,Big-Ticket Occasionals,Moderate
30,31,Male,Dress,Clothing,48,Wyoming,S,Black,Fall,4.1,Yes,Store Pickup,Yes,Yes,14,Credit Card,Weekly,52,7,2496,10543.104,26-35,Habitual Budget Buyers,Very High
31,57,Male,Jewelry,Accessories,31,North Carolina,L,Black,Winter,4.7,Yes,Standard,Yes,Yes,16,Credit Card,Monthly,12,30,372,1620.4320000000002,51-70,Low Engagement,Moderate
32,33,Male,Dress,Clothing,79,West Virginia,L,Brown,Winter,4.7,Yes,Store Pickup,Yes,Yes,45,Venmo,Monthly,12,30,948,5943.96,26-35,Big-Ticket Occasionals,High
33,36,Male,Jacket,Outerwear,67,Kansas,M,Silver,Summer,4.9,Yes,Free Shipping,Yes,Yes,37,Venmo,Annually,1,365,67,384.71400000000006,36-50,Big-Ticket Occasionals,Low
34,54,Male,Pants,Clothing,38,Colorado,L,Green,Summer,3.3,Yes,Store Pickup,Yes,Yes,45,Cash,Quarterly,4,90,152,953.0400000000001,51-70,Low Engagement,Moderate
35,36,Male,T-shirt,Clothing,91,North Dakota,L,Violet,Spring,4.6,Yes,2-Day Shipping,Yes,Yes,38,PayPal,Quarterly,4,90,364,2114.112,36-50,Big-Ticket Occasionals,Moderate
36,54,Male,Blouse,Clothing,33,Massachusetts,M,Cyan,Summer,4.0,Yes,2-Day Shipping,Yes,Yes,48,Credit Card,Bi-Weekly,26,14,858,5549.544000000001,51-70,Habitual Budget Buyers,High
37,35,Male,T-shirt,Clothing,69,Illinois,M,Maroon,Winter,4.6,Yes,Free Shipping,Yes,Yes,44,PayPal,Fortnightly,26,14,1794,11129.976,26-35,Premium Loyalists,Very High
38,35,Male,Jeans,Clothing,45,Indiana,S,Cyan,Summer,2.8,Yes,Store Pickup,Yes,Yes,10,PayPal,Weekly,52,7,2340,9266.400000000001,26-35,Habitual Budget Buyers,Very High
39,29,Male,Dress,Clothing,37,Florida,M,Red,Winter,3.7,Yes,2-Day Shipping,Yes,Yes,44,Venmo,Every 3 Months,4,90,148,918.192,26-35,Low Engagement,Moderate
40,70,Male,Pants,Clothing,60,Arizona,S,Turquoise,Summer,4.2,Yes,Express,Yes,Yes,18,Credit Card,Monthly,12,30,720,3231.36,51-70,Low Engagement,High
41,69,Male,Handbag,Accessories,76,Louisiana,L,Beige,Winter,4.6,Yes,Next Day Air,Yes,Yes,31,Debit Card,Quarterly,4,90,304,1625.1840000000002,51-70,Big-Ticket Occasionals,Moderate
42,67,Male,Scarf,Accessories,39,Alaska,M,Orange,Spring,4.5,Yes,Standard,Yes,Yes,40,Venmo,Annually,1,365,39,231.66000000000003,51-70,Low Engagement,Low
43,20,Male,Coat,Outerwear,100,Tennessee,M,Beige,Spring,4.1,Yes,Free Shipping,Yes,Yes,15,PayPal,Annually,1,365,100,429.00000000000006,18-25,Big-Ticket Occasionals,Low
44,25,Male,Scarf,Accessories,69,Ohio,L,Lavender,Fall,3.7,Yes,Store Pickup,Yes,Yes,19,PayPal,Fortnightly,26,14,1794,8169.876,18-25,Premium Loyalists,Very High
45,39,Male,Hat,Accessories,53,Kentucky,S,Silver,Summer,4.6,Yes,Free Shipping,Yes,Yes,45,PayPal,Weekly,52,7,2756,17280.12,36-50,Habitual Budget Buyers,Very High
46,50,Male,Socks,Clothing,21,Tennessee,XL,Indigo,Fall,2.9,Yes,2-Day Shipping,Yes,Yes,25,PayPal,Annually,1,365,21,103.95,36-50,Low Engagement,Low
47,57,Male,Shirt,Clothing,43,California,L,White,Summer,2.9,Yes,Store Pickup,Yes,Yes,45,Cash,Quarterly,4,90,172,1078.44,51-70,Low Engagement,Moderate
48,55,Male,Jewelry,Accessories,54,Montana,M,Charcoal,Winter,4.5,Yes,Free Shipping,Yes,Yes,36,Cash,Weekly,52,7,2808,15938.208000000002,51-70,Habitual Budget Buyers,Very High
49,42,Male,Shirt,Clothing,55,Nevada,M,Orange,Summer,2.7,Yes,Store Pickup,Yes,Yes,38,Cash,Monthly,12,30,660,3833.2800000000007,36-50,Low Engagement,High
50,68,Male,Hoodie,Clothing,30,New Jersey,S,Indigo,Spring,4.6,Yes,Next Day Air,Yes,Yes,34,Debit Card,Bi-Weekly,26,14,780,4324.320000000001,51-70,Habitual Budget Buyers,High
51,49,Male,Blouse,Clothing,28,Maryland,M,Red,Spring,3.7,Yes,Store Pickup,Yes,Yes,39,Debit Card,Bi-Weekly,26,14,728,4276.272,36-50,Habitual Budget Buyers,High
52,59,Male,Skirt,Clothing,59,Vermont,XL,Gray,Winter,4.7,Yes,2-Day Shipping,Yes,Yes,7,Credit Card,Quarterly,4,90,236,887.8320000000002,51-70,Low Engagement,Moderate
53,42,Male,T-shirt,Clothing,20,Alaska,M,Green,Summer,2.6,Yes,Free Shipping,Yes,Yes,26,Credit Card,Weekly,52,7,1040,5216.64,36-50,Habitual Budget Buyers,High
54,29,Male,Skirt,Clothing,24,Mississippi,S,Peach,Winter,3.9,Yes,Next Day Air,Yes,Yes,35,Credit Card,Weekly,52,7,1248,7001.280000000001,26-35,Habitual Budget Buyers,High
55,47,Male,Coat,Outerwear,94,New Mexico,M,Brown,Summer,4.2,Yes,Next Day Air,Yes,Yes,35,Debit Card,Bi-Weekly,26,14,2444,13710.84,36-50,Premium Loyalists,Very High
56,40,Male,Jacket,Outerwear,28,South Carolina,M,Lavender,Winter,3.0,Yes,2-Day Shipping,Yes,Yes,49,Credit Card,Annually,1,365,28,182.952,36-50,Low Engagement,Low
57,41,Male,Backpack,Accessories,73,Mississippi,XL,Brown,Summer,4.7,Yes,Store Pickup,Yes,Yes,46,Credit Card,Weekly,52,7,3796,24051.456000000002,36-50,Premium Loyalists,Very High
58,21,Male,Coat,Outerwear,64,West Virginia,M,White,Summer,4.4,Yes,Store Pickup,Yes,Yes,17,Debit Card,Fortnightly,26,14,1664,7358.208000000001,18-25,Premium Loyalists,Very High
59,69,Male,Hoodie,Clothing,54,Missouri,M,Charcoal,Summer,4.2,Yes,Free Shipping,Yes,Yes,29,Venmo,Monthly,12,30,648,3378.672,51-70,Low Engagement,High
60,63,Male,Belt,Accessories,79,Louisiana,L,Yellow,Spring,4.6,Yes,Standard,Yes,Yes,4,Debit Card,Weekly,52,7,4108,14640.912000000002,51-70,Premium Loyalists,Very High
61,50,Male,Sweater,Clothing,37,Idaho,L,Brown,Summer,4.0,Yes,Express,Yes,Yes,17,Cash,Weekly,52,7,1924,8507.928000000002,36-50,Habitual Budget Buyers,Very High
62,55,Male,Scarf,Accessories,68,Texas,M,Orange,Winter,4.7,Yes,Store Pickup,Yes,Yes,21,Credit Card,Every 3 Months,4,90,272,1274.592,51-70,Big-Ticket Occasionals,Moderate
63,30,Male,Sneakers,Footwear,21,Mississippi,S,Magenta,Spring,3.8,Yes,Free Shipping,Yes,Yes,31,Credit Card,Fortnightly,26,14,546,2918.9160000000006,26-35,Habitual Budget Buyers,High
64,33,Male,Sunglasses,Accessories,79,Arizona,L,Lavender,Winter,2.7,Yes,2-Day Shipping,Yes,Yes,43,Credit Card,Weekly,52,7,4108,25214.904000000002,26-35,Premium Loyalists,Very High
65,65,Male,Boots,Footwear,83,Alabama,S,Green,Fall,4.8,Yes,Standard,Yes,Yes,18,Debit Card,Fortnightly,26,14,2158,9685.104,51-70,Premium Loyalists,Very High
66,65,Male,Backpack,Accessories,36,New Jersey,M,Purple,Spring,4.8,Yes,2-Day Shipping,Yes,Yes,44,Venmo,Every 3 Months,4,90,144,893.3760000000001,51-70,Low Engagement,Moderate
67,31,Male,Blouse,Clothing,94,Pennsylvania,S,Magenta,Winter,4.7,Yes,2-Day Shipping,Yes,Yes,3,Venmo,Every 3 Months,4,90,376,1315.2480000000003,26-35,Big-Ticket Occasionals,Moderate
68,45,Male,Coat,Outerwear,33,Connecticut,L,Gray,Winter,4.4,Yes,Store Pickup,Yes,Yes,49,Debit Card,Monthly,12,30,396,2587.464,36-50,Low Engagement,High
69,57,Male,Handbag,Accessories,46,Utah,L,Silver,Summer,3.9,Yes,Next Day Air,Yes,Yes,21,Cash,Every 3 Months,4,90,184,862.2239999999999,51-70,Low Engagement,Moderate
70,48,Male,Belt,Accessories,70,Tennessee,S,Cyan,Summer,4.4,Yes,Express,Yes,Yes,5,Cash,Weekly,52,7,3640,13213.200000000003,36-50,Premium Loyalists,Very High
71,22,Male,Belt,Accessories,29,Alabama,M,Magenta,Fall,4.2,Yes,Express,Yes,Yes,32,Debit Card,Every 3 Months,4,90,116,627.792,18-25,Low Engagement,Low
72,36,Male,Dress,Clothing,48,Virginia,L,Gold,Summer,2.9,Yes,Express,Yes,Yes,34,Bank Transfer,Annually,1,365,48,266.112,36-50,Low Engagement,Low
73,18,Male,Dress,Clothing,26,Georgia,M,Olive,Winter,2.9,Yes,Store Pickup,Yes,Yes,21,Bank Transfer,Every 3 Months,4,90,104,487.344,18-25,Low Engagement,Low
74,48,Male,Pants,Clothing,85,Hawaii,M,Teal,Spring,2.7,Yes,Free Shipping,Yes,Yes,43,Bank Transfer,Bi-Weekly,26,14,2210,13564.98,36-50,Premium Loyalists,Very High
75,49,Male,Gloves,Accessories,58,Indiana,L,Violet,Spring,4.5,Yes,Express,Yes,Yes,3,Cash,Monthly,12,30,696,2434.6080000000006,36-50,Low Engagement,Moderate
76,64,Male,Scarf,Accessories,85,Utah,M,Blue,Summer,2.7,Yes,Free Shipping,Yes,Yes,21,Credit Card,Annually,1,365,85,398.31,51-70,Big-Ticket Occasionals,Low
77,50,Male,Hat,Accessories,43,Delaware,S,Teal,Summer,4.2,Yes,Free Shipping,Yes,Yes,32,Venmo,Monthly,12,30,516,2792.5920000000006,36-50,Low Engagement,High
78,22,Male,Dress,Clothing,53,Delaware,L,Gold,Summer,3.3,Yes,Next Day Air,Yes,Yes,36,Debit Card,Fortnightly,26,14,1378,7821.528,18-25,Habitual Budget Buyers,Very High
79,50,Male,Skirt,Clothing,91,Nebraska,M,Maroon,Spring,4.7,Yes,Free Shipping,Yes,Yes,50,Venmo,Fortnightly,26,14,2366,15615.6,36-50,Premium Loyalists,Very High
80,38,Male,Jacket,Outerwear,96,Iowa,M,Olive,Winter,2.6,Yes,2-Day Shipping,Yes,Yes,43,Bank Transfer,Every 3 Months,4,90,384,2356.992,36-50,Big-Ticket Occasionals,Moderate
81,19,Male,Sandals,Footwear,72,New York,XL,Blue,Summer,3.3,Yes,Store Pickup,Yes,Yes,24,Credit Card,Every 3 Months,4,90,288,1406.592,18-25,Big-Ticket Occasionals,Moderate
82,67,Male,Shoes,Footwear,96,Virginia,L,Maroon,Summer,2.6,Yes,Express,Yes,Yes,36,Credit Card,Every 3 Months,4,90,384,2179.5840000000003,51-70,Big-Ticket Occasionals,Moderate
83,19,Male,Pants,Clothing,28,Georgia,S,Olive,Spring,4.0,Yes,2-Day Shipping,Yes,Yes,21,Credit Card,Every 3 Months,4,90,112,524.832,18-25,Low Engagement,Low
84,36,Male,Dress,Clothing,40,Texas,M,Turquoise,Summer,4.1,Yes,Standard,Yes,Yes,34,Bank Transfer,Weekly,52,7,2080,11531.520000000002,36-50,Habitual Budget Buyers,Very High
85,52,Male,Coat,Outerwear,32,Arizona,S,Peach,Spring,4.4,Yes,Standard,Yes,Yes,42,Bank Transfer,Every 3 Months,4,90,128,777.216,51-70,Low Engagement,Low
86,53,Male,Sunglasses,Accessories,95,New Mexico,M,Charcoal,Winter,4.5,Yes,Next Day Air,Yes,Yes,2,Debit Card,Bi-Weekly,26,14,2470,8477.04,51-70,Premium Loyalists,Very High
87,24,Male,Hoodie,Clothing,41,Nevada,L,Pink,Spring,3.7,Yes,2-Day Shipping,Yes,Yes,47,Cash,Bi-Weekly,26,14,1066,6824.532,18-25,Habitual Budget Buyers,High
88,52,Male,Shoes,Footwear,53,Ohio,M,Green,Fall,3.7,Yes,2-Day Shipping,Yes,Yes,44,Debit Card,Fortnightly,26,14,1378,8549.112,51-70,Habitual Budget Buyers,Very High
89,33,Male,T-shirt,Clothing,47,Wyoming,M,Orange,Fall,3.5,Yes,Free Shipping,Yes,Yes,35,Credit Card,Monthly,12,30,564,3164.0400000000004,26-35,Low Engagement,High
90,47,Male,Jacket,Outerwear,83,California,XL,Pink,Fall,3.6,Yes,Next Day Air,Yes,Yes,15,Cash,Quarterly,4,90,332,1424.28,36-50,Big-Ticket Occasionals,Moderate
91,25,Male,Hat,Accessories,48,South Carolina,L,Violet,Summer,2.9,Yes,Express,Yes,Yes,29,Credit Card,Monthly,12,30,576,3003.2640000000006,18-25,Low Engagement,High
92,44,Male,Scarf,Accessories,99,South Carolina,S,Green,Winter,4.6,Yes,Standard,Yes,Yes,18,Credit Card,Every 3 Months,4,90,396,1777.248,36-50,Big-Ticket Occasionals,Moderate
93,61,Male,Jacket,Outerwear,87,Texas,M,Olive,Winter,4.4,Yes,2-Day Shipping,Yes,Yes,13,Venmo,Every 3 Months,4,90,348,1446.9840000000002,51-70,Big-Ticket Occasionals,Moderate
94,37,Male,Sweater,Clothing,62,Florida,M,Purple,Fall,4.5,Yes,Standard,Yes,Yes,46,Credit Card,Weekly,52,7,3224,20427.264,36-50,Premium Loyalists,Very High
95,58,Male,Skirt,Clothing,76,Nevada,S,Silver,Spring,4.6,Yes,Free Shipping,Yes,Yes,28,Credit Card,Weekly,52,7,3952,20344.896,51-70,Premium Loyalists,Very High
96,37,Male,Sneakers,Footwear,100,Missouri,L,Pink,Fall,3.8,Yes,Free Shipping,Yes,Yes,48,PayPal,Monthly,12,30,1200,7761.6,36-50,Big-Ticket Occasionals,Very High
97,32,Male,Gloves,Accessories,73,Delaware,S,Gold,Spring,3.6,Yes,Express,Yes,Yes,43,Venmo,Every 3 Months,4,90,292,1792.296,26-35,Big-Ticket Occasionals,Moderate
98,21,Male,Shoes,Footwear,92,Virginia,M,Teal,Winter,4.8,Yes,Store Pickup,Yes,Yes,37,Cash,Annually,1,365,92,528.264,18-25,Big-Ticket Occasionals,Low
99,20,Male,Jeans,Clothing,67,New York,XL,Teal,Spring,2.6,Yes,Next Day Air,Yes,Yes,20,Bank Transfer,Annually,1,365,67,309.54,18-25,Big-Ticket Occasionals,Low
100,26,Male,Hoodie,Clothing,40,Missouri,XL,Indigo,Summer,3.7,Yes,Express,Yes,Yes,33,Debit Card,Quarterly,4,90,160,876.4800000000001,26-35,Low Engagement,Moderate
101,62,Male,Sunglasses,Accessories,98,South Dakota,M,Maroon,Fall,2.7,Yes,Express,Yes,Yes,31,Cash,Fortnightly,26,14,2548,13621.608000000002,51-70,Premium Loyalists,Very High
102,27,Male,Coat,Outerwear,85,North Dakota,XL,White,Spring,4.6,Yes,Express,Yes,Yes,50,Credit Card,Bi-Weekly,26,14,2210,14586.000000000002,26-35,Premium Loyalists,Very High
103,51,Male,Socks,Clothing,67,Oklahoma,L,Violet,Winter,4.8,Yes,Next Day Air,Yes,Yes,35,Credit Card,Quarterly,4,90,268,1503.48,51-70,Big-Ticket Occasionals,Moderate
104,54,Male,Boots,Footwear,89,West Virginia,L,Red,Winter,4.0,Yes,Next Day Air,Yes,Yes,22,Venmo,Bi-Weekly,26,14,2314,10996.128,51-70,Premium Loyalists,Very High
105,55,Male,Sunglasses,Accessories,24,New Hampshire,L,Pink,Spring,4.4,Yes,2-Day Shipping,Yes,Yes,1,PayPal,Monthly,12,30,288,969.408,51-70,Low Engagement,Moderate
106,69,Male,Backpack,Accessories,96,New York,M,Charcoal,Fall,3.6,Yes,Next Day Air,Yes,Yes,4,Bank Transfer,Annually,1,365,96,342.14400000000006,51-70,Big-Ticket Occasionals,Low
107,64,Male,Jacket,Outerwear,35,Minnesota,L,White,Summer,3.7,Yes,Standard,Yes,Yes,31,Credit Card,Monthly,12,30,420,2245.32,51-70,Low Engagement,Moderate
108,28,Male,Sneakers,Footwear,67,Maryland,L,Olive,Winter,3.1,Yes,Next Day Air,Yes,Yes,46,PayPal,Fortnightly,26,14,1742,11037.312000000002,26-35,Premium Loyalists,Very High
109,70,Male,Socks,Clothing,79,Montana,L,Purple,Spring,3.4,Yes,Next Day Air,Yes,Yes,32,Bank Transfer,Bi-Weekly,26,14,2054,11116.248000000001,51-70,Premium Loyalists,Very High
110,58,Male,T-shirt,Clothing,85,Alabama,M,Violet,Spring,2.6,Yes,Next Day Air,Yes,Yes,43,Bank Transfer,Fortnightly,26,14,2210,13564.98,51-70,Premium Loyalists,Very High
111,56,Male,Backpack,Accessories,26,New York,M,Black,Summer,4.0,Yes,Standard,Yes,Yes,26,Venmo,Fortnightly,26,14,676,3390.8160000000003,51-70,Habitual Budget Buyers,High
112,26,Male,Belt,Accessories,75,Massachusetts,L,Purple,Summer,5.0,Yes,Free Shipping,Yes,Yes,9,Credit Card,Annually,1,365,75,292.05,26-35,Big-Ticket Occasionals,Low
113,37,Male,Gloves,Accessories,65,Florida,M,Red,Spring,4.3,Yes,Free Shipping,Yes,Yes,28,PayPal,Bi-Weekly,26,14,1690,8700.12,36-50,Premium Loyalists,Very High
114,44,Male,Hat,Accessories,54,New Jersey,L,Maroon,Winter,3.1,Yes,Next Day Air,Yes,Yes,20,PayPal,Quarterly,4,90,216,997.92,36-50,Low Engagement,Moderate
115,70,Male,Coat,Outerwear,95,Massachusetts,S,Blue,Summer,3.7,Yes,Store Pickup,Yes,Yes,9,Cash,Weekly,52,7,4940,19236.36,51-70,Premium Loyalists,Very High
116,53,Male,Skirt,Clothing,94,Wyoming,M,Gray,Spring,3.8,Yes,Standard,Yes,Yes,48,Debit Card,Every 3 Months,4,90,376,2431.9680000000003,51-70,Big-Ticket Occasionals,Moderate
117,55,Male,Shoes,Footwear,86,Virginia,S,Blue,Spring,3.4,Yes,Free Shipping,Yes,Yes,12,Venmo,Annually,1,365,86,351.91200000000003,51-70,Big-Ticket Occasionals,Low
118,50,Male,Sandals,Footwear,32,South Dakota,L,Yellow,Summer,4.6,Yes,Express,Yes,Yes,29,Cash,Fortnightly,26,14,832,4338.048000000001,36-50,Habitual Budget Buyers,High
119,50,Male,Sweater,Clothing,45,Kentucky,L,Orange,Fall,4.8,Yes,2-Day Shipping,Yes,Yes,27,Cash,Bi-Weekly,26,14,1170,5945.940000000001,36-50,Habitual Budget Buyers,High
120,38,Male,Coat,Outerwear,76,Wyoming,M,Orange,Fall,4.3,Yes,Express,Yes,Yes,44,Cash,Annually,1,365,76,471.504,36-50,Big-Ticket Occasionals,Low
121,64,Male,Hat,Accessories,84,West Virginia,L,Red,Summer,4.0,Yes,Express,Yes,Yes,32,Bank Transfer,Annually,1,365,84,454.60800000000006,51-70,Big-Ticket Occasionals,Low
122,19,Male,Shorts,Clothing,72,Virginia,M,Olive,Winter,4.2,Yes,Standard,Yes,Yes,11,Cash,Fortnightly,26,14,1872,7536.6720000000005,18-25,Premium Loyalists,Very High
123,40,Male,Backpack,Accessories,40,Washington,L,Brown,Spring,4.8,Yes,2-Day Shipping,Yes,Yes,44,Cash,Fortnightly,26,14,1040,6452.16,36-50,Habitual Budget Buyers,High
124,57,Male,Sweater,Clothing,89,Louisiana,L,Brown,Fall,3.1,Yes,Free Shipping,Yes,Yes,46,Cash,Weekly,52,7,4628,29323.008,51-70,Premium Loyalists,Very High
125,44,Male,Sweater,Clothing,86,Nevada,M,Gray,Spring,3.1,Yes,Next Day Air,Yes,Yes,50,PayPal,Annually,1,365,86,567.6,36-50,Big-Ticket Occasionals,Low
126,49,Male,Shorts,Clothing,54,California,M,Indigo,Winter,3.6,Yes,Next Day Air,Yes,Yes,45,Venmo,Every 3 Months,4,90,216,1354.3200000000002,36-50,Low Engagement,Moderate
127,43,Male,Shorts,Clothing,36,Mississippi,L,Pink,Spring,3.9,Yes,Store Pickup,Yes,Yes,48,Cash,Every 3 Months,4,90,144,931.392,36-50,Low Engagement,Moderate
128,24,Male,Sweater,Clothing,89,Mississippi,M,Gray,Winter,4.8,Yes,Next Day Air,Yes,Yes,26,Credit Card,Weekly,52,7,4628,23214.048000000003,18-25,Premium Loyalists,Very High
129,20,Male,Scarf,Accessories,32,California,M,Gold,Spring,4.7,Yes,Standard,Yes,Yes,21,Credit Card,Fortnightly,26,14,832,3898.752,18-25,Habitual Budget Buyers,High
130,24,Male,Dress,Clothing,67,Pennsylvania,XL,Olive,Summer,4.2,Yes,2-Day Shipping,Yes,Yes,49,PayPal,Bi-Weekly,26,14,1742,11382.228000000001,18-25,Premium Loyalists,Very High
131,44,Male,Scarf,Accessories,39,Kentucky,L,Violet,Fall,3.7,Yes,Next Day Air,Yes,Yes,13,PayPal,Fortnightly,26,14,1014,4216.212,36-50,Habitual Budget Buyers,High
132,28,Male,Skirt,Clothing,29,Maine,L,Indigo,Summer,3.9,Yes,Standard,Yes,Yes,46,Credit Card,Weekly,52,7,1508,9554.688,26-35,Habitual Budget Buyers,Very High
133,30,Male,Backpack,Accessories,58,New Mexico,M,Orange,Fall,4.7,Yes,2-Day Shipping,Yes,Yes,42,PayPal,Weekly,52,7,3016,18313.152000000002,26-35,Habitual Budget Buyers,Very High
134,52,Male,Sweater,Clothing,65,Montana,M,Violet,Winter,2.5,Yes,Next Day Air,Yes,Yes,25,Venmo,Annually,1,365,65,321.75,51-70,Big-Ticket Occasionals,Low
135,43,Male,Hat,Accessories,94,Texas,L,Gray,Fall,4.9,Yes,Store Pickup,Yes,Yes,25,Cash,Monthly,12,30,1128,5583.6,36-50,Big-Ticket Occasionals,High
136,43,Male,Sandals,Footwear,81,Kansas,M,Purple,Fall,4.1,Yes,Express,Yes,Yes,12,PayPal,Quarterly,4,90,324,1325.808,36-50,Big-Ticket Occasionals,Moderate
137,39,Male,Blouse,Clothing,86,South Carolina,M,White,Winter,3.3,Yes,Free Shipping,Yes,Yes,4,Debit Card,Quarterly,4,90,344,1226.0160000000003,36-50,Big-Ticket Occasionals,Moderate
138,68,Male,Sneakers,Footwear,43,Colorado,M,Turquoise,Spring,4.7,Yes,Free Shipping,Yes,Yes,38,PayPal,Weekly,52,7,2236,12986.688,51-70,Habitual Budget Buyers,Very High
139,68,Male,Skirt,Clothing,29,Georgia,M,Maroon,Winter,4.4,Yes,Store Pickup,Yes,Yes,42,Bank Transfer,Weekly,52,7,1508,9156.576000000001,51-70,Habitual Budget Buyers,Very High
140,49,Male,Coat,Outerwear,95,Florida,M,White,Fall,3.8,Yes,Store Pickup,Yes,Yes,30,Venmo,Annually,1,365,95,501.6,36-50,Big-Ticket Occasionals,Low
141,63,Male,Shirt,Clothing,28,North Carolina,L,Yellow,Fall,3.9,Yes,2-Day Shipping,Yes,Yes,50,Credit Card,Weekly,52,7,1456,9609.6,51-70,Habitual Budget Buyers,Very High
142,56,Male,Gloves,Accessories,46,Virginia,M,Turquoise,Fall,4.9,Yes,Free Shipping,Yes,Yes,45,PayPal,Weekly,52,7,2392,14997.84,51-70,Habitual Budget Buyers,Very High
143,37,Male,Jacket,Outerwear,58,Nebraska,L,Violet,Fall,3.1,Yes,Free Shipping,Yes,Yes,33,Credit Card,Fortnightly,26,14,1508,8260.824000000002,36-50,Habitual Budget Buyers,Very High
144,30,Male,Coat,Outerwear,48,Missouri,M,Beige,Fall,2.7,Yes,Store Pickup,Yes,Yes,25,PayPal,Quarterly,4,90,192,950.4000000000001,26-35,Low Engagement,Moderate
145,19,Male,Shoes,Footwear,43,New Jersey,M,Silver,Fall,3.2,Yes,Express,Yes,Yes,25,Cash,Monthly,12,30,516,2554.2000000000003,18-25,Low Engagement,High
146,24,Male,Jewelry,Accessories,95,Missouri,M,Teal,Fall,4.5,Yes,Standard,Yes,Yes,44,Debit Card,Quarterly,4,90,380,2357.52,18-25,Big-Ticket Occasionals,Moderate
147,52,Male,Skirt,Clothing,30,Colorado,S,Black,Fall,4.0,Yes,Standard,Yes,Yes,21,Venmo,Fortnightly,26,14,780,3655.08,51-70,Habitual Budget Buyers,High
148,63,Male,Shoes,Footwear,64,Idaho,M,Purple,Summer,3.5,Yes,2-Day Shipping,Yes,Yes,31,Bank Transfer,Fortnightly,26,14,1664,8895.744000000002,51-70,Premium Loyalists,Very High
149,37,Male,Gloves,Accessories,90,Wyoming,M,Gray,Fall,2.6,Yes,Store Pickup,Yes,Yes,47,Debit Card,Annually,1,365,90,576.18,36-50,Big-Ticket Occasionals,Low
150,38,Male,Pants,Clothing,76,Delaware,M,White,Summer,3.2,Yes,Free Shipping,Yes,Yes,14,PayPal,Monthly,12,30,912,3852.288,36-50,Big-Ticket Occasionals,High
151,35,Male,Boots,Footwear,96,California,L,Cyan,Fall,4.9,Yes,Standard,Yes,Yes,17,Debit Card,Every 3 Months,4,90,384,1698.0480000000002,26-35,Big-Ticket Occasionals,Moderate
152,28,Male,Sunglasses,Accessories,47,North Dakota,L,Turquoise,Fall,4.5,Yes,Next Day Air,Yes,Yes,3,Venmo,Annually,1,365,47,164.40600000000003,26-35,Low Engagement,Low
153,30,Male,Shirt,Clothing,85,South Carolina,S,Brown,Summer,4.3,Yes,Express,Yes,Yes,42,Venmo,Annually,1,365,85,516.12,26-35,Big-Ticket Occasionals,Low
154,69,Male,Hoodie,Clothing,55,North Carolina,M,Maroon,Winter,3.2,Yes,Standard,Yes,Yes,22,Debit Card,Annually,1,365,55,261.36,51-70,Low Engagement,Low
155,41,Male,Dress,Clothing,98,Oklahoma,M,Charcoal,Fall,3.6,Yes,Next Day Air,Yes,Yes,21,Venmo,Quarterly,4,90,392,1836.912,36-50,Big-Ticket Occasionals,Moderate
156,63,Male,Socks,Clothing,77,Maine,S,Olive,Spring,4.3,Yes,Free Shipping,Yes,Yes,21,Bank Transfer,Quarterly,4,90,308,1443.288,51-70,Big-Ticket Occasionals,Moderate
157,35,Male,Shorts,Clothing,26,Missouri,M,Lavender,Fall,4.0,Yes,Standard,Yes,Yes,40,Debit Card,Annually,1,365,26,154.44000000000003,26-35,Low Engagement,Low
158,36,Male,Hat,Accessories,68,Vermont,S,Yellow,Fall,3.0,Yes,Next Day Air,Yes,Yes,1,Bank Transfer,Fortnightly,26,14,1768,5951.088000000001,36-50,Premium Loyalists,High
159,25,Male,Shirt,Clothing,73,Connecticut,XL,Teal,Fall,4.1,Yes,Standard,Yes,Yes,50,Bank Transfer,Monthly,12,30,876,5781.6,18-25,Big-Ticket Occasionals,High
160,58,Male,Gloves,Accessories,27,New Hampshire,M,Charcoal,Fall,3.8,Yes,Store Pickup,Yes,Yes,39,Bank Transfer,Every 3 Months,4,90,108,634.392,51-70,Low Engagement,Low
161,27,Male,Gloves,Accessories,23,Texas,M,Orange,Summer,4.6,Yes,Free Shipping,Yes,Yes,34,Venmo,Monthly,12,30,276,1530.1440000000002,26-35,Low Engagement,Moderate
162,65,Male,Backpack,Accessories,49,North Dakota,M,Olive,Fall,3.0,Yes,Express,Yes,Yes,29,Venmo,Fortnightly,26,14,1274,6642.636,51-70,Habitual Budget Buyers,High
163,54,Male,Sunglasses,Accessories,74,California,M,Turquoise,Summer,3.0,Yes,Store Pickup,Yes,Yes,31,PayPal,Bi-Weekly,26,14,1924,10285.704000000002,51-70,Premium Loyalists,Very High
164,54,Male,Skirt,Clothing,67,Virginia,M,Purple,Summer,3.4,Yes,Standard,Yes,Yes,8,Debit Card,Weekly,52,7,3484,13336.752,51-70,Premium Loyalists,Very High
165,59,Male,Handbag,Accessories,65,Delaware,S,Purple,Spring,2.6,Yes,Free Shipping,Yes,Yes,5,Credit Card,Fortnightly,26,14,1690,6134.700000000001,51-70,Premium Loyalists,High
166,42,Male,Handbag,Accessories,60,Kentucky,S,Yellow,Winter,2.8,Yes,Store Pickup,Yes,Yes,7,Cash,Monthly,12,30,720,2708.6400000000003,36-50,Low Engagement,High
167,46,Male,Sneakers,Footwear,31,Delaware,XL,Indigo,Fall,4.0,Yes,Store Pickup,Yes,Yes,30,Cash,Monthly,12,30,372,1964.1600000000003,36-50,Low Engagement,Moderate
168,33,Male,Gloves,Accessories,27,Arkansas,M,Green,Fall,4.0,Yes,Express,Yes,Yes,14,Credit Card,Every 3 Months,4,90,108,456.19200000000006,26-35,Low Engagement,Low
169,34,Male,Shoes,Footwear,80,Louisiana,M,Magenta,Summer,3.0,Yes,Express,Yes,Yes,5,Cash,Fortnightly,26,14,2080,7550.4000000000015,26-35,Premium Loyalists,Very High
170,27,Male,Jacket,Outerwear,30,Nevada,S,Gold,Summer,3.3,Yes,Standard,Yes,Yes,3,PayPal,Every 3 Months,4,90,120,419.76000000000005,26-35,Low Engagement,Low
171,52,Male,Shirt,Clothing,25,Wyoming,M,Maroon,Fall,2.6,Yes,Store Pickup,Yes,Yes,46,Venmo,Bi-Weekly,26,14,650,4118.400000000001,51-70,Habitual Budget Buyers,High
172,29,Male,Shorts,Clothing,35,Virginia,M,Blue,Summer,3.6,Yes,Store Pickup,Yes,Yes,4,Credit Card,Weekly,52,7,1820,6486.4800000000005,26-35,Habitual Budget Buyers,High
173,54,Male,Jewelry,Accessories,67,Nebraska,M,Violet,Summer,3.9,Yes,Next Day Air,Yes,Yes,42,Credit Card,Bi-Weekly,26,14,1742,10577.424,51-70,Premium Loyalists,Very High
174,25,Male,Hat,Accessories,46,Hawaii,M,Turquoise,Fall,3.4,Yes,Standard,Yes,Yes,30,Cash,Annually,1,365,46,242.88000000000002,18-25,Low Engagement,Low
175,41,Male,Shoes,Footwear,35,Vermont,L,Brown,Winter,3.5,Yes,Express,Yes,Yes,37,Venmo,Annually,1,365,35,200.97,36-50,Low Engagement,Low
176,53,Male,Coat,Outerwear,86,Oklahoma,L,Violet,Fall,2.8,Yes,Next Day Air,Yes,Yes,2,Bank Transfer,Annually,1,365,86,295.15200000000004,51-70,Big-Ticket Occasionals,Low
177,53,Male,Backpack,Accessories,81,New Hampshire,L,Black,Spring,2.7,Yes,Next Day Air,Yes,Yes,30,Credit Card,Quarterly,4,90,324,1710.7200000000003,51-70,Big-Ticket Occasionals,Moderate
178,21,Male,Hoodie,Clothing,42,Kansas,L,Magenta,Fall,3.7,Yes,Next Day Air,Yes,Yes,47,Bank Transfer,Monthly,12,30,504,3226.608,18-25,Low Engagement,High
179,61,Male,Skirt,Clothing,43,Idaho,L,Lavender,Fall,4.3,Yes,2-Day Shipping,Yes,Yes,21,PayPal,Quarterly,4,90,172,805.992,51-70,Low Engagement,Low
180,64,Male,Boots,Footwear,31,Illinois,M,Violet,Fall,4.9,Yes,Store Pickup,Yes,Yes,9,Bank Transfer,Fortnightly,26,14,806,3138.564,51-70,Habitual Budget Buyers,High
181,51,Male,Sandals,Footwear,81,South Dakota,L,Green,Fall,3.3,Yes,Store Pickup,Yes,Yes,12,Debit Card,Fortnightly,26,14,2106,8617.752,51-70,Premium Loyalists,Very High
182,32,Male,Pants,Clothing,61,Massachusetts,M,Beige,Summer,4.7,Yes,Next Day Air,Yes,Yes,4,Bank Transfer,Weekly,52,7,3172,11305.008000000002,26-35,Premium Loyalists,Very High
183,38,Male,Gloves,Accessories,96,Alabama,XL,Purple,Summer,2.8,Yes,Store Pickup,Yes,Yes,10,Debit Card,Annually,1,365,96,380.15999999999997,36-50,Big-Ticket Occasionals,Low
184,58,Male,Skirt,Clothing,29,Ohio,XL,Beige,Spring,3.6,Yes,2-Day Shipping,Yes,Yes,26,Credit Card,Weekly,52,7,1508,7564.1280000000015,51-70,Habitual Budget Buyers,Very High
185,32,Male,Sneakers,Footwear,33,Hawaii,L,Cyan,Spring,3.0,Yes,Express,Yes,Yes,40,Cash,Fortnightly,26,14,858,5096.52,26-35,Habitual Budget Buyers,High
186,46,Male,T-shirt,Clothing,32,Wisconsin,XL,Silver,Summer,4.5,Yes,Store Pickup,Yes,Yes,34,Bank Transfer,Fortnightly,26,14,832,4612.608000000001,36-50,Habitual Budget Buyers,High
187,39,Male,Backpack,Accessories,56,Minnesota,S,Lavender,Summer,2.9,Yes,Standard,Yes,Yes,31,Debit Card,Annually,1,365,56,299.37600000000003,36-50,Low Engagement,Low
188,19,Male,Shoes,Footwear,94,Georgia,S,Purple,Spring,3.3,Yes,Store Pickup,Yes,Yes,1,Bank Transfer,Bi-Weekly,26,14,2444,8226.504,18-25,Premium Loyalists,Very High
189,50,Male,Hoodie,Clothing,53,Arkansas,M,Pink,Spring,3.1,Yes,Express,Yes,Yes,5,Bank Transfer,Bi-Weekly,26,14,1378,5002.140000000001,36-50,Habitual Budget Buyers,High
190,36,Male,Blouse,Clothing,82,West Virginia,M,Maroon,Fall,4.4,Yes,Next Day Air,Yes,Yes,4,Credit Card,Weekly,52,7,4264,15196.896000000002,36-50,Premium Loyalists,Very High
191,65,Male,Coat,Outerwear,70,Indiana,XL,Beige,Fall,3.0,Yes,Free Shipping,Yes,Yes,48,Venmo,Quarterly,4,90,280,1811.04,51-70,Big-Ticket Occasionals,Moderate
192,64,Male,Hat,Accessories,76,Utah,M,Gray,Fall,3.9,Yes,Free Shipping,Yes,Yes,29,Cash,Every 3 Months,4,90,304,1585.0560000000003,51-70,Big-Ticket Occasionals,Moderate
193,46,Male,Shoes,Footwear,29,Nebraska,L,Turquoise,Summer,2.9,Yes,Express,Yes,Yes,12,PayPal,Bi-Weekly,26,14,754,3085.3680000000004,36-50,Habitual Budget Buyers,High
194,36,Male,Belt,Accessories,100,North Dakota,S,Silver,Fall,3.0,Yes,Standard,Yes,Yes,29,Venmo,Annually,1,365,100,521.4000000000001,36-50,Big-Ticket Occasionals,Low
195,51,Male,Backpack,Accessories,94,Missouri,M,Olive,Spring,3.1,Yes,Express,Yes,Yes,15,Debit Card,Quarterly,4,90,376,1613.0400000000002,51-70,Big-Ticket Occasionals,Moderate
196,51,Male,Jacket,Outerwear,25,New York,M,Magenta,Fall,4.3,Yes,Free Shipping,Yes,Yes,34,Credit Card,Monthly,12,30,300,1663.2000000000003,51-70,Low Engagement,Moderate
197,38,Male,Boots,Footwear,88,Washington,M,Lavender,Summer,3.9,Yes,Next Day Air,Yes,Yes,41,Credit Card,Fortnightly,26,14,2288,13741.728000000001,36-50,Premium Loyalists,Very High
198,59,Male,Scarf,Accessories,78,South Carolina,M,Black,Fall,3.2,Yes,2-Day Shipping,Yes,Yes,41,Credit Card,Monthly,12,30,936,5621.616,51-70,Big-Ticket Occasionals,High
199,57,Male,Jewelry,Accessories,45,Utah,M,Turquoise,Winter,4.8,Yes,Standard,Yes,Yes,39,Credit Card,Fortnightly,26,14,1170,6872.580000000001,51-70,Habitual Budget Buyers,High
200,54,Male,Hat,Accessories,73,Idaho,XL,Green,Summer,3.8,Yes,Express,Yes,Yes,32,Cash,Weekly,52,7,3796,20543.952,51-70,Premium Loyalists,Very High
201,25,Male,Dress,Clothing,61,Pennsylvania,S,Teal,Summer,3.3,Yes,Next Day Air,Yes,Yes,29,Venmo,Monthly,12,30,732,3816.6480000000006,18-25,Big-Ticket Occasionals,High
202,69,Male,Blouse,Clothing,22,Missouri,S,Beige,Fall,4.3,Yes,Free Shipping,Yes,Yes,15,Bank Transfer,Annually,1,365,22,94.38000000000001,51-70,Low Engagement,Low
203,57,Male,Hat,Accessories,38,Nebraska,L,Magenta,Spring,2.7,Yes,Express,Yes,Yes,33,Venmo,Annually,1,365,38,208.16400000000002,51-70,Low Engagement,Low
204,70,Male,Scarf,Accessories,38,Indiana,S,Yellow,Fall,3.2,Yes,Next Day Air,Yes,Yes,18,Bank Transfer,Weekly,52,7,1976,8868.288,51-70,Habitual Budget Buyers,Very High
205,24,Male,Sneakers,Footwear,100,Arizona,M,Yellow,Fall,4.0,Yes,Store Pickup,Yes,Yes,35,Cash,Bi-Weekly,26,14,2600,14586.000000000002,18-25,Premium Loyalists,Very High
206,67,Male,Shirt,Clothing,64,Hawaii,M,Silver,Winter,3.0,Yes,Standard,Yes,Yes,25,PayPal,Weekly,52,7,3328,16473.600000000002,51-70,Premium Loyalists,Very High
207,24,Male,T-shirt,Clothing,55,Wisconsin,L,Silver,Summer,4.2,Yes,Free Shipping,Yes,Yes,6,Venmo,Fortnightly,26,14,1430,5285.280000000001,18-25,Habitual Budget Buyers,High
208,62,Male,Gloves,Accessories,91,Rhode Island,M,Silver,Summer,2.9,Yes,Express,Yes,Yes,17,Bank Transfer,Bi-Weekly,26,14,2366,10462.452000000001,51-70,Premium Loyalists,Very High
209,57,Male,Skirt,Clothing,38,Wisconsin,M,Gold,Spring,4.1,Yes,Store Pickup,Yes,Yes,17,Credit Card,Monthly,12,30,456,2016.4320000000002,51-70,Low Engagement,Moderate
210,55,Male,Sandals,Footwear,97,Minnesota,S,Olive,Winter,3.2,Yes,Store Pickup,Yes,Yes,44,Cash,Every 3 Months,4,90,388,2407.152,51-70,Big-Ticket Occasionals,Moderate
211,45,Male,Jacket,Outerwear,22,Vermont,L,Teal,Fall,3.0,Yes,2-Day Shipping,Yes,Yes,6,PayPal,Fortnightly,26,14,572,2114.112,36-50,Habitual Budget Buyers,Moderate
212,69,Male,Skirt,Clothing,92,South Dakota,L,Maroon,Fall,4.2,Yes,2-Day Shipping,Yes,Yes,45,Debit Card,Fortnightly,26,14,2392,14997.84,51-70,Premium Loyalists,Very High
213,67,Male,Handbag,Accessories,84,Virginia,L,Blue,Fall,4.2,Yes,Express,Yes,Yes,7,Debit Card,Annually,1,365,84,316.00800000000004,51-70,Big-Ticket Occasionals,Low
214,30,Male,Handbag,Accessories,93,Nevada,L,Peach,Fall,4.4,Yes,Store Pickup,Yes,Yes,11,Debit Card,Every 3 Months,4,90,372,1497.672,26-35,Big-Ticket Occasionals,Moderate
215,24,Male,Jacket,Outerwear,50,Hawaii,L,Blue,Summer,4.2,Yes,Next Day Air,Yes,Yes,41,Cash,Every 3 Months,4,90,200,1201.2,18-25,Low Engagement,Moderate
216,62,Male,Scarf,Accessories,64,New Jersey,S,Orange,Spring,2.8,Yes,2-Day Shipping,Yes,Yes,24,PayPal,Bi-Weekly,26,14,1664,8126.976000000001,51-70,Premium Loyalists,Very High
217,43,Male,Shorts,Clothing,61,Massachusetts,L,Yellow,Spring,3.7,Yes,Free Shipping,Yes,Yes,21,Venmo,Weekly,52,7,3172,14863.992,36-50,Premium Loyalists,Very High
218,35,Male,Sunglasses,Accessories,48,Oklahoma,M,Purple,Winter,3.5,Yes,Next Day Air,Yes,Yes,24,Bank Transfer,Annually,1,365,48,234.43200000000002,26-35,Low Engagement,Low
219,28,Male,T-shirt,Clothing,45,California,S,Magenta,Spring,2.9,Yes,Store Pickup,Yes,Yes,8,Credit Card,Quarterly,4,90,180,689.0400000000001,26-35,Low Engagement,Low
220,32,Male,Belt,Accessories,88,Nevada,M,Cyan,Spring,3.0,Yes,Free Shipping,Yes,Yes,12,Cash,Fortnightly,26,14,2288,9362.496000000001,26-35,Premium Loyalists,Very High
221,39,Male,Sneakers,Footwear,57,Arizona,S,Indigo,Spring,3.7,Yes,Express,Yes,Yes,48,Debit Card,Fortnightly,26,14,1482,9585.576000000001,36-50,Habitual Budget Buyers,Very High
222,28,Male,Hat,Accessories,68,North Carolina,XL,Magenta,Summer,4.4,Yes,Store Pickup,Yes,Yes,6,Bank Transfer,Quarterly,4,90,272,1005.3120000000001,26-35,Big-Ticket Occasionals,Moderate
223,47,Male,Gloves,Accessories,94,New York,XL,Gray,Spring,4.5,Yes,2-Day Shipping,Yes,Yes,14,PayPal,Fortnightly,26,14,2444,10323.456000000002,36-50,Premium Loyalists,Very High
224,20,Male,Pants,Clothing,41,Wyoming,M,Turquoise,Spring,4.8,Yes,Free Shipping,Yes,Yes,34,PayPal,Annually,1,365,41,227.30400000000003,18-25,Low Engagement,Low
225,63,Male,Socks,Clothing,83,South Dakota,S,Beige,Summer,2.9,Yes,Free Shipping,Yes,Yes,12,Cash,Every 3 Months,4,90,332,1358.544,51-70,Big-Ticket Occasionals,Moderate
226,25,Male,Jacket,Outerwear,22,Arkansas,M,Olive,Spring,3.2,Yes,Next Day Air,Yes,Yes,11,Bank Transfer,Annually,1,365,22,88.572,18-25,Low Engagement,Low
227,29,Male,Shoes,Footwear,74,Texas,L,Violet,Spring,3.3,Yes,Free Shipping,Yes,Yes,5,PayPal,Monthly,12,30,888,3223.4400000000005,26-35,Big-Ticket Occasionals,High
228,50,Male,Jeans,Clothing,90,Rhode Island,M,Turquoise,Winter,4.2,Yes,Standard,Yes,Yes,25,Venmo,Fortnightly,26,14,2340,11583.000000000002,36-50,Premium Loyalists,Very High
229,18,Male,Socks,Clothing,79,New Hampshire,M,White,Spring,2.9,Yes,Store Pickup,Yes,Yes,11,Credit Card,Annually,1,365,79,318.05400000000003,18-25,Big-Ticket Occasionals,Low
230,70,Male,Sandals,Footwear,28,Ohio,S,Silver,Spring,4.6,Yes,Next Day Air,Yes,Yes,27,PayPal,Every 3 Months,4,90,112,569.1840000000001,51-70,Low Engagement,Low
231,66,Male,Scarf,Accessories,88,Utah,L,Olive,Fall,4.1,Yes,Standard,Yes,Yes,43,Credit Card,Annually,1,365,88,540.144,51-70,Big-Ticket Occasionals,Low
232,28,Male,Blouse,Clothing,26,Tennessee,M,Blue,Spring,3.1,Yes,2-Day Shipping,Yes,Yes,18,Debit Card,Every 3 Months,4,90,104,466.75199999999995,26-35,Low Engagement,Low
233,54,Male,Jewelry,Accessories,27,Hawaii,L,Purple,Winter,4.2,Yes,Express,Yes,Yes,32,Bank Transfer,Bi-Weekly,26,14,702,3799.2240000000006,51-70,Habitual Budget Buyers,High
234,19,Male,Sweater,Clothing,83,Arizona,XL,Yellow,Fall,4.5,Yes,Next Day Air,Yes,Yes,27,Bank Transfer,Every 3 Months,4,90,332,1687.2240000000004,18-25,Big-Ticket Occasionals,Moderate
235,20,Male,Gloves,Accessories,39,South Dakota,S,Silver,Summer,3.7,Yes,Next Day Air,Yes,Yes,24,Credit Card,Weekly,52,7,2028,9904.752,18-25,Habitual Budget Buyers,Very High
236,43,Male,Sunglasses,Accessories,89,New Jersey,M,Cyan,Winter,3.7,Yes,Free Shipping,Yes,Yes,31,Debit Card,Quarterly,4,90,356,1903.1760000000002,36-50,Big-Ticket Occasionals,Moderate
237,38,Male,Coat,Outerwear,68,North Dakota,L,Green,Winter,3.4,Yes,Next Day Air,Yes,Yes,39,PayPal,Fortnightly,26,14,1768,10385.232000000002,36-50,Premium Loyalists,Very High
238,50,Male,Dress,Clothing,90,Iowa,M,Beige,Summer,3.0,Yes,Store Pickup,Yes,Yes,36,Debit Card,Fortnightly,26,14,2340,13281.84,36-50,Premium Loyalists,Very High
239,64,Male,Skirt,Clothing,34,Ohio,M,Peach,Fall,4.2,Yes,Free Shipping,Yes,Yes,5,Cash,Annually,1,365,34,123.42000000000002,51-70,Low Engagement,Low
240,49,Male,Pants,Clothing,51,Vermont,L,Yellow,Summer,2.9,Yes,Express,Yes,Yes,47,Credit Card,Bi-Weekly,26,14,1326,8489.052,36-50,Habitual Budget Buyers,Very High
241,47,Male,Sweater,Clothing,45,Montana,XL,Turquoise,Winter,3.5,Yes,Free Shipping,Yes,Yes,29,Bank Transfer,Fortnightly,26,14,1170,6100.380000000001,36-50,Habitual Budget Buyers,High
242,36,Male,Hoodie,Clothing,88,Delaware,M,Peach,Winter,4.1,Yes,Free Shipping,Yes,Yes,43,Venmo,Bi-Weekly,26,14,2288,14043.744,36-50,Premium Loyalists,Very High
243,55,Male,Coat,Outerwear,85,New York,L,Gray,Summer,4.3,Yes,Store Pickup,Yes,Yes,40,Debit Card,Every 3 Months,4,90,340,2019.6000000000001,51-70,Big-Ticket Occasionals,Moderate
244,25,Male,Jewelry,Accessories,100,Kentucky,M,Olive,Winter,2.8,Yes,2-Day Shipping,Yes,Yes,4,Debit Card,Monthly,12,30,1200,4276.800000000001,18-25,Big-Ticket Occasionals,High
245,53,Male,Belt,Accessories,42,Oregon,S,Indigo,Spring,4.9,Yes,2-Day Shipping,Yes,Yes,39,PayPal,Weekly,52,7,2184,12828.816,51-70,Habitual Budget Buyers,Very High
246,49,Male,Sandals,Footwear,53,Rhode Island,L,Charcoal,Summer,3.3,Yes,Next Day Air,Yes,Yes,45,Venmo,Fortnightly,26,14,1378,8640.06,36-50,Habitual Budget Buyers,Very High
247,35,Male,Sunglasses,Accessories,86,Nevada,XL,Beige,Spring,3.2,Yes,Express,Yes,Yes,20,Venmo,Bi-Weekly,26,14,2236,10330.32,26-35,Premium Loyalists,Very High
248,29,Male,Sweater,Clothing,66,Montana,XL,Brown,Spring,4.4,Yes,Standard,Yes,Yes,14,Debit Card,Weekly,52,7,3432,14496.768000000002,26-35,Premium Loyalists,Very High
249,47,Male,Belt,Accessories,100,Pennsylvania,M,Blue,Winter,4.8,Yes,Express,Yes,Yes,33,PayPal,Weekly,52,7,5200,28485.600000000006,36-50,Premium Loyalists,Very High
250,53,Male,Handbag,Accessories,47,Alaska,S,Teal,Fall,4.2,Yes,Standard,Yes,Yes,18,Credit Card,Annually,1,365,47,210.936,51-70,Low Engagement,Low
251,33,Male,Skirt,Clothing,25,Mississippi,L,Black,Fall,4.0,Yes,Express,Yes,Yes,9,Bank Transfer,Weekly,52,7,1300,5062.200000000001,26-35,Habitual Budget Buyers,High
252,21,Male,Handbag,Accessories,51,Wyoming,XL,Gold,Winter,2.5,Yes,Standard,Yes,Yes,34,PayPal,Annually,1,365,51,282.744,18-25,Low Engagement,Low
253,32,Male,Shorts,Clothing,41,Delaware,M,Violet,Summer,3.9,Yes,Free Shipping,Yes,Yes,33,Venmo,Fortnightly,26,14,1066,5839.548000000001,26-35,Habitual Budget Buyers,High
254,52,Male,Boots,Footwear,73,Oklahoma,L,Cyan,Winter,4.9,Yes,2-Day Shipping,Yes,Yes,15,Bank Transfer,Bi-Weekly,26,14,1898,8142.42,51-70,Premium Loyalists,Very High
255,67,Male,Sunglasses,Accessories,42,Indiana,M,White,Winter,3.5,Yes,Store Pickup,Yes,Yes,4,PayPal,Bi-Weekly,26,14,1092,3891.888000000001,51-70,Habitual Budget Buyers,High
256,43,Male,Scarf,Accessories,20,Maryland,M,Charcoal,Spring,4.2,Yes,Free Shipping,Yes,Yes,25,Debit Card,Annually,1,365,20,99.00000000000001,36-50,Low Engagement,Low
257,58,Male,Jewelry,Accessories,30,South Dakota,XL,Violet,Spring,4.7,Yes,Express,Yes,Yes,20,Credit Card,Every 3 Months,4,90,120,554.4,51-70,Low Engagement,Low
258,20,Male,Handbag,Accessories,53,West Virginia,M,Red,Summer,4.5,Yes,Express,Yes,Yes,5,Credit Card,Quarterly,4,90,212,769.5600000000001,18-25,Low Engagement,Low
259,61,Male,Gloves,Accessories,74,Alabama,S,Lavender,Spring,2.8,Yes,Express,Yes,Yes,16,Cash,Quarterly,4,90,296,1289.3760000000002,51-70,Big-Ticket Occasionals,Moderate
260,32,Male,Jeans,Clothing,57,Louisiana,M,Gold,Fall,2.9,Yes,Standard,Yes,Yes,13,Debit Card,Annually,1,365,57,237.00600000000003,26-35,Low Engagement,Low
261,38,Male,Hat,Accessories,57,Montana,S,Red,Winter,3.2,Yes,2-Day Shipping,Yes,Yes,11,Credit Card,Every 3 Months,4,90,228,917.9280000000001,36-50,Low Engagement,Moderate
262,21,Male,Jeans,Clothing,77,California,L,Magenta,Winter,4.9,Yes,Standard,Yes,Yes,21,Credit Card,Annually,1,365,77,360.822,18-25,Big-Ticket Occasionals,Low
263,37,Male,Pants,Clothing,40,Hawaii,M,Teal,Summer,3.7,Yes,Next Day Air,Yes,Yes,6,Debit Card,Annually,1,365,40,147.84000000000003,36-50,Low Engagement,Low
264,27,Male,Shorts,Clothing,46,Iowa,M,Purple,Summer,4.3,Yes,Store Pickup,Yes,Yes,29,Venmo,Monthly,12,30,552,2878.128,26-35,Low Engagement,High
265,36,Male,Pants,Clothing,78,Colorado,S,Charcoal,Fall,3.9,Yes,Store Pickup,Yes,Yes,15,Cash,Annually,1,365,78,334.62,36-50,Big-Ticket Occasionals,Low
266,32,Male,Backpack,Accessories,59,Michigan,M,Gray,Spring,3.2,Yes,2-Day Shipping,Yes,Yes,17,Bank Transfer,Bi-Weekly,26,14,1534,6783.348000000001,26-35,Habitual Budget Buyers,High
267,51,Male,Jewelry,Accessories,75,Louisiana,L,White,Summer,3.1,Yes,Express,Yes,Yes,32,Credit Card,Weekly,52,7,3900,21106.800000000003,51-70,Premium Loyalists,Very High
268,64,Male,Sweater,Clothing,54,Maryland,M,Olive,Spring,3.9,Yes,2-Day Shipping,Yes,Yes,42,Venmo,Annually,1,365,54,327.88800000000003,51-70,Low Engagement,Low
269,68,Male,Shoes,Footwear,42,Georgia,M,Charcoal,Spring,2.6,Yes,Store Pickup,Yes,Yes,21,Cash,Monthly,12,30,504,2361.744,51-70,Low Engagement,Moderate
270,68,Male,Blouse,Clothing,44,Georgia,M,Charcoal,Winter,3.3,Yes,Next Day Air,Yes,Yes,9,Cash,Bi-Weekly,26,14,1144,4454.736,51-70,Habitual Budget Buyers,High
271,33,Male,Jeans,Clothing,52,North Dakota,XL,Orange,Fall,4.6,Yes,Free Shipping,Yes,Yes,16,Bank Transfer,Annually,1,365,52,226.51200000000003,26-35,Low Engagement,Low
272,65,Male,Sunglasses,Accessories,69,Maryland,XL,Yellow,Summer,4.6,Yes,Express,Yes,Yes,42,Credit Card,Fortnightly,26,14,1794,10893.168,51-70,Premium Loyalists,Very High
273,48,Male,Jewelry,Accessories,26,Oregon,M,Beige,Summer,4.4,Yes,2-Day Shipping,Yes,Yes,37,Debit Card,Bi-Weekly,26,14,676,3881.592,36-50,Habitual Budget Buyers,High
274,69,Male,Coat,Outerwear,33,North Dakota,S,Silver,Spring,4.2,Yes,Express,Yes,Yes,32,Debit Card,Quarterly,4,90,132,714.3840000000001,51-70,Low Engagement,Low
275,59,Male,Jewelry,Accessories,32,Maryland,M,Indigo,Spring,3.0,Yes,Express,Yes,Yes,28,Cash,Bi-Weekly,26,14,832,4283.136,51-70,Habitual Budget Buyers,High
276,48,Male,Backpack,Accessories,85,Virginia,XL,Lavender,Winter,4.0,Yes,Express,Yes,Yes,13,Credit Card,Weekly,52,7,4420,18378.36,36-50,Premium Loyalists,Very High
277,25,Male,Skirt,Clothing,30,South Dakota,XL,Turquoise,Fall,3.5,Yes,Express,Yes,Yes,11,Bank Transfer,Fortnightly,26,14,780,3140.2799999999997,18-25,Habitual Budget Buyers,High
278,29,Male,Shirt,Clothing,29,Georgia,M,Green,Winter,3.0,Yes,Store Pickup,Yes,Yes,36,Bank Transfer,Bi-Weekly,26,14,754,4279.704000000001,26-35,Habitual Budget Buyers,High
279,57,Male,Sweater,Clothing,95,Hawaii,M,Orange,Spring,3.7,Yes,Express,Yes,Yes,23,Debit Card,Annually,1,365,95,457.71,51-70,Big-Ticket Occasionals,Low
280,23,Male,Sneakers,Footwear,69,Arkansas,L,Turquoise,Summer,4.0,Yes,Standard,Yes,Yes,37,Bank Transfer,Monthly,12,30,828,4754.376,18-25,Big-Ticket Occasionals,High
281,45,Male,Sandals,Footwear,69,Montana,S,Cyan,Fall,4.2,Yes,2-Day Shipping,Yes,Yes,21,Cash,Bi-Weekly,26,14,1794,8406.684000000001,36-50,Premium Loyalists,Very High
282,38,Male,Belt,Accessories,61,Oklahoma,XL,Charcoal,Spring,2.5,Yes,Standard,Yes,Yes,22,Debit Card,Bi-Weekly,26,14,1586,7536.6720000000005,36-50,Premium Loyalists,Very High
283,21,Male,Skirt,Clothing,94,Minnesota,M,Teal,Summer,3.0,Yes,2-Day Shipping,Yes,Yes,9,Cash,Monthly,12,30,1128,4392.432,18-25,Big-Ticket Occasionals,High
284,32,Male,Sweater,Clothing,30,Montana,S,Maroon,Fall,3.2,Yes,Next Day Air,Yes,Yes,16,Venmo,Annually,1,365,30,130.68000000000004,26-35,Low Engagement,Low
285,63,Male,Skirt,Clothing,45,Ohio,M,Red,Summer,3.5,Yes,Standard,Yes,Yes,4,PayPal,Quarterly,4,90,180,641.5200000000001,51-70,Low Engagement,Low
286,29,Male,Handbag,Accessories,39,Kentucky,XL,Yellow,Summer,4.8,Yes,Express,Yes,Yes,3,Debit Card,Bi-Weekly,26,14,1014,3546.972,26-35,Habitual Budget Buyers,High
287,27,Male,Jewelry,Accessories,51,Nebraska,L,Gray,Summer,2.6,Yes,Store Pickup,Yes,Yes,6,Debit Card,Annually,1,365,51,188.49600000000004,26-35,Low Engagement,Low
288,56,Male,Scarf,Accessories,37,Delaware,L,Blue,Spring,3.4,Yes,2-Day Shipping,Yes,Yes,18,Venmo,Fortnightly,26,14,962,4317.456,51-70,Habitual Budget Buyers,High
289,30,Male,T-shirt,Clothing,62,North Carolina,M,Lavender,Winter,3.7,Yes,2-Day Shipping,Yes,Yes,34,Venmo,Bi-Weekly,26,14,1612,8936.928000000002,26-35,Premium Loyalists,Very High
290,49,Male,Coat,Outerwear,85,New York,M,Yellow,Fall,4.5,Yes,2-Day Shipping,Yes,Yes,26,Credit Card,Monthly,12,30,1020,5116.320000000001,36-50,Big-Ticket Occasionals,High
291,58,Male,T-shirt,Clothing,33,Colorado,M,Indigo,Winter,3.7,Yes,Standard,Yes,Yes,50,PayPal,Weekly,52,7,1716,11325.6,51-70,Habitual Budget Buyers,Very High
292,57,Male,Dress,Clothing,26,Delaware,XL,Violet,Fall,3.3,Yes,Next Day Air,Yes,Yes,40,Bank Transfer,Monthly,12,30,312,1853.2800000000002,51-70,Low Engagement,Moderate
293,60,Male,Shoes,Footwear,99,Utah,M,Green,Spring,4.7,Yes,Free Shipping,Yes,Yes,24,Cash,Quarterly,4,90,396,1934.064,51-70,Big-Ticket Occasionals,Moderate
294,69,Male,Handbag,Accessories,39,Connecticut,M,White,Spring,2.7,Yes,Express,Yes,Yes,33,PayPal,Annually,1,365,39,213.64200000000005,51-70,Low Engagement,Low
295,70,Male,Skirt,Clothing,20,New Jersey,M,Gold,Spring,4.6,Yes,Store Pickup,Yes,Yes,19,Credit Card,Every 3 Months,4,90,80,364.32,51-70,Low Engagement,Low
296,53,Male,Sunglasses,Accessories,42,West Virginia,M,Indigo,Winter,2.7,Yes,Store Pickup,Yes,Yes,24,Credit Card,Quarterly,4,90,168,820.5120000000001,51-70,Low Engagement,Low
297,25,Male,Sandals,Footwear,74,Indiana,S,Lavender,Spring,4.8,Yes,2-Day Shipping,Yes,Yes,19,Credit Card,Weekly,52,7,3848,17523.792,18-25,Premium Loyalists,Very High
298,48,Male,Shoes,Footwear,26,Delaware,XL,Purple,Summer,4.4,Yes,Standard,Yes,Yes,4,Credit Card,Bi-Weekly,26,14,676,2409.2640000000006,36-50,Habitual Budget Buyers,Moderate
299,69,Male,T-shirt,Clothing,53,Maryland,M,Lavender,Winter,4.0,Yes,Standard,Yes,Yes,11,Venmo,Every 3 Months,4,90,212,853.5120000000001,51-70,Low Engagement,Low
300,25,Male,Sneakers,Footwear,80,Pennsylvania,M,Maroon,Summer,3.2,Yes,Next Day Air,Yes,Yes,28,PayPal,Fortnightly,26,14,2080,10707.84,18-25,Premium Loyalists,Very High
301,29,Male,Hat,Accessories,98,Iowa,M,Teal,Spring,4.4,Yes,Store Pickup,Yes,Yes,24,PayPal,Weekly,52,7,5096,24888.864,26-35,Premium Loyalists,Very High
302,46,Male,Skirt,Clothing,95,Pennsylvania,M,Green,Spring,3.8,Yes,Standard,Yes,Yes,25,Credit Card,Every 3 Months,4,90,380,1881.0000000000002,36-50,Big-Ticket Occasionals,Moderate
303,37,Male,Sweater,Clothing,44,Delaware,L,Olive,Summer,3.6,Yes,Express,Yes,Yes,27,Bank Transfer,Every 3 Months,4,90,176,894.4320000000001,36-50,Low Engagement,Moderate
304,20,Male,Sandals,Footwear,60,Oregon,M,Turquoise,Summer,3.3,Yes,Next Day Air,Yes,Yes,49,Venmo,Weekly,52,7,3120,20386.08,18-25,Habitual Budget Buyers,Very High
305,40,Male,Dress,Clothing,84,Oregon,M,Green,Winter,3.4,Yes,Next Day Air,Yes,Yes,45,Credit Card,Bi-Weekly,26,14,2184,13693.68,36-50,Premium Loyalists,Very High
306,60,Male,Sweater,Clothing,59,Utah,M,Teal,Fall,3.5,Yes,2-Day Shipping,Yes,Yes,26,PayPal,Annually,1,365,59,295.9440000000001,51-70,Low Engagement,Low
307,26,Male,Jacket,Outerwear,49,North Dakota,S,White,Summer,3.6,Yes,Express,Yes,Yes,4,Cash,Annually,1,365,49,174.63600000000002,26-35,Low Engagement,Low
308,29,Male,Gloves,Accessories,32,Florida,M,Orange,Winter,3.2,Yes,Free Shipping,Yes,Yes,3,Credit Card,Every 3 Months,4,90,128,447.7440000000001,26-35,Low Engagement,Low
309,66,Male,Handbag,Accessories,29,Maryland,M,Beige,Fall,3.7,Yes,Standard,Yes,Yes,45,Venmo,Bi-Weekly,26,14,754,4727.580000000001,51-70,Habitual Budget Buyers,High
310,66,Male,Dress,Clothing,22,Minnesota,M,Yellow,Spring,4.5,Yes,Standard,Yes,Yes,21,Cash,Fortnightly,26,14,572,2680.392,51-70,Habitual Budget Buyers,High
311,56,Male,Pants,Clothing,85,Montana,M,Charcoal,Winter,4.6,Yes,Standard,Yes,Yes,50,Cash,Fortnightly,26,14,2210,14586.000000000002,51-70,Premium Loyalists,Very High
312,69,Male,Jeans,Clothing,52,Rhode Island,L,Silver,Winter,4.1,Yes,Store Pickup,Yes,Yes,19,Bank Transfer,Monthly,12,30,624,2841.696,51-70,Low Engagement,High
313,38,Male,Pants,Clothing,89,Massachusetts,L,Green,Spring,3.4,Yes,Next Day Air,Yes,Yes,6,PayPal,Annually,1,365,89,328.9440000000001,36-50,Big-Ticket Occasionals,Low
314,42,Male,Dress,Clothing,77,Vermont,M,Pink,Spring,3.7,Yes,Express,Yes,Yes,50,Credit Card,Every 3 Months,4,90,308,2032.8000000000002,36-50,Big-Ticket Occasionals,Moderate
315,30,Male,Pants,Clothing,24,New Jersey,M,Purple,Summer,3.3,Yes,Store Pickup,Yes,Yes,17,Debit Card,Every 3 Months,4,90,96,424.51200000000006,26-35,Low Engagement,Low
316,66,Male,Jewelry,Accessories,24,Wisconsin,XL,Orange,Spring,4.5,Yes,Express,Yes,Yes,24,Debit Card,Annually,1,365,24,117.21600000000001,51-70,Low Engagement,Low
317,36,Male,Handbag,Accessories,22,California,M,Charcoal,Fall,3.3,Yes,Free Shipping,Yes,Yes,46,Venmo,Monthly,12,30,264,1672.704,36-50,Low Engagement,Moderate
318,58,Male,Sweater,Clothing,82,West Virginia,L,Teal,Fall,4.3,Yes,Standard,Yes,Yes,42,Cash,Every 3 Months,4,90,328,1991.6160000000002,51-70,Big-Ticket Occasionals,Moderate
319,45,Male,Backpack,Accessories,67,South Dakota,M,Beige,Winter,2.5,Yes,Standard,Yes,Yes,10,Cash,Annually,1,365,67,265.32,36-50,Big-Ticket Occasionals,Low
320,47,Male,Shorts,Clothing,74,Maine,XL,White,Spring,2.6,Yes,Standard,Yes,Yes,1,Cash,Every 3 Months,4,90,296,996.3360000000001,36-50,Big-Ticket Occasionals,Moderate
321,66,Male,Jewelry,Accessories,72,Kansas,L,White,Summer,4.9,Yes,Standard,Yes,Yes,28,Debit Card,Quarterly,4,90,288,1482.6240000000003,51-70,Big-Ticket Occasionals,Moderate
322,41,Male,Sneakers,Footwear,36,Vermont,L,Orange,Summer,4.7,Yes,Free Shipping,Yes,Yes,48,Debit Card,Quarterly,4,90,144,931.392,36-50,Low Engagement,Moderate
323,41,Male,Belt,Accessories,95,Tennessee,S,Cyan,Winter,3.0,Yes,Standard,Yes,Yes,47,Credit Card,Monthly,12,30,1140,7298.280000000001,36-50,Big-Ticket Occasionals,Very High
324,66,Male,Hoodie,Clothing,78,Tennessee,M,Orange,Winter,3.5,Yes,Next Day Air,Yes,Yes,29,PayPal,Bi-Weekly,26,14,2028,10573.992000000002,51-70,Premium Loyalists,Very High
325,37,Male,Shirt,Clothing,82,Wyoming,M,Olive,Summer,4.8,Yes,Standard,Yes,Yes,37,Venmo,Quarterly,4,90,328,1883.3760000000002,36-50,Big-Ticket Occasionals,Moderate
326,70,Male,Pants,Clothing,70,Vermont,M,Charcoal,Winter,4.3,Yes,Free Shipping,Yes,Yes,38,Debit Card,Annually,1,365,70,406.56000000000006,51-70,Big-Ticket Occasionals,Low
327,62,Male,Scarf,Accessories,41,New Jersey,M,White,Fall,3.2,Yes,Store Pickup,Yes,Yes,48,Bank Transfer,Weekly,52,7,2132,13789.776000000002,51-70,Habitual Budget Buyers,Very High
328,61,Male,Coat,Outerwear,42,Iowa,M,Teal,Summer,3.1,Yes,Free Shipping,Yes,Yes,36,PayPal,Weekly,52,7,2184,12396.384000000002,51-70,Habitual Budget Buyers,Very High
329,48,Male,Coat,Outerwear,50,Florida,M,Yellow,Fall,2.8,Yes,Free Shipping,Yes,Yes,9,Credit Card,Weekly,52,7,2600,10124.400000000001,36-50,Habitual Budget Buyers,Very High
330,70,Male,Socks,Clothing,31,Nevada,S,White,Summer,2.9,Yes,2-Day Shipping,Yes,Yes,34,Bank Transfer,Monthly,12,30,372,2062.3680000000004,51-70,Low Engagement,Moderate
331,46,Male,Sweater,Clothing,51,North Dakota,M,Beige,Winter,3.7,Yes,Express,Yes,Yes,43,Venmo,Bi-Weekly,26,14,1326,8138.988,36-50,Habitual Budget Buyers,Very High
332,31,Male,Shirt,Clothing,98,Florida,L,Beige,Fall,3.3,Yes,Store Pickup,Yes,Yes,46,PayPal,Quarterly,4,90,392,2483.7120000000004,26-35,Big-Ticket Occasionals,Moderate
333,19,Male,Shirt,Clothing,86,New York,M,Maroon,Winter,2.8,Yes,2-Day Shipping,Yes,Yes,5,Credit Card,Monthly,12,30,1032,3746.1600000000008,18-25,Big-Ticket Occasionals,High
334,39,Male,Sweater,Clothing,64,Alaska,M,Teal,Winter,4.5,Yes,Standard,Yes,Yes,15,Bank Transfer,Bi-Weekly,26,14,1664,7138.560000000001,36-50,Premium Loyalists,High
335,41,Male,Blouse,Clothing,46,Kansas,M,Lavender,Fall,2.6,Yes,Next Day Air,Yes,Yes,30,Credit Card,Annually,1,365,46,242.88000000000002,36-50,Low Engagement,Low
336,20,Male,Sweater,Clothing,85,Oregon,L,Maroon,Spring,3.7,Yes,Standard,Yes,Yes,44,Venmo,Every 3 Months,4,90,340,2109.36,18-25,Big-Ticket Occasionals,Moderate
337,36,Male,Hat,Accessories,81,Rhode Island,S,Orange,Fall,4.4,Yes,Express,Yes,Yes,16,PayPal,Annually,1,365,81,352.836,36-50,Big-Ticket Occasionals,Low
338,32,Male,Sweater,Clothing,59,New Mexico,M,Cyan,Winter,4.3,Yes,2-Day Shipping,Yes,Yes,16,Bank Transfer,Annually,1,365,59,257.004,26-35,Low Engagement,Low
339,69,Male,Hoodie,Clothing,79,Massachusetts,M,Silver,Winter,3.5,Yes,Express,Yes,Yes,16,Cash,Weekly,52,7,4108,17894.448,51-70,Premium Loyalists,Very High
340,40,Male,Shorts,Clothing,33,Pennsylvania,M,Teal,Spring,3.8,Yes,2-Day Shipping,Yes,Yes,21,Credit Card,Every 3 Months,4,90,132,618.552,36-50,Low Engagement,Low
341,40,Male,Shorts,Clothing,47,New Jersey,L,Blue,Summer,3.5,Yes,Express,Yes,Yes,39,Venmo,Every 3 Months,4,90,188,1104.3120000000001,36-50,Low Engagement,Moderate
342,20,Male,Hat,Accessories,20,Utah,S,Blue,Summer,4.6,Yes,Store Pickup,Yes,Yes,40,Debit Card,Bi-Weekly,26,14,520,3088.8,18-25,Habitual Budget Buyers,High
343,64,Male,Coat,Outerwear,36,Kentucky,M,Olive,Spring,2.6,Yes,Next Day Air,Yes,Yes,48,Credit Card,Every 3 Months,4,90,144,931.392,51-70,Low Engagement,Moderate
344,27,Male,Sandals,Footwear,39,Nebraska,M,Purple,Summer,4.4,Yes,Next Day Air,Yes,Yes,26,Venmo,Monthly,12,30,468,2347.4880000000003,26-35,Low Engagement,Moderate
345,24,Male,Skirt,Clothing,71,Virginia,M,Charcoal,Winter,4.0,Yes,Standard,Yes,Yes,46,Debit Card,Monthly,12,30,852,5398.272,18-25,Big-Ticket Occasionals,High
346,48,Male,Shoes,Footwear,59,Wyoming,S,Olive,Winter,4.4,Yes,Next Day Air,Yes,Yes,27,Bank Transfer,Annually,1,365,59,299.838,36-50,Low Engagement,Low
347,49,Male,Jeans,Clothing,50,New Mexico,L,Violet,Spring,4.7,Yes,Next Day Air,Yes,Yes,5,Cash,Weekly,52,7,2600,9438.0,36-50,Habitual Budget Buyers,Very High
348,36,Male,Sandals,Footwear,41,Oregon,L,Red,Fall,3.9,Yes,Store Pickup,Yes,Yes,43,PayPal,Fortnightly,26,14,1066,6543.108,36-50,Habitual Budget Buyers,High
349,56,Male,Blouse,Clothing,59,South Carolina,M,Beige,Fall,2.7,Yes,Free Shipping,Yes,Yes,17,PayPal,Fortnightly,26,14,1534,6783.348000000001,51-70,Habitual Budget Buyers,High
350,37,Male,Hat,Accessories,87,Arizona,M,Green,Winter,3.7,Yes,2-Day Shipping,Yes,Yes,3,Bank Transfer,Bi-Weekly,26,14,2262,7912.4760000000015,36-50,Premium Loyalists,Very High
351,42,Male,Sweater,Clothing,68,Kentucky,M,Violet,Spring,2.6,Yes,2-Day Shipping,Yes,Yes,47,Bank Transfer,Fortnightly,26,14,1768,11318.736,36-50,Premium Loyalists,Very High
352,28,Male,Skirt,Clothing,90,New York,M,Teal,Winter,3.9,Yes,Standard,Yes,Yes,24,Debit Card,Bi-Weekly,26,14,2340,11428.560000000001,26-35,Premium Loyalists,Very High
353,27,Male,Jeans,Clothing,71,Texas,XL,Yellow,Fall,4.9,Yes,Next Day Air,Yes,Yes,12,Cash,Every 3 Months,4,90,284,1162.1280000000002,26-35,Big-Ticket Occasionals,Moderate
354,63,Male,Sneakers,Footwear,64,Missouri,L,Yellow,Fall,4.1,Yes,Store Pickup,Yes,Yes,35,Debit Card,Monthly,12,30,768,4308.4800000000005,51-70,Big-Ticket Occasionals,High
355,58,Male,Jewelry,Accessories,76,Pennsylvania,S,Olive,Fall,3.0,Yes,Free Shipping,Yes,Yes,42,Venmo,Weekly,52,7,3952,23996.543999999998,51-70,Premium Loyalists,Very High
356,37,Male,Jewelry,Accessories,42,Oregon,XL,Magenta,Fall,4.1,Yes,2-Day Shipping,Yes,Yes,1,PayPal,Every 3 Months,4,90,168,565.488,36-50,Low Engagement,Low
357,56,Male,Pants,Clothing,80,Nevada,L,Black,Spring,3.8,Yes,Standard,Yes,Yes,27,Cash,Weekly,52,7,4160,21141.120000000003,51-70,Premium Loyalists,Very High
358,18,Male,Belt,Accessories,56,Arkansas,M,Olive,Spring,4.0,Yes,Standard,Yes,Yes,16,Credit Card,Bi-Weekly,26,14,1456,6342.336000000001,18-25,Habitual Budget Buyers,High
359,48,Male,Hat,Accessories,25,Minnesota,XL,Magenta,Summer,3.6,Yes,Express,Yes,Yes,36,Credit Card,Every 3 Months,4,90,100,567.6,36-50,Low Engagement,Low
360,31,Male,Sneakers,Footwear,74,Georgia,M,Olive,Winter,3.0,Yes,Store Pickup,Yes,Yes,30,Credit Card,Every 3 Months,4,90,296,1562.8800000000003,26-35,Big-Ticket Occasionals,Moderate
361,51,Male,Pants,Clothing,30,Rhode Island,M,Teal,Summer,3.0,Yes,Standard,Yes,Yes,18,Debit Card,Fortnightly,26,14,780,3500.64,51-70,Habitual Budget Buyers,High
362,65,Male,T-shirt,Clothing,96,Nevada,M,White,Spring,2.6,Yes,Free Shipping,Yes,Yes,45,Cash,Annually,1,365,96,601.92,51-70,Big-Ticket Occasionals,Low
363,53,Male,Sneakers,Footwear,64,Texas,M,Charcoal,Fall,3.4,Yes,Free Shipping,Yes,Yes,1,Venmo,Fortnightly,26,14,1664,5601.024,51-70,Premium Loyalists,High
364,55,Male,Shorts,Clothing,88,Florida,L,Yellow,Winter,3.1,Yes,Free Shipping,Yes,Yes,42,Bank Transfer,Fortnightly,26,14,2288,13892.735999999999,51-70,Premium Loyalists,Very High
365,62,Male,Shoes,Footwear,88,North Dakota,L,Charcoal,Summer,3.0,Yes,Free Shipping,Yes,Yes,7,Venmo,Every 3 Months,4,90,352,1324.2240000000002,51-70,Big-Ticket Occasionals,Moderate
366,55,Male,Gloves,Accessories,88,West Virginia,XL,Gray,Summer,3.7,Yes,Standard,Yes,Yes,50,PayPal,Quarterly,4,90,352,2323.2000000000003,51-70,Big-Ticket Occasionals,Moderate
367,64,Male,Socks,Clothing,36,Nebraska,M,Turquoise,Spring,3.5,Yes,Store Pickup,Yes,Yes,37,Venmo,Fortnightly,26,14,936,5374.512000000001,51-70,Habitual Budget Buyers,High
368,52,Male,Dress,Clothing,40,Tennessee,XL,Cyan,Spring,2.8,Yes,Store Pickup,Yes,Yes,18,Bank Transfer,Monthly,12,30,480,2154.2400000000002,51-70,Low Engagement,Moderate
369,24,Male,Handbag,Accessories,39,Oklahoma,M,Charcoal,Spring,4.5,Yes,Standard,Yes,Yes,29,Cash,Monthly,12,30,468,2440.1520000000005,18-25,Low Engagement,Moderate
370,38,Male,Belt,Accessories,40,Wisconsin,M,Silver,Summer,3.3,Yes,Store Pickup,Yes,Yes,45,PayPal,Quarterly,4,90,160,1003.2,36-50,Low Engagement,Moderate
371,59,Male,Scarf,Accessories,34,Oregon,M,Olive,Winter,3.4,Yes,Express,Yes,Yes,13,PayPal,Weekly,52,7,1768,7351.344000000001,51-70,Habitual Budget Buyers,Very High
372,27,Male,Sneakers,Footwear,83,North Carolina,S,Pink,Winter,3.2,Yes,2-Day Shipping,Yes,Yes,47,PayPal,Monthly,12,30,996,6376.392000000001,26-35,Big-Ticket Occasionals,High
373,24,Male,Sweater,Clothing,85,Pennsylvania,L,Orange,Summer,3.7,Yes,Standard,Yes,Yes,7,Debit Card,Weekly,52,7,4420,16628.040000000005,18-25,Premium Loyalists,Very High
374,23,Male,Coat,Outerwear,27,North Dakota,L,White,Summer,4.6,Yes,Express,Yes,Yes,11,Venmo,Bi-Weekly,26,14,702,2826.2520000000004,18-25,Habitual Budget Buyers,High
375,69,Male,Jewelry,Accessories,78,Ohio,S,Purple,Spring,5.0,Yes,Store Pickup,Yes,Yes,39,Bank Transfer,Monthly,12,30,936,5498.064,51-70,Big-Ticket Occasionals,High
376,59,Male,Sunglasses,Accessories,32,Oklahoma,M,Olive,Summer,4.4,Yes,Standard,Yes,Yes,6,Debit Card,Quarterly,4,90,128,473.0880000000001,51-70,Low Engagement,Low
377,51,Male,Shoes,Footwear,51,South Carolina,S,Gray,Fall,4.9,Yes,Express,Yes,Yes,2,Venmo,Bi-Weekly,26,14,1326,4550.832,51-70,Habitual Budget Buyers,High
378,63,Male,Scarf,Accessories,32,Maine,M,Silver,Spring,4.1,Yes,Standard,Yes,Yes,39,Credit Card,Every 3 Months,4,90,128,751.8720000000001,51-70,Low Engagement,Low
379,54,Male,Dress,Clothing,62,Nevada,L,Orange,Winter,4.9,Yes,Next Day Air,Yes,Yes,23,Credit Card,Monthly,12,30,744,3584.592,51-70,Big-Ticket Occasionals,High
380,32,Male,T-shirt,Clothing,29,Montana,S,Magenta,Fall,4.7,Yes,2-Day Shipping,Yes,Yes,46,Debit Card,Bi-Weekly,26,14,754,4777.344,26-35,Habitual Budget Buyers,High
381,39,Male,Backpack,Accessories,69,New Hampshire,XL,Beige,Fall,3.0,Yes,Store Pickup,Yes,Yes,19,Bank Transfer,Weekly,52,7,3588,16339.752,36-50,Premium Loyalists,Very High
382,66,Male,Jewelry,Accessories,25,Maine,L,Lavender,Winter,3.4,Yes,Store Pickup,Yes,Yes,3,Credit Card,Every 3 Months,4,90,100,349.8,51-70,Low Engagement,Low
383,28,Male,Jeans,Clothing,76,California,M,Peach,Winter,3.2,Yes,Store Pickup,Yes,Yes,47,PayPal,Quarterly,4,90,304,1946.208,26-35,Big-Ticket Occasionals,Moderate
384,50,Male,Sunglasses,Accessories,77,West Virginia,S,Magenta,Fall,2.9,Yes,Standard,Yes,Yes,6,PayPal,Quarterly,4,90,308,1138.3680000000002,36-50,Big-Ticket Occasionals,Moderate
385,70,Male,Sweater,Clothing,33,California,M,Beige,Fall,4.5,Yes,2-Day Shipping,Yes,Yes,6,Venmo,Annually,1,365,33,121.96800000000002,51-70,Low Engagement,Low
386,67,Male,Shorts,Clothing,93,West Virginia,S,Yellow,Fall,2.7,Yes,Next Day Air,Yes,Yes,12,Credit Card,Bi-Weekly,26,14,2418,9894.456,51-70,Premium Loyalists,Very High
387,64,Male,Jewelry,Accessories,39,Louisiana,L,Brown,Spring,3.4,Yes,Express,Yes,Yes,40,PayPal,Quarterly,4,90,156,926.6400000000001,51-70,Low Engagement,Moderate
388,45,Male,Coat,Outerwear,93,Georgia,L,Silver,Summer,4.6,Yes,Store Pickup,Yes,Yes,38,PayPal,Fortnightly,26,14,2418,14043.744000000002,36-50,Premium Loyalists,Very High
389,22,Male,Handbag,Accessories,82,Washington,M,Orange,Summer,2.7,Yes,Store Pickup,Yes,Yes,10,PayPal,Quarterly,4,90,328,1298.88,18-25,Big-Ticket Occasionals,Moderate
390,27,Male,Boots,Footwear,42,Virginia,L,Purple,Spring,4.2,Yes,Standard,Yes,Yes,28,Bank Transfer,Monthly,12,30,504,2594.5920000000006,26-35,Low Engagement,High
391,25,Male,Gloves,Accessories,71,Indiana,M,Indigo,Winter,3.2,Yes,2-Day Shipping,Yes,Yes,19,PayPal,Annually,1,365,71,323.334,18-25,Big-Ticket Occasionals,Low
392,37,Male,Sweater,Clothing,86,Minnesota,L,Gray,Spring,4.8,Yes,Standard,Yes,Yes,25,Cash,Fortnightly,26,14,2236,11068.2,36-50,Premium Loyalists,Very High
393,26,Male,T-shirt,Clothing,82,Idaho,XL,Black,Spring,3.3,Yes,Next Day Air,Yes,Yes,38,Credit Card,Annually,1,365,82,476.25600000000003,26-35,Big-Ticket Occasionals,Low
394,33,Male,Shoes,Footwear,65,Vermont,L,Maroon,Fall,4.2,Yes,Standard,Yes,Yes,6,PayPal,Fortnightly,26,14,1690,6246.240000000001,26-35,Premium Loyalists,High
395,43,Male,Scarf,Accessories,29,North Dakota,M,Beige,Spring,4.8,Yes,Store Pickup,Yes,Yes,7,Debit Card,Bi-Weekly,26,14,754,2836.5480000000007,36-50,Habitual Budget Buyers,High
396,37,Male,Sneakers,Footwear,65,Rhode Island,L,Brown,Winter,4.9,Yes,Store Pickup,Yes,Yes,2,PayPal,Annually,1,365,65,223.08000000000004,36-50,Big-Ticket Occasionals,Low
397,46,Male,Dress,Clothing,88,South Carolina,S,Black,Fall,3.9,Yes,Standard,Yes,Yes,24,Bank Transfer,Annually,1,365,88,429.79200000000003,36-50,Big-Ticket Occasionals,Low
398,22,Male,Belt,Accessories,46,Mississippi,M,Indigo,Fall,3.0,Yes,Free Shipping,Yes,Yes,26,Cash,Annually,1,365,46,230.73600000000002,18-25,Low Engagement,Low
399,20,Male,Boots,Footwear,67,Montana,S,Silver,Winter,4.6,Yes,Free Shipping,Yes,Yes,25,Debit Card,Every 3 Months,4,90,268,1326.6000000000001,18-25,Big-Ticket Occasionals,Moderate
400,60,Male,Scarf,Accessories,35,Idaho,L,Blue,Fall,3.5,Yes,2-Day Shipping,Yes,Yes,10,Debit Card,Monthly,12,30,420,1663.2,51-70,Low Engagement,Moderate
401,39,Male,Boots,Footwear,66,Utah,M,Green,Winter,4.8,Yes,Free Shipping,Yes,Yes,14,PayPal,Fortnightly,26,14,1716,7248.384000000001,36-50,Premium Loyalists,Very High
402,43,Male,T-shirt,Clothing,91,Oklahoma,L,Orange,Fall,4.8,Yes,Standard,Yes,Yes,21,Cash,Quarterly,4,90,364,1705.704,36-50,Big-Ticket Occasionals,Moderate
403,31,Male,Backpack,Accessories,78,California,L,Cyan,Fall,3.0,Yes,Express,Yes,Yes,26,PayPal,Monthly,12,30,936,4694.976000000001,26-35,Big-Ticket Occasionals,High
404,19,Male,Sneakers,Footwear,45,Nevada,M,Orange,Winter,4.5,Yes,Next Day Air,Yes,Yes,12,Bank Transfer,Annually,1,365,45,184.14000000000001,18-25,Low Engagement,Low
405,35,Male,T-shirt,Clothing,93,Delaware,M,Indigo,Spring,4.8,Yes,Store Pickup,Yes,Yes,11,Credit Card,Monthly,12,30,1116,4493.0160000000005,26-35,Big-Ticket Occasionals,High
406,41,Male,Jeans,Clothing,74,South Carolina,S,Silver,Summer,3.8,Yes,Standard,Yes,Yes,15,Cash,Annually,1,365,74,317.46000000000004,36-50,Big-Ticket Occasionals,Low
407,52,Male,Gloves,Accessories,55,Maryland,M,Peach,Spring,4.6,Yes,Express,Yes,Yes,13,Cash,Monthly,12,30,660,2744.28,51-70,Low Engagement,High
408,45,Male,Hoodie,Clothing,76,North Carolina,XL,Teal,Spring,3.1,Yes,Next Day Air,Yes,Yes,5,Credit Card,Bi-Weekly,26,14,1976,7172.880000000001,36-50,Premium Loyalists,High
409,34,Male,Sneakers,Footwear,66,Alabama,L,White,Spring,3.4,Yes,Express,Yes,Yes,36,Cash,Fortnightly,26,14,1716,9740.016,26-35,Premium Loyalists,Very High
410,35,Male,Shorts,Clothing,51,Minnesota,M,Brown,Winter,3.3,Yes,2-Day Shipping,Yes,Yes,32,Bank Transfer,Monthly,12,30,612,3312.1440000000007,26-35,Low Engagement,High
411,29,Male,Sweater,Clothing,26,Virginia,L,Lavender,Spring,4.8,Yes,2-Day Shipping,Yes,Yes,1,Credit Card,Quarterly,4,90,104,350.064,26-35,Low Engagement,Low
412,59,Male,Jeans,Clothing,29,Michigan,M,Indigo,Summer,2.8,Yes,Express,Yes,Yes,15,PayPal,Annually,1,365,29,124.41000000000003,51-70,Low Engagement,Low
413,24,Male,Jacket,Outerwear,74,Maine,M,Yellow,Summer,3.1,Yes,Store Pickup,Yes,Yes,3,Bank Transfer,Weekly,52,7,3848,13460.304000000002,18-25,Premium Loyalists,Very High
414,70,Male,Jewelry,Accessories,99,Nevada,S,White,Summer,4.6,Yes,Free Shipping,Yes,Yes,48,Cash,Monthly,12,30,1188,7683.984,51-70,Big-Ticket Occasionals,Very High
415,29,Male,Backpack,Accessories,88,Wyoming,L,Violet,Winter,2.6,Yes,Store Pickup,Yes,Yes,30,Debit Card,Weekly,52,7,4576,24161.280000000006,26-35,Premium Loyalists,Very High
416,67,Male,Coat,Outerwear,31,Connecticut,M,Lavender,Winter,2.6,Yes,Express,Yes,Yes,40,Bank Transfer,Monthly,12,30,372,2209.6800000000003,51-70,Low Engagement,Moderate
417,36,Male,Belt,Accessories,55,Oregon,L,Olive,Spring,3.8,Yes,Free Shipping,Yes,Yes,24,Bank Transfer,Fortnightly,26,14,1430,6984.120000000001,36-50,Habitual Budget Buyers,High
418,23,Male,Sandals,Footwear,81,Mississippi,L,Beige,Fall,4.5,Yes,Free Shipping,Yes,Yes,48,Debit Card,Quarterly,4,90,324,2095.632,18-25,Big-Ticket Occasionals,Moderate
419,18,Male,Sweater,Clothing,73,Illinois,L,Purple,Spring,3.0,Yes,Standard,Yes,Yes,27,Venmo,Bi-Weekly,26,14,1898,9645.636,18-25,Premium Loyalists,Very High
420,53,Male,Shorts,Clothing,91,Utah,S,Teal,Winter,3.5,Yes,Free Shipping,Yes,Yes,14,Credit Card,Every 3 Months,4,90,364,1537.536,51-70,Big-Ticket Occasionals,Moderate
421,32,Male,Socks,Clothing,54,North Carolina,S,Peach,Spring,3.8,Yes,Free Shipping,Yes,Yes,18,Debit Card,Bi-Weekly,26,14,1404,6301.152,26-35,Habitual Budget Buyers,High
422,38,Male,Shirt,Clothing,40,Kentucky,M,Violet,Winter,3.5,Yes,Standard,Yes,Yes,48,Cash,Bi-Weekly,26,14,1040,6726.72,36-50,Habitual Budget Buyers,High
423,47,Male,Pants,Clothing,59,Minnesota,M,Purple,Fall,3.1,Yes,Store Pickup,Yes,Yes,32,Debit Card,Annually,1,365,59,319.30800000000005,36-50,Low Engagement,Low
424,46,Male,Scarf,Accessories,26,New York,L,Teal,Spring,3.0,Yes,Store Pickup,Yes,Yes,21,Credit Card,Bi-Weekly,26,14,676,3167.736,36-50,Habitual Budget Buyers,High
425,66,Male,Sweater,Clothing,23,Illinois,M,Gold,Winter,4.3,Yes,Standard,Yes,Yes,42,PayPal,Fortnightly,26,14,598,3631.056,51-70,Habitual Budget Buyers,High
426,40,Male,Jeans,Clothing,87,North Dakota,S,Teal,Winter,3.3,Yes,Store Pickup,Yes,Yes,4,Credit Card,Quarterly,4,90,348,1240.2720000000002,36-50,Big-Ticket Occasionals,Moderate
427,43,Male,Pants,Clothing,71,Louisiana,M,Violet,Winter,4.7,Yes,Express,Yes,Yes,19,Credit Card,Quarterly,4,90,284,1293.336,36-50,Big-Ticket Occasionals,Moderate
428,58,Male,Backpack,Accessories,91,Illinois,L,Black,Winter,4.5,Yes,Store Pickup,Yes,Yes,6,Credit Card,Quarterly,4,90,364,1345.3440000000003,51-70,Big-Ticket Occasionals,Moderate
429,21,Male,Coat,Outerwear,64,Wyoming,XL,Gold,Winter,2.9,Yes,Free Shipping,Yes,Yes,2,Debit Card,Fortnightly,26,14,1664,5710.848000000001,18-25,Premium Loyalists,High
430,42,Male,Sandals,Footwear,94,Washington,M,Gold,Winter,4.1,Yes,2-Day Shipping,Yes,Yes,21,Cash,Fortnightly,26,14,2444,11452.583999999999,36-50,Premium Loyalists,Very High
431,24,Male,Shirt,Clothing,40,Texas,M,Brown,Summer,3.5,Yes,Store Pickup,Yes,Yes,40,Debit Card,Annually,1,365,40,237.60000000000002,18-25,Low Engagement,Low
432,43,Male,Hat,Accessories,76,New Hampshire,L,Cyan,Winter,3.4,Yes,Store Pickup,Yes,Yes,33,Cash,Fortnightly,26,14,1976,10824.528000000002,36-50,Premium Loyalists,Very High
433,47,Male,Shirt,Clothing,86,Indiana,S,Indigo,Fall,3.3,Yes,Free Shipping,Yes,Yes,26,Venmo,Weekly,52,7,4472,22431.552,36-50,Premium Loyalists,Very High
434,49,Male,Skirt,Clothing,92,Alabama,M,Orange,Fall,3.2,Yes,Store Pickup,Yes,Yes,23,Credit Card,Fortnightly,26,14,2392,11524.656,36-50,Premium Loyalists,Very High
435,50,Male,Shoes,Footwear,52,Oklahoma,L,Pink,Spring,4.0,Yes,Store Pickup,Yes,Yes,39,PayPal,Every 3 Months,4,90,208,1221.7920000000001,36-50,Low Engagement,Moderate
436,51,Male,Coat,Outerwear,28,Montana,XL,Olive,Winter,3.6,Yes,Next Day Air,Yes,Yes,42,Bank Transfer,Monthly,12,30,336,2040.192,51-70,Low Engagement,Moderate
437,40,Male,Pants,Clothing,46,Tennessee,L,Cyan,Summer,4.6,Yes,Free Shipping,Yes,Yes,41,Bank Transfer,Weekly,52,7,2392,14366.352,36-50,Habitual Budget Buyers,Very High
438,45,Male,Jewelry,Accessories,50,New Mexico,M,Peach,Summer,2.6,Yes,Next Day Air,Yes,Yes,41,PayPal,Annually,1,365,50,300.3,36-50,Low Engagement,Low
439,52,Male,Belt,Accessories,23,Iowa,M,Turquoise,Winter,4.3,Yes,Express,Yes,Yes,12,Credit Card,Fortnightly,26,14,598,2447.016,51-70,Habitual Budget Buyers,Moderate
440,62,Male,Jacket,Outerwear,50,Idaho,M,Turquoise,Summer,3.4,Yes,Free Shipping,Yes,Yes,31,Cash,Monthly,12,30,600,3207.6000000000004,51-70,Low Engagement,High
441,20,Male,Shirt,Clothing,89,Oklahoma,XL,Maroon,Winter,3.5,Yes,Store Pickup,Yes,Yes,34,Debit Card,Fortnightly,26,14,2314,12828.816000000003,18-25,Premium Loyalists,Very High
442,43,Male,Hoodie,Clothing,81,Florida,M,Maroon,Winter,4.2,Yes,Standard,Yes,Yes,32,Credit Card,Annually,1,365,81,438.37200000000007,36-50,Big-Ticket Occasionals,Low
443,29,Male,Sunglasses,Accessories,69,Michigan,M,Olive,Fall,3.5,Yes,Store Pickup,Yes,Yes,31,Credit Card,Quarterly,4,90,276,1475.4960000000003,26-35,Big-Ticket Occasionals,Moderate
444,22,Male,Sunglasses,Accessories,67,Hawaii,M,Magenta,Summer,3.6,Yes,Free Shipping,Yes,Yes,24,PayPal,Annually,1,365,67,327.22800000000007,18-25,Big-Ticket Occasionals,Low
445,48,Male,Dress,Clothing,20,California,M,Red,Summer,4.3,Yes,Store Pickup,Yes,Yes,31,Debit Card,Annually,1,365,20,106.92000000000002,36-50,Low Engagement,Low
446,42,Male,Boots,Footwear,29,Iowa,M,Olive,Fall,4.9,Yes,Standard,Yes,Yes,18,Venmo,Annually,1,365,29,130.15200000000002,36-50,Low Engagement,Low
447,19,Male,Shirt,Clothing,74,West Virginia,M,Silver,Summer,4.1,Yes,Store Pickup,Yes,Yes,15,Venmo,Monthly,12,30,888,3809.5200000000004,18-25,Big-Ticket Occasionals,High
448,60,Male,Shorts,Clothing,82,Washington,S,Turquoise,Spring,3.6,Yes,Standard,Yes,Yes,7,Bank Transfer,Every 3 Months,4,90,328,1233.9360000000004,51-70,Big-Ticket Occasionals,Moderate
449,32,Male,Gloves,Accessories,23,Missouri,M,Yellow,Summer,3.4,Yes,Next Day Air,Yes,Yes,35,Bank Transfer,Fortnightly,26,14,598,3354.7799999999997,26-35,Habitual Budget Buyers,High
450,26,Male,Jewelry,Accessories,45,New York,L,Peach,Summer,2.9,Yes,2-Day Shipping,Yes,Yes,35,Bank Transfer,Monthly,12,30,540,3029.4,26-35,Low Engagement,High
451,25,Male,Boots,Footwear,21,Connecticut,L,Beige,Summer,2.7,Yes,Store Pickup,Yes,Yes,19,Credit Card,Monthly,12,30,252,1147.6080000000002,18-25,Low Engagement,Moderate
452,66,Male,Jewelry,Accessories,31,Virginia,M,Pink,Summer,4.3,Yes,Express,Yes,Yes,26,Credit Card,Fortnightly,26,14,806,4042.8960000000006,51-70,Habitual Budget Buyers,High
453,45,Male,Pants,Clothing,45,Missouri,M,Violet,Summer,3.3,Yes,Express,Yes,Yes,39,PayPal,Fortnightly,26,14,1170,6872.580000000001,36-50,Habitual Budget Buyers,High
454,54,Male,Jewelry,Accessories,56,Nebraska,XL,Peach,Winter,2.8,Yes,Next Day Air,Yes,Yes,22,Credit Card,Weekly,52,7,2912,13837.824,51-70,Habitual Budget Buyers,Very High
455,37,Male,Jacket,Outerwear,97,New Jersey,S,Gold,Summer,3.2,Yes,Next Day Air,Yes,Yes,14,Cash,Bi-Weekly,26,14,2522,10652.928,36-50,Premium Loyalists,Very High
456,54,Male,Blouse,Clothing,100,Utah,XL,Gold,Fall,3.6,Yes,Store Pickup,Yes,Yes,50,Debit Card,Fortnightly,26,14,2600,17160.0,51-70,Premium Loyalists,Very High
457,50,Male,Blouse,Clothing,96,North Carolina,S,Indigo,Fall,4.0,Yes,2-Day Shipping,Yes,Yes,33,Credit Card,Quarterly,4,90,384,2103.552,36-50,Big-Ticket Occasionals,Moderate
458,25,Male,Gloves,Accessories,99,Rhode Island,M,Blue,Spring,4.9,Yes,Next Day Air,Yes,Yes,48,Debit Card,Every 3 Months,4,90,396,2561.3280000000004,18-25,Big-Ticket Occasionals,High
459,47,Male,Shorts,Clothing,91,Arkansas,L,Black,Winter,4.0,Yes,2-Day Shipping,Yes,Yes,48,PayPal,Monthly,12,30,1092,7063.0560000000005,36-50,Big-Ticket Occasionals,High
460,63,Male,Hat,Accessories,30,Maryland,L,Black,Winter,3.8,Yes,Standard,Yes,Yes,27,PayPal,Fortnightly,26,14,780,3963.96,51-70,Habitual Budget Buyers,High
461,64,Male,Shoes,Footwear,65,South Carolina,L,Teal,Summer,3.7,Yes,Store Pickup,Yes,Yes,27,Bank Transfer,Weekly,52,7,3380,17177.160000000003,51-70,Premium Loyalists,Very High
462,18,Male,Boots,Footwear,93,Ohio,M,Yellow,Winter,3.9,Yes,Express,Yes,Yes,20,Venmo,Weekly,52,7,4836,22342.32,18-25,Premium Loyalists,Very High
463,59,Male,Jacket,Outerwear,81,Illinois,M,White,Fall,3.3,Yes,Express,Yes,Yes,48,Venmo,Every 3 Months,4,90,324,2095.632,51-70,Big-Ticket Occasionals,Moderate
464,37,Male,Jewelry,Accessories,81,Georgia,S,Orange,Summer,2.7,Yes,Standard,Yes,Yes,29,Venmo,Weekly,52,7,4212,21961.368000000002,36-50,Premium Loyalists,Very High
465,23,Male,Sunglasses,Accessories,52,Alabama,M,Silver,Winter,4.7,Yes,Next Day Air,Yes,Yes,45,PayPal,Monthly,12,30,624,3912.48,18-25,Low Engagement,High
466,54,Male,Skirt,Clothing,88,Oklahoma,M,Pink,Summer,2.8,Yes,Next Day Air,Yes,Yes,25,Cash,Quarterly,4,90,352,1742.4,51-70,Big-Ticket Occasionals,Moderate
467,38,Male,Jeans,Clothing,24,Vermont,L,Turquoise,Winter,4.6,Yes,Free Shipping,Yes,Yes,25,PayPal,Weekly,52,7,1248,6177.6,36-50,Habitual Budget Buyers,High
468,19,Male,Backpack,Accessories,51,Nebraska,S,Orange,Spring,4.5,Yes,2-Day Shipping,Yes,Yes,37,Debit Card,Every 3 Months,4,90,204,1171.368,18-25,Low Engagement,Moderate
469,34,Male,Backpack,Accessories,38,Georgia,S,Peach,Fall,5.0,Yes,Free Shipping,Yes,Yes,16,Cash,Quarterly,4,90,152,662.1120000000001,26-35,Low Engagement,Low
470,21,Male,Shorts,Clothing,46,Alabama,L,Pink,Fall,4.1,Yes,2-Day Shipping,Yes,Yes,30,Debit Card,Bi-Weekly,26,14,1196,6314.880000000001,18-25,Habitual Budget Buyers,High
471,50,Male,Dress,Clothing,63,Minnesota,L,Teal,Summer,4.6,Yes,Express,Yes,Yes,6,Cash,Every 3 Months,4,90,252,931.392,36-50,Big-Ticket Occasionals,Moderate
472,55,Male,Scarf,Accessories,72,Missouri,XL,White,Winter,4.9,Yes,2-Day Shipping,Yes,Yes,36,Bank Transfer,Quarterly,4,90,288,1634.688,51-70,Big-Ticket Occasionals,Moderate
473,20,Male,Jeans,Clothing,39,Georgia,L,Gray,Winter,3.9,Yes,Free Shipping,Yes,Yes,3,Bank Transfer,Quarterly,4,90,156,545.6880000000001,18-25,Low Engagement,Low
474,34,Male,Coat,Outerwear,42,West Virginia,L,Olive,Spring,3.9,Yes,Store Pickup,Yes,Yes,29,PayPal,Every 3 Months,4,90,168,875.9520000000001,26-35,Low Engagement,Moderate
475,62,Male,Sweater,Clothing,76,Arkansas,XL,Maroon,Summer,2.6,Yes,2-Day Shipping,Yes,Yes,15,Cash,Quarterly,4,90,304,1304.1600000000003,51-70,Big-Ticket Occasionals,Moderate
476,21,Male,Sneakers,Footwear,66,Ohio,L,Magenta,Summer,2.7,Yes,Free Shipping,Yes,Yes,18,Debit Card,Annually,1,365,66,296.20799999999997,18-25,Big-Ticket Occasionals,Low
477,21,Male,Scarf,Accessories,90,Connecticut,M,Magenta,Spring,3.5,Yes,Free Shipping,Yes,Yes,2,Debit Card,Fortnightly,26,14,2340,8030.880000000001,18-25,Premium Loyalists,Very High
478,42,Male,Sweater,Clothing,56,North Dakota,M,Green,Summer,3.7,Yes,Free Shipping,Yes,Yes,49,Debit Card,Weekly,52,7,2912,19027.008,36-50,Habitual Budget Buyers,Very High
479,35,Male,Jewelry,Accessories,43,Kansas,XL,Turquoise,Winter,3.2,Yes,Free Shipping,Yes,Yes,48,Venmo,Annually,1,365,43,278.124,26-35,Low Engagement,Low
480,39,Male,Handbag,Accessories,84,Iowa,L,Yellow,Winter,3.3,Yes,Store Pickup,Yes,Yes,43,Venmo,Monthly,12,30,1008,6187.104,36-50,Big-Ticket Occasionals,High
481,68,Male,Hoodie,Clothing,88,Vermont,M,Gray,Summer,4.8,Yes,Standard,Yes,Yes,30,Debit Card,Bi-Weekly,26,14,2288,12080.640000000003,51-70,Premium Loyalists,Very High
482,46,Male,Hat,Accessories,88,Wisconsin,L,Peach,Fall,3.2,Yes,2-Day Shipping,Yes,Yes,10,PayPal,Fortnightly,26,14,2288,9060.48,36-50,Premium Loyalists,Very High
483,41,Male,Belt,Accessories,42,Connecticut,M,Yellow,Winter,2.5,Yes,2-Day Shipping,Yes,Yes,11,Venmo,Annually,1,365,42,169.092,36-50,Low Engagement,Low
484,23,Male,Hoodie,Clothing,73,Oklahoma,M,White,Fall,3.9,Yes,Store Pickup,Yes,Yes,12,Debit Card,Weekly,52,7,3796,15533.232000000002,18-25,Premium Loyalists,Very High
485,68,Male,Hat,Accessories,73,Missouri,L,Lavender,Summer,4.7,Yes,Free Shipping,Yes,Yes,28,Bank Transfer,Quarterly,4,90,292,1503.2160000000001,51-70,Big-Ticket Occasionals,Moderate
486,48,Male,Shoes,Footwear,44,Tennessee,S,Blue,Spring,2.6,Yes,Next Day Air,Yes,Yes,36,Debit Card,Fortnightly,26,14,1144,6493.344,36-50,Habitual Budget Buyers,High
487,38,Male,Sandals,Footwear,63,New Mexico,M,Charcoal,Fall,2.8,Yes,Store Pickup,Yes,Yes,37,Venmo,Every 3 Months,4,90,252,1446.9840000000002,36-50,Big-Ticket Occasionals,Moderate
488,41,Male,Jacket,Outerwear,68,Iowa,L,Red,Winter,4.4,Yes,Store Pickup,Yes,Yes,22,Credit Card,Quarterly,4,90,272,1292.544,36-50,Big-Ticket Occasionals,Moderate
489,58,Male,Sweater,Clothing,29,Maine,L,Olive,Spring,4.6,Yes,Standard,Yes,Yes,32,Venmo,Weekly,52,7,1508,8161.296000000001,51-70,Habitual Budget Buyers,Very High
490,49,Male,Socks,Clothing,85,South Dakota,M,Green,Summer,3.2,Yes,Standard,Yes,Yes,40,PayPal,Annually,1,365,85,504.90000000000003,36-50,Big-Ticket Occasionals,Low
491,57,Male,Sneakers,Footwear,42,Colorado,M,Silver,Winter,4.2,Yes,2-Day Shipping,Yes,Yes,47,Cash,Monthly,12,30,504,3226.608,51-70,Low Engagement,High
492,49,Male,Coat,Outerwear,69,Vermont,M,Silver,Summer,3.7,Yes,2-Day Shipping,Yes,Yes,24,Credit Card,Bi-Weekly,26,14,1794,8761.896,36-50,Premium Loyalists,Very High
493,50,Male,Shirt,Clothing,62,Michigan,M,Black,Fall,3.9,Yes,Standard,Yes,Yes,11,Debit Card,Weekly,52,7,3224,12979.824,36-50,Premium Loyalists,Very High
494,28,Male,Backpack,Accessories,48,Nevada,XL,Red,Summer,4.7,Yes,Store Pickup,Yes,Yes,19,Cash,Bi-Weekly,26,14,1248,5683.392,26-35,Habitual Budget Buyers,High
495,38,Male,Boots,Footwear,68,Indiana,M,Indigo,Winter,4.5,Yes,Express,Yes,Yes,42,Debit Card,Weekly,52,7,3536,21470.592,36-50,Premium Loyalists,Very High
496,33,Male,Handbag,Accessories,36,Michigan,XL,Cyan,Fall,3.3,Yes,Free Shipping,Yes,Yes,6,Debit Card,Fortnightly,26,14,936,3459.456000000001,26-35,Habitual Budget Buyers,High
497,30,Male,Dress,Clothing,63,California,S,Maroon,Fall,3.3,Yes,Express,Yes,Yes,31,Venmo,Fortnightly,26,14,1638,8756.748000000001,26-35,Premium Loyalists,Very High
498,43,Male,Sneakers,Footwear,39,Oklahoma,S,Silver,Winter,4.6,Yes,Free Shipping,Yes,Yes,31,Cash,Weekly,52,7,2028,10841.688,36-50,Habitual Budget Buyers,Very High
499,43,Male,Boots,Footwear,78,Iowa,M,Lavender,Spring,3.6,Yes,Free Shipping,Yes,Yes,27,Bank Transfer,Monthly,12,30,936,4756.752,36-50,Big-Ticket Occasionals,High
500,36,Male,Shoes,Footwear,99,Rhode Island,L,Silver,Winter,4.8,Yes,Express,Yes,Yes,24,PayPal,Monthly,12,30,1188,5802.192000000001,36-50,Big-Ticket Occasionals,High
501,36,Male,T-shirt,Clothing,31,Washington,L,Purple,Fall,4.8,Yes,Next Day Air,Yes,Yes,35,Venmo,Every 3 Months,4,90,124,695.64,36-50,Low Engagement,Low
502,64,Male,Boots,Footwear,45,Florida,M,Cyan,Spring,2.9,Yes,Next Day Air,Yes,Yes,21,Venmo,Annually,1,365,45,210.87,51-70,Low Engagement,Low
503,59,Male,Pants,Clothing,30,South Carolina,S,Cyan,Fall,2.8,Yes,Express,Yes,Yes,8,PayPal,Fortnightly,26,14,780,2985.8399999999997,51-70,Habitual Budget Buyers,High
504,55,Male,Shoes,Footwear,24,West Virginia,M,Lavender,Summer,3.2,Yes,Next Day Air,Yes,Yes,26,Bank Transfer,Quarterly,4,90,96,481.536,51-70,Low Engagement,Low
505,42,Male,Shoes,Footwear,22,Missouri,M,Maroon,Winter,3.9,Yes,Free Shipping,Yes,Yes,26,PayPal,Annually,1,365,22,110.35200000000002,36-50,Low Engagement,Low
506,61,Male,T-shirt,Clothing,63,Maine,L,Gray,Spring,4.3,Yes,Express,Yes,Yes,9,Cash,Bi-Weekly,26,14,1638,6378.372,51-70,Premium Loyalists,High
507,28,Male,Scarf,Accessories,40,Georgia,M,Olive,Fall,2.7,Yes,2-Day Shipping,Yes,Yes,48,Debit Card,Annually,1,365,40,258.72,26-35,Low Engagement,Low
508,65,Male,Shorts,Clothing,20,Maine,M,Magenta,Spring,5.0,Yes,Store Pickup,Yes,Yes,33,Debit Card,Fortnightly,26,14,520,2848.560000000001,51-70,Habitual Budget Buyers,High
509,27,Male,Jewelry,Accessories,20,Illinois,S,Yellow,Winter,3.7,Yes,Store Pickup,Yes,Yes,31,PayPal,Quarterly,4,90,80,427.68000000000006,26-35,Low Engagement,Low
510,41,Male,T-shirt,Clothing,80,Delaware,L,Cyan,Summer,3.9,Yes,Free Shipping,Yes,Yes,17,Debit Card,Weekly,52,7,4160,18395.520000000004,36-50,Premium Loyalists,Very High
511,21,Male,Shirt,Clothing,87,West Virginia,M,Teal,Fall,3.9,Yes,2-Day Shipping,Yes,Yes,22,Venmo,Annually,1,365,87,413.424,18-25,Big-Ticket Occasionals,Low
512,61,Male,Shirt,Clothing,46,Hawaii,L,Yellow,Fall,3.1,Yes,Free Shipping,Yes,Yes,8,PayPal,Annually,1,365,46,176.088,51-70,Low Engagement,Low
513,19,Male,Gloves,Accessories,49,New York,L,Peach,Winter,3.3,Yes,Next Day Air,Yes,Yes,2,Bank Transfer,Monthly,12,30,588,2018.0160000000003,18-25,Low Engagement,Moderate
514,22,Male,Scarf,Accessories,65,New Mexico,M,Peach,Fall,3.6,Yes,Store Pickup,Yes,Yes,45,Venmo,Annually,1,365,65,407.55,18-25,Big-Ticket Occasionals,Low
515,64,Male,Skirt,Clothing,62,Indiana,S,Olive,Winter,4.3,Yes,Standard,Yes,Yes,47,PayPal,Quarterly,4,90,248,1587.696,51-70,Big-Ticket Occasionals,Moderate
516,28,Male,Hat,Accessories,67,Kentucky,L,Charcoal,Spring,4.5,Yes,Next Day Air,Yes,Yes,7,Cash,Monthly,12,30,804,3024.6480000000006,26-35,Big-Ticket Occasionals,High
517,34,Male,Hoodie,Clothing,41,West Virginia,L,Indigo,Fall,2.8,Yes,2-Day Shipping,Yes,Yes,19,Debit Card,Bi-Weekly,26,14,1066,4854.564,26-35,Habitual Budget Buyers,High
518,61,Male,Boots,Footwear,49,North Dakota,L,Silver,Fall,2.7,Yes,Free Shipping,Yes,Yes,44,Cash,Every 3 Months,4,90,196,1215.984,51-70,Low Engagement,Moderate
519,24,Male,Blouse,Clothing,100,Oregon,M,Beige,Fall,2.9,Yes,Next Day Air,Yes,Yes,16,Venmo,Every 3 Months,4,90,400,1742.4,18-25,Big-Ticket Occasionals,Moderate
520,19,Male,Belt,Accessories,54,Minnesota,L,Blue,Summer,4.4,Yes,2-Day Shipping,Yes,Yes,17,Bank Transfer,Quarterly,4,90,216,955.1520000000002,18-25,Low Engagement,Moderate
521,51,Male,Sunglasses,Accessories,84,South Carolina,M,White,Spring,3.9,Yes,Free Shipping,Yes,Yes,20,Debit Card,Quarterly,4,90,336,1552.32,51-70,Big-Ticket Occasionals,Moderate
522,36,Male,Shorts,Clothing,41,Vermont,L,Gold,Winter,3.5,Yes,Standard,Yes,Yes,50,Bank Transfer,Annually,1,365,41,270.6,36-50,Low Engagement,Low
523,65,Male,Gloves,Accessories,88,Minnesota,M,Blue,Spring,2.5,Yes,Store Pickup,Yes,Yes,37,Cash,Quarterly,4,90,352,2021.1840000000002,51-70,Big-Ticket Occasionals,Moderate
524,46,Male,Sandals,Footwear,40,Delaware,M,Orange,Spring,4.9,Yes,Express,Yes,Yes,5,PayPal,Quarterly,4,90,160,580.8000000000001,36-50,Low Engagement,Low
525,59,Male,Shirt,Clothing,39,Pennsylvania,M,Gold,Summer,4.8,Yes,Free Shipping,Yes,Yes,44,PayPal,Annually,1,365,39,241.956,51-70,Low Engagement,Low
526,51,Male,Coat,Outerwear,37,Iowa,M,Cyan,Spring,3.2,Yes,Next Day Air,Yes,Yes,41,Debit Card,Monthly,12,30,444,2666.6639999999998,51-70,Low Engagement,High
527,51,Male,Pants,Clothing,52,New Jersey,S,Red,Winter,4.9,Yes,Standard,Yes,Yes,19,Cash,Monthly,12,30,624,2841.696,51-70,Low Engagement,High
528,21,Male,T-shirt,Clothing,23,South Carolina,L,Yellow,Winter,4.3,Yes,Next Day Air,Yes,Yes,47,Bank Transfer,Every 3 Months,4,90,92,588.984,18-25,Low Engagement,Low
529,34,Male,Sneakers,Footwear,88,Maryland,S,Beige,Winter,3.2,Yes,Express,Yes,Yes,40,Cash,Annually,1,365,88,522.72,26-35,Big-Ticket Occasionals,Low
530,32,Male,Shorts,Clothing,84,California,M,Orange,Fall,3.7,Yes,Standard,Yes,Yes,6,Credit Card,Monthly,12,30,1008,3725.568,26-35,Big-Ticket Occasionals,High
531,48,Male,Coat,Outerwear,37,Montana,XL,Magenta,Winter,3.2,Yes,Store Pickup,Yes,Yes,25,Credit Card,Bi-Weekly,26,14,962,4761.900000000001,36-50,Habitual Budget Buyers,High
532,50,Male,Sandals,Footwear,51,Vermont,L,Purple,Fall,3.4,Yes,Next Day Air,Yes,Yes,42,Cash,Weekly,52,7,2652,16102.944,36-50,Habitual Budget Buyers,Very High
533,26,Male,Pants,Clothing,76,Texas,L,Black,Winter,4.1,Yes,Express,Yes,Yes,35,Bank Transfer,Every 3 Months,4,90,304,1705.44,26-35,Big-Ticket Occasionals,Moderate
534,57,Male,Sandals,Footwear,60,North Carolina,L,Pink,Spring,4.5,Yes,Next Day Air,Yes,Yes,17,Debit Card,Weekly,52,7,3120,13796.640000000003,51-70,Habitual Budget Buyers,Very High
535,65,Male,Gloves,Accessories,72,Florida,L,Pink,Fall,4.5,Yes,Next Day Air,Yes,Yes,4,PayPal,Quarterly,4,90,288,1026.4320000000002,51-70,Big-Ticket Occasionals,Moderate
536,56,Male,T-shirt,Clothing,45,West Virginia,L,Maroon,Spring,3.2,Yes,Free Shipping,Yes,Yes,24,Bank Transfer,Weekly,52,7,2340,11428.560000000001,51-70,Habitual Budget Buyers,Very High
537,44,Male,Jacket,Outerwear,84,Illinois,S,Maroon,Fall,4.4,Yes,Store Pickup,Yes,Yes,16,Debit Card,Every 3 Months,4,90,336,1463.6160000000002,36-50,Big-Ticket Occasionals,Moderate
538,50,Male,Blouse,Clothing,49,Virginia,S,Turquoise,Summer,3.0,Yes,Store Pickup,Yes,Yes,14,Debit Card,Annually,1,365,49,206.976,36-50,Low Engagement,Low
539,27,Male,Socks,Clothing,22,Virginia,XL,Green,Spring,3.2,Yes,Free Shipping,Yes,Yes,43,Cash,Weekly,52,7,1144,7021.872,26-35,Habitual Budget Buyers,High
540,49,Male,Coat,Outerwear,48,Wyoming,M,Violet,Winter,4.0,Yes,Store Pickup,Yes,Yes,49,Debit Card,Weekly,52,7,2496,16308.864000000001,36-50,Habitual Budget Buyers,Very High
541,49,Male,Dress,Clothing,37,South Carolina,M,Lavender,Spring,3.1,Yes,Next Day Air,Yes,Yes,33,Cash,Every 3 Months,4,90,148,810.7440000000001,36-50,Low Engagement,Low
542,52,Male,Jacket,Outerwear,27,Connecticut,L,Gray,Fall,2.8,Yes,Next Day Air,Yes,Yes,45,Cash,Bi-Weekly,26,14,702,4401.54,51-70,Habitual Budget Buyers,High
543,27,Male,Boots,Footwear,79,Illinois,XL,Teal,Spring,4.6,Yes,Next Day Air,Yes,Yes,35,Cash,Bi-Weekly,26,14,2054,11522.94,26-35,Premium Loyalists,Very High
544,53,Male,Skirt,Clothing,98,Alabama,S,Red,Spring,4.3,Yes,Express,Yes,Yes,11,Credit Card,Monthly,12,30,1176,4734.576,51-70,Big-Ticket Occasionals,High
545,34,Male,Sandals,Footwear,64,Washington,S,Yellow,Summer,3.3,Yes,Standard,Yes,Yes,30,Bank Transfer,Every 3 Months,4,90,256,1351.6800000000003,26-35,Big-Ticket Occasionals,Moderate
546,33,Male,Coat,Outerwear,32,Alabama,L,Magenta,Summer,3.5,Yes,2-Day Shipping,Yes,Yes,48,Debit Card,Annually,1,365,32,206.976,26-35,Low Engagement,Low
547,62,Male,Hoodie,Clothing,74,New Mexico,M,Brown,Winter,3.4,Yes,Free Shipping,Yes,Yes,45,Venmo,Bi-Weekly,26,14,1924,12063.48,51-70,Premium Loyalists,Very High
548,38,Male,Jacket,Outerwear,50,Nevada,M,Blue,Winter,2.8,Yes,Free Shipping,Yes,Yes,26,Venmo,Weekly,52,7,2600,13041.6,36-50,Habitual Budget Buyers,Very High
549,36,Male,Backpack,Accessories,64,Nebraska,M,Black,Winter,4.6,Yes,Store Pickup,Yes,Yes,41,Debit Card,Every 3 Months,4,90,256,1537.5359999999998,36-50,Big-Ticket Occasionals,Moderate
550,31,Male,Backpack,Accessories,29,Arizona,S,Olive,Fall,3.6,Yes,Express,Yes,Yes,37,Venmo,Bi-Weekly,26,14,754,4329.468000000001,26-35,Habitual Budget Buyers,High
551,62,Male,Belt,Accessories,62,Georgia,M,Olive,Summer,3.3,Yes,Store Pickup,Yes,Yes,12,PayPal,Weekly,52,7,3224,13192.608000000002,51-70,Premium Loyalists,Very High
552,29,Male,Coat,Outerwear,78,Idaho,XL,Green,Fall,3.1,Yes,2-Day Shipping,Yes,Yes,27,Cash,Bi-Weekly,26,14,2028,10306.296000000002,26-35,Premium Loyalists,Very High
553,24,Male,T-shirt,Clothing,94,Missouri,M,Peach,Fall,3.5,Yes,Express,Yes,Yes,18,Bank Transfer,Weekly,52,7,4888,21937.343999999997,18-25,Premium Loyalists,Very High
554,63,Male,Sunglasses,Accessories,59,Florida,M,White,Winter,3.2,Yes,Express,Yes,Yes,15,Credit Card,Quarterly,4,90,236,1012.44,51-70,Low Engagement,Moderate
555,56,Male,Sneakers,Footwear,47,Minnesota,M,Red,Summer,3.0,Yes,Express,Yes,Yes,34,Bank Transfer,Weekly,52,7,2444,13549.536000000004,51-70,Habitual Budget Buyers,Very High
556,63,Male,Gloves,Accessories,57,Maine,M,White,Fall,4.8,Yes,Express,Yes,Yes,37,Venmo,Annually,1,365,57,327.29400000000004,51-70,Low Engagement,Low
557,40,Male,Coat,Outerwear,90,Montana,L,Indigo,Winter,5.0,Yes,Store Pickup,Yes,Yes,21,Cash,Fortnightly,26,14,2340,10965.24,36-50,Premium Loyalists,Very High
558,18,Male,Shirt,Clothing,60,Alaska,M,White,Spring,2.9,Yes,Free Shipping,Yes,Yes,31,Debit Card,Weekly,52,7,3120,16679.52,18-25,Habitual Budget Buyers,Very High
559,50,Male,Sneakers,Footwear,77,Iowa,L,Teal,Fall,3.2,Yes,Express,Yes,Yes,43,Debit Card,Every 3 Months,4,90,308,1890.504,36-50,Big-Ticket Occasionals,Moderate
560,66,Male,Scarf,Accessories,41,Arizona,M,Indigo,Fall,2.9,Yes,Store Pickup,Yes,Yes,22,Bank Transfer,Monthly,12,30,492,2337.9840000000004,51-70,Low Engagement,Moderate
561,25,Male,Jewelry,Accessories,48,Louisiana,L,Red,Fall,3.3,Yes,Free Shipping,Yes,Yes,12,Debit Card,Annually,1,365,48,196.41600000000003,18-25,Low Engagement,Low
562,65,Male,Jacket,Outerwear,65,Alabama,M,Blue,Fall,2.6,Yes,Next Day Air,Yes,Yes,25,PayPal,Fortnightly,26,14,1690,8365.5,51-70,Premium Loyalists,Very High
563,53,Male,Jeans,Clothing,62,Missouri,M,Blue,Summer,3.5,Yes,Standard,Yes,Yes,40,Debit Card,Annually,1,365,62,368.28000000000003,51-70,Big-Ticket Occasionals,Low
564,61,Male,Shoes,Footwear,99,Idaho,M,Black,Fall,4.4,Yes,Standard,Yes,Yes,16,Debit Card,Quarterly,4,90,396,1724.9760000000003,51-70,Big-Ticket Occasionals,Moderate
565,67,Male,Hoodie,Clothing,58,Florida,M,Olive,Winter,3.4,Yes,Next Day Air,Yes,Yes,30,Bank Transfer,Weekly,52,7,3016,15924.480000000003,51-70,Habitual Budget Buyers,Very High
566,59,Male,Backpack,Accessories,43,Idaho,L,Lavender,Fall,4.2,Yes,Store Pickup,Yes,Yes,10,Venmo,Weekly,52,7,2236,8854.56,51-70,Habitual Budget Buyers,Very High
567,55,Male,Sneakers,Footwear,93,Alabama,M,Indigo,Spring,3.6,Yes,Store Pickup,Yes,Yes,1,Debit Card,Fortnightly,26,14,2418,8138.988,51-70,Premium Loyalists,Very High
568,21,Male,Blouse,Clothing,50,New Hampshire,S,Red,Winter,3.0,Yes,Next Day Air,Yes,Yes,24,Venmo,Fortnightly,26,14,1300,6349.200000000001,18-25,Habitual Budget Buyers,High
569,44,Male,Pants,Clothing,88,Utah,L,Red,Summer,4.0,Yes,Free Shipping,Yes,Yes,36,PayPal,Monthly,12,30,1056,5993.856000000001,36-50,Big-Ticket Occasionals,High
570,65,Male,Skirt,Clothing,33,Alabama,M,Pink,Fall,4.4,Yes,Express,Yes,Yes,46,Credit Card,Every 3 Months,4,90,132,836.352,51-70,Low Engagement,Low
571,65,Male,T-shirt,Clothing,99,Iowa,XL,Purple,Fall,4.1,Yes,Standard,Yes,Yes,20,Cash,Annually,1,365,99,457.38,51-70,Big-Ticket Occasionals,Low
572,54,Male,Jacket,Outerwear,76,Kentucky,XL,Cyan,Spring,3.6,Yes,Free Shipping,Yes,Yes,37,Venmo,Weekly,52,7,3952,22692.384000000002,51-70,Premium Loyalists,Very High
573,56,Male,Scarf,Accessories,97,South Carolina,XL,Cyan,Summer,4.6,Yes,Next Day Air,Yes,Yes,26,Bank Transfer,Annually,1,365,97,486.552,51-70,Big-Ticket Occasionals,Low
574,58,Male,Pants,Clothing,68,California,M,Charcoal,Summer,3.2,Yes,2-Day Shipping,Yes,Yes,23,Credit Card,Bi-Weekly,26,14,1768,8518.224,51-70,Premium Loyalists,Very High
575,54,Male,Sneakers,Footwear,79,Maine,L,Red,Fall,4.8,Yes,Free Shipping,Yes,Yes,20,Bank Transfer,Bi-Weekly,26,14,2054,9489.48,51-70,Premium Loyalists,Very High
576,58,Male,Jeans,Clothing,86,Nebraska,M,Peach,Fall,4.8,Yes,Express,Yes,Yes,38,PayPal,Monthly,12,30,1032,5993.856000000001,51-70,Big-Ticket Occasionals,High
577,48,Male,Hat,Accessories,68,Washington,M,Black,Winter,5.0,Yes,2-Day Shipping,Yes,Yes,5,Credit Card,Every 3 Months,4,90,272,987.3600000000001,36-50,Big-Ticket Occasionals,Moderate
578,19,Male,Skirt,Clothing,52,Alabama,M,Black,Fall,3.7,Yes,Store Pickup,Yes,Yes,41,Venmo,Annually,1,365,52,312.31199999999995,18-25,Low Engagement,Low
579,69,Male,Sandals,Footwear,90,Maine,M,Purple,Fall,4.6,Yes,Next Day Air,Yes,Yes,22,Credit Card,Fortnightly,26,14,2340,11119.68,51-70,Premium Loyalists,Very High
580,58,Male,Sandals,Footwear,41,California,M,Violet,Winter,3.7,Yes,Free Shipping,Yes,Yes,48,Credit Card,Annually,1,365,41,265.188,51-70,Low Engagement,Low
581,49,Male,Sweater,Clothing,80,Iowa,M,Orange,Spring,4.1,Yes,Free Shipping,Yes,Yes,10,PayPal,Weekly,52,7,4160,16473.600000000002,36-50,Premium Loyalists,Very High
582,32,Male,Sweater,Clothing,100,Iowa,XL,Charcoal,Winter,2.7,Yes,Store Pickup,Yes,Yes,12,Bank Transfer,Every 3 Months,4,90,400,1636.8000000000002,26-35,Big-Ticket Occasionals,Moderate
583,40,Male,Jacket,Outerwear,77,Colorado,L,Turquoise,Spring,4.9,Yes,Store Pickup,Yes,Yes,2,Bank Transfer,Quarterly,4,90,308,1057.056,36-50,Big-Ticket Occasionals,Moderate
584,25,Male,Shorts,Clothing,78,California,L,Yellow,Spring,4.0,Yes,Store Pickup,Yes,Yes,38,PayPal,Monthly,12,30,936,5436.2880000000005,18-25,Big-Ticket Occasionals,High
585,70,Male,Socks,Clothing,94,Indiana,M,White,Spring,4.7,Yes,Free Shipping,Yes,Yes,20,Debit Card,Monthly,12,30,1128,5211.36,51-70,Big-Ticket Occasionals,High
586,69,Male,Socks,Clothing,23,South Carolina,M,Gray,Fall,2.8,Yes,Next Day Air,Yes,Yes,5,Cash,Every 3 Months,4,90,92,333.96000000000004,51-70,Low Engagement,Low
587,45,Male,Hoodie,Clothing,20,Wisconsin,S,Blue,Winter,4.9,Yes,2-Day Shipping,Yes,Yes,9,Venmo,Annually,1,365,20,77.88000000000001,36-50,Low Engagement,Low
588,29,Male,Socks,Clothing,86,Washington,S,Maroon,Fall,4.2,Yes,Express,Yes,Yes,48,Debit Card,Every 3 Months,4,90,344,2224.992,26-35,Big-Ticket Occasionals,Moderate
589,47,Male,Boots,Footwear,60,South Dakota,M,Violet,Fall,3.0,Yes,Standard,Yes,Yes,9,Debit Card,Quarterly,4,90,240,934.56,36-50,Low Engagement,Moderate
590,28,Male,Shirt,Clothing,70,Minnesota,M,Orange,Fall,3.4,Yes,2-Day Shipping,Yes,Yes,40,PayPal,Annually,1,365,70,415.8,26-35,Big-Ticket Occasionals,Low
591,64,Male,Belt,Accessories,39,Alaska,S,Turquoise,Fall,4.6,Yes,Standard,Yes,Yes,30,Venmo,Fortnightly,26,14,1014,5353.92,51-70,Habitual Budget Buyers,High
592,47,Male,Backpack,Accessories,37,Kentucky,L,Olive,Fall,4.2,Yes,Store Pickup,Yes,Yes,6,Debit Card,Bi-Weekly,26,14,962,3555.5520000000006,36-50,Habitual Budget Buyers,High
593,60,Male,Boots,Footwear,29,North Dakota,M,Brown,Fall,3.2,Yes,Free Shipping,Yes,Yes,42,Venmo,Every 3 Months,4,90,116,704.352,51-70,Low Engagement,Low
594,67,Male,Coat,Outerwear,35,Alaska,S,Green,Winter,4.4,Yes,Store Pickup,Yes,Yes,9,PayPal,Every 3 Months,4,90,140,545.16,51-70,Low Engagement,Low
595,35,Male,Hoodie,Clothing,83,Oklahoma,S,Brown,Winter,2.5,Yes,Next Day Air,Yes,Yes,6,Debit Card,Monthly,12,30,996,3681.216000000001,26-35,Big-Ticket Occasionals,High
596,30,Male,Shoes,Footwear,77,Delaware,M,Silver,Summer,3.6,Yes,Next Day Air,Yes,Yes,47,PayPal,Quarterly,4,90,308,1971.816,26-35,Big-Ticket Occasionals,Moderate
597,23,Male,Shoes,Footwear,37,Montana,XL,White,Summer,4.5,Yes,Store Pickup,Yes,Yes,36,Venmo,Annually,1,365,37,210.012,18-25,Low Engagement,Low
598,70,Male,Jewelry,Accessories,69,Alaska,L,Gold,Summer,3.4,Yes,Standard,Yes,Yes,19,Bank Transfer,Fortnightly,26,14,1794,8169.876,51-70,Premium Loyalists,Very High
599,21,Male,Dress,Clothing,66,California,L,Green,Winter,3.2,Yes,2-Day Shipping,Yes,Yes,30,Cash,Every 3 Months,4,90,264,1393.92,18-25,Big-Ticket Occasionals,Moderate
600,51,Male,Boots,Footwear,26,Massachusetts,L,Teal,Spring,4.2,Yes,Standard,Yes,Yes,27,Debit Card,Every 3 Months,4,90,104,528.528,51-70,Low Engagement,Low
601,22,Male,Hat,Accessories,63,South Carolina,M,Charcoal,Spring,5.0,Yes,2-Day Shipping,Yes,Yes,25,Venmo,Monthly,12,30,756,3742.2000000000003,18-25,Big-Ticket Occasionals,High
602,32,Male,Backpack,Accessories,38,West Virginia,M,Maroon,Summer,4.7,Yes,Store Pickup,Yes,Yes,5,Cash,Fortnightly,26,14,988,3586.4400000000005,26-35,Habitual Budget Buyers,High
603,37,Male,Shoes,Footwear,58,Oregon,L,Lavender,Summer,4.2,Yes,Next Day Air,Yes,Yes,10,Cash,Every 3 Months,4,90,232,918.72,36-50,Low Engagement,Moderate
604,31,Male,Handbag,Accessories,46,Massachusetts,L,Green,Winter,3.4,Yes,2-Day Shipping,Yes,Yes,26,PayPal,Every 3 Months,4,90,184,922.9440000000001,26-35,Low Engagement,Moderate
605,44,Male,Sunglasses,Accessories,92,West Virginia,S,Pink,Fall,4.4,Yes,Store Pickup,Yes,Yes,11,Credit Card,Every 3 Months,4,90,368,1481.568,36-50,Big-Ticket Occasionals,Moderate
606,40,Male,Hat,Accessories,32,California,XL,Charcoal,Winter,4.2,Yes,Standard,Yes,Yes,17,Bank Transfer,Weekly,52,7,1664,7358.208000000001,36-50,Habitual Budget Buyers,Very High
607,27,Male,Scarf,Accessories,90,Colorado,M,Blue,Spring,4.5,Yes,Standard,Yes,Yes,44,PayPal,Monthly,12,30,1080,6700.320000000001,26-35,Big-Ticket Occasionals,High
608,47,Male,Hoodie,Clothing,23,Indiana,L,Purple,Fall,2.8,Yes,Next Day Air,Yes,Yes,44,Cash,Monthly,12,30,276,1712.304,36-50,Low Engagement,Moderate
609,41,Male,Backpack,Accessories,25,Delaware,S,Gold,Fall,3.3,Yes,Next Day Air,Yes,Yes,21,Venmo,Every 3 Months,4,90,100,468.6,36-50,Low Engagement,Low
610,51,Male,Sweater,Clothing,54,Ohio,L,Purple,Fall,4.6,Yes,Next Day Air,Yes,Yes,49,Credit Card,Fortnightly,26,14,1404,9173.736,51-70,Habitual Budget Buyers,Very High
611,53,Male,Shorts,Clothing,72,Oklahoma,M,Charcoal,Summer,2.5,Yes,Free Shipping,Yes,Yes,27,Bank Transfer,Every 3 Months,4,90,288,1463.616,51-70,Big-Ticket Occasionals,Moderate
612,43,Male,Scarf,Accessories,33,California,M,Black,Winter,4.7,Yes,Store Pickup,Yes,Yes,19,Cash,Monthly,12,30,396,1803.384,36-50,Low Engagement,Moderate
613,67,Male,Hat,Accessories,43,New Hampshire,L,Lavender,Fall,4.6,Yes,Express,Yes,Yes,33,Credit Card,Quarterly,4,90,172,942.2160000000001,51-70,Low Engagement,Moderate
614,61,Male,Coat,Outerwear,51,Pennsylvania,L,Lavender,Fall,2.6,Yes,Standard,Yes,Yes,46,Cash,Bi-Weekly,26,14,1326,8401.536,51-70,Habitual Budget Buyers,Very High
615,68,Male,Jewelry,Accessories,85,Idaho,M,Lavender,Winter,4.0,Yes,Standard,Yes,Yes,21,Credit Card,Bi-Weekly,26,14,2210,10356.060000000001,51-70,Premium Loyalists,Very High
616,67,Male,Sandals,Footwear,100,Maryland,L,Olive,Summer,2.6,Yes,Next Day Air,Yes,Yes,23,Venmo,Annually,1,365,100,481.8,51-70,Big-Ticket Occasionals,Low
617,29,Male,Gloves,Accessories,72,Pennsylvania,L,Teal,Spring,4.6,Yes,Free Shipping,Yes,Yes,38,Credit Card,Every 3 Months,4,90,288,1672.7040000000002,26-35,Big-Ticket Occasionals,Moderate
618,50,Male,Backpack,Accessories,57,Colorado,M,Maroon,Fall,2.6,Yes,Standard,Yes,Yes,2,Bank Transfer,Quarterly,4,90,228,782.4960000000001,36-50,Low Engagement,Low
619,61,Male,Jacket,Outerwear,94,Indiana,L,Cyan,Spring,4.0,Yes,Express,Yes,Yes,21,Debit Card,Bi-Weekly,26,14,2444,11452.583999999999,51-70,Premium Loyalists,Very High
620,19,Male,Backpack,Accessories,34,Nebraska,M,Charcoal,Summer,4.6,Yes,Store Pickup,Yes,Yes,1,Debit Card,Every 3 Months,4,90,136,457.77600000000007,18-25,Low Engagement,Low
621,33,Male,Backpack,Accessories,89,Rhode Island,M,Black,Fall,3.7,Yes,2-Day Shipping,Yes,Yes,10,Venmo,Every 3 Months,4,90,356,1409.76,26-35,Big-Ticket Occasionals,Moderate
622,51,Male,Sunglasses,Accessories,27,Kansas,S,Red,Fall,4.4,Yes,Store Pickup,Yes,Yes,45,Credit Card,Weekly,52,7,1404,8803.08,51-70,Habitual Budget Buyers,Very High
623,69,Male,Socks,Clothing,63,Georgia,S,Peach,Spring,4.0,Yes,Next Day Air,Yes,Yes,44,Bank Transfer,Fortnightly,26,14,1638,10162.152,51-70,Premium Loyalists,Very High
624,19,Male,Shoes,Footwear,70,Nevada,M,White,Fall,4.7,Yes,Standard,Yes,Yes,48,PayPal,Bi-Weekly,26,14,1820,11771.760000000002,18-25,Premium Loyalists,Very High
625,55,Male,Pants,Clothing,87,South Carolina,XL,Pink,Fall,3.4,Yes,Express,Yes,Yes,21,PayPal,Annually,1,365,87,407.682,51-70,Big-Ticket Occasionals,Low
626,49,Male,Jewelry,Accessories,79,Delaware,M,Red,Fall,4.0,Yes,Next Day Air,Yes,Yes,1,Venmo,Weekly,52,7,4108,13827.528,36-50,Premium Loyalists,Very High
627,31,Male,Sunglasses,Accessories,79,New Hampshire,M,Indigo,Spring,3.9,Yes,Standard,Yes,Yes,10,Venmo,Annually,1,365,79,312.84,26-35,Big-Ticket Occasionals,Low
628,42,Male,Sandals,Footwear,44,Oregon,L,Black,Winter,4.1,Yes,Express,Yes,Yes,24,PayPal,Monthly,12,30,528,2578.7520000000004,36-50,Low Engagement,High
629,69,Male,Sweater,Clothing,85,Massachusetts,M,White,Fall,3.7,Yes,2-Day Shipping,Yes,Yes,29,Credit Card,Monthly,12,30,1020,5318.280000000001,51-70,Big-Ticket Occasionals,High
630,26,Male,Shoes,Footwear,90,Vermont,L,Beige,Spring,4.7,Yes,Standard,Yes,Yes,11,Debit Card,Annually,1,365,90,362.34000000000003,26-35,Big-Ticket Occasionals,Low
631,41,Male,Jewelry,Accessories,94,Mississippi,S,Silver,Fall,4.3,Yes,2-Day Shipping,Yes,Yes,33,Debit Card,Annually,1,365,94,514.9320000000001,36-50,Big-Ticket Occasionals,Low
632,55,Male,Boots,Footwear,68,Washington,S,Violet,Summer,4.1,Yes,Store Pickup,Yes,Yes,27,Cash,Fortnightly,26,14,1768,8984.976,51-70,Premium Loyalists,Very High
633,35,Male,Backpack,Accessories,51,Wyoming,M,Red,Winter,3.9,Yes,Next Day Air,Yes,Yes,19,Venmo,Fortnightly,26,14,1326,6038.604,26-35,Habitual Budget Buyers,High
634,66,Male,Sandals,Footwear,33,Minnesota,M,Orange,Spring,2.9,Yes,Express,Yes,Yes,50,Debit Card,Quarterly,4,90,132,871.2,51-70,Low Engagement,Moderate
635,36,Male,Sneakers,Footwear,60,Ohio,M,Teal,Summer,3.9,Yes,Standard,Yes,Yes,46,PayPal,Weekly,52,7,3120,19768.320000000003,36-50,Habitual Budget Buyers,Very High
636,27,Male,Hoodie,Clothing,59,South Carolina,M,Brown,Fall,4.3,Yes,2-Day Shipping,Yes,Yes,28,Cash,Quarterly,4,90,236,1214.928,26-35,Low Engagement,Moderate
637,41,Male,Handbag,Accessories,30,Wisconsin,M,Indigo,Summer,2.8,Yes,Store Pickup,Yes,Yes,14,Bank Transfer,Every 3 Months,4,90,120,506.88000000000005,36-50,Low Engagement,Low
638,21,Male,Sweater,Clothing,20,Tennessee,M,Cyan,Winter,3.4,Yes,2-Day Shipping,Yes,Yes,46,Cash,Fortnightly,26,14,520,3294.7200000000003,18-25,Habitual Budget Buyers,High
639,53,Male,Sandals,Footwear,20,Maryland,S,Blue,Summer,2.7,Yes,Express,Yes,Yes,41,PayPal,Monthly,12,30,240,1441.44,51-70,Low Engagement,Moderate
640,54,Male,Dress,Clothing,24,Mississippi,L,Olive,Spring,4.0,Yes,2-Day Shipping,Yes,Yes,50,Credit Card,Annually,1,365,24,158.4,51-70,Low Engagement,Low
641,53,Male,Skirt,Clothing,88,Minnesota,M,Gray,Summer,4.4,Yes,Store Pickup,Yes,Yes,28,Debit Card,Fortnightly,26,14,2288,11778.624000000002,51-70,Premium Loyalists,Very High
642,47,Male,Blouse,Clothing,78,Alaska,M,Red,Winter,3.9,Yes,2-Day Shipping,Yes,Yes,23,Credit Card,Every 3 Months,4,90,312,1503.2160000000001,36-50,Big-Ticket Occasionals,Moderate
643,64,Male,Skirt,Clothing,25,Arkansas,L,Red,Spring,2.8,Yes,2-Day Shipping,Yes,Yes,14,Debit Card,Bi-Weekly,26,14,650,2745.6000000000004,51-70,Habitual Budget Buyers,High
644,18,Male,Sweater,Clothing,57,Oregon,XL,Green,Winter,3.2,Yes,Next Day Air,Yes,Yes,10,Bank Transfer,Every 3 Months,4,90,228,902.88,18-25,Low Engagement,Moderate
645,68,Male,Backpack,Accessories,93,Louisiana,S,Blue,Summer,4.3,Yes,Next Day Air,Yes,Yes,37,Cash,Weekly,52,7,4836,27768.312,51-70,Premium Loyalists,Very High
646,62,Male,Hoodie,Clothing,42,Oklahoma,S,Purple,Summer,4.2,Yes,Express,Yes,Yes,15,Venmo,Bi-Weekly,26,14,1092,4684.68,51-70,Habitual Budget Buyers,High
647,51,Male,Boots,Footwear,54,Indiana,XL,Pink,Spring,4.9,Yes,Standard,Yes,Yes,19,Venmo,Bi-Weekly,26,14,1404,6393.816,51-70,Habitual Budget Buyers,High
648,54,Male,Blouse,Clothing,70,Mississippi,XL,Charcoal,Summer,3.7,Yes,Express,Yes,Yes,23,Credit Card,Fortnightly,26,14,1820,8768.76,51-70,Premium Loyalists,Very High
649,22,Male,Hoodie,Clothing,31,Michigan,M,Brown,Winter,4.1,Yes,Store Pickup,Yes,Yes,35,Credit Card,Weekly,52,7,1612,9043.32,18-25,Habitual Budget Buyers,Very High
650,53,Male,Pants,Clothing,93,Delaware,L,Orange,Spring,4.2,Yes,Store Pickup,Yes,Yes,33,PayPal,Every 3 Months,4,90,372,2037.8160000000003,51-70,Big-Ticket Occasionals,Moderate
651,34,Male,Gloves,Accessories,40,Florida,M,Magenta,Spring,3.9,Yes,Next Day Air,Yes,Yes,12,Bank Transfer,Annually,1,365,40,163.68000000000004,26-35,Low Engagement,Low
652,32,Male,Hat,Accessories,32,Arkansas,L,Yellow,Summer,2.9,Yes,Next Day Air,Yes,Yes,41,Venmo,Fortnightly,26,14,832,4996.991999999999,26-35,Habitual Budget Buyers,High
653,64,Male,Sunglasses,Accessories,27,Minnesota,M,Beige,Winter,3.1,Yes,Free Shipping,Yes,Yes,27,Venmo,Weekly,52,7,1404,7135.1280000000015,51-70,Habitual Budget Buyers,High
654,20,Male,Scarf,Accessories,68,North Dakota,M,Olive,Winter,3.6,Yes,2-Day Shipping,Yes,Yes,45,Cash,Fortnightly,26,14,1768,11085.36,18-25,Premium Loyalists,Very High
655,24,Male,Handbag,Accessories,59,California,L,Gray,Summer,4.4,Yes,2-Day Shipping,Yes,Yes,23,Venmo,Annually,1,365,59,284.26200000000006,18-25,Low Engagement,Low
656,20,Male,Handbag,Accessories,36,Mississippi,S,Purple,Fall,3.1,Yes,Free Shipping,Yes,Yes,19,Venmo,Monthly,12,30,432,1967.328,18-25,Low Engagement,Moderate
657,42,Male,Jeans,Clothing,23,Pennsylvania,M,Beige,Summer,3.9,Yes,Standard,Yes,Yes,6,PayPal,Quarterly,4,90,92,340.03200000000004,36-50,Low Engagement,Low
658,48,Male,Jacket,Outerwear,80,Arizona,M,White,Winter,4.3,Yes,Free Shipping,Yes,Yes,6,PayPal,Quarterly,4,90,320,1182.7200000000003,36-50,Big-Ticket Occasionals,Moderate
659,62,Male,Backpack,Accessories,37,Louisiana,S,White,Fall,4.9,Yes,Store Pickup,Yes,Yes,20,Venmo,Weekly,52,7,1924,8888.88,51-70,Habitual Budget Buyers,Very High
660,62,Male,Shorts,Clothing,52,Virginia,S,Gold,Spring,3.6,Yes,2-Day Shipping,Yes,Yes,8,Cash,Weekly,52,7,2704,10350.912,51-70,Habitual Budget Buyers,Very High
661,50,Male,Coat,Outerwear,79,Montana,M,Olive,Fall,5.0,Yes,2-Day Shipping,Yes,Yes,39,Credit Card,Quarterly,4,90,316,1856.1840000000002,36-50,Big-Ticket Occasionals,Moderate
662,57,Male,Shirt,Clothing,68,Iowa,XL,Green,Fall,4.1,Yes,Store Pickup,Yes,Yes,39,Credit Card,Quarterly,4,90,272,1597.728,51-70,Big-Ticket Occasionals,Moderate
663,24,Male,Gloves,Accessories,98,Illinois,L,Magenta,Fall,2.8,Yes,Express,Yes,Yes,39,Venmo,Bi-Weekly,26,14,2548,14966.952000000001,18-25,Premium Loyalists,Very High
664,59,Male,Dress,Clothing,83,Alaska,M,Charcoal,Fall,4.7,Yes,Express,Yes,Yes,23,Credit Card,Monthly,12,30,996,4798.728,51-70,Big-Ticket Occasionals,High
665,63,Male,Pants,Clothing,83,Colorado,M,Indigo,Winter,4.4,Yes,Express,Yes,Yes,41,PayPal,Bi-Weekly,26,14,2158,12960.947999999999,51-70,Premium Loyalists,Very High
666,41,Male,Pants,Clothing,55,New Mexico,M,Peach,Spring,4.9,Yes,2-Day Shipping,Yes,Yes,50,Credit Card,Annually,1,365,55,363.00000000000006,36-50,Low Engagement,Low
667,35,Male,Hoodie,Clothing,26,Colorado,L,Turquoise,Winter,3.1,Yes,Free Shipping,Yes,Yes,30,Debit Card,Quarterly,4,90,104,549.1200000000001,26-35,Low Engagement,Low
668,34,Male,Sunglasses,Accessories,76,Arizona,S,Blue,Winter,2.6,Yes,Standard,Yes,Yes,32,Bank Transfer,Quarterly,4,90,304,1645.2480000000003,26-35,Big-Ticket Occasionals,Moderate
669,49,Male,T-shirt,Clothing,85,Hawaii,S,Turquoise,Fall,2.9,Yes,Express,Yes,Yes,35,Bank Transfer,Monthly,12,30,1020,5722.200000000001,36-50,Big-Ticket Occasionals,High
670,43,Male,Jacket,Outerwear,89,Illinois,M,Gray,Spring,3.3,Yes,Free Shipping,Yes,Yes,45,Venmo,Bi-Weekly,26,14,2314,14508.78,36-50,Premium Loyalists,Very High
671,63,Male,Sweater,Clothing,41,Louisiana,XL,Purple,Spring,4.8,Yes,Next Day Air,Yes,Yes,37,Cash,Bi-Weekly,26,14,1066,6120.972,51-70,Habitual Budget Buyers,High
672,38,Male,Jacket,Outerwear,30,Iowa,L,Black,Winter,4.7,Yes,Express,Yes,Yes,45,Cash,Weekly,52,7,1560,9781.2,36-50,Habitual Budget Buyers,Very High
673,59,Male,Socks,Clothing,53,Washington,M,Peach,Winter,3.3,Yes,2-Day Shipping,Yes,Yes,29,Cash,Quarterly,4,90,212,1105.3680000000002,51-70,Low Engagement,Moderate
674,35,Male,Shirt,Clothing,66,Oklahoma,M,Indigo,Spring,4.2,Yes,Free Shipping,Yes,Yes,27,Venmo,Bi-Weekly,26,14,1716,8720.712000000001,26-35,Premium Loyalists,Very High
675,48,Male,Jewelry,Accessories,33,Washington,XL,Beige,Winter,4.7,Yes,Store Pickup,Yes,Yes,36,Bank Transfer,Annually,1,365,33,187.30800000000002,36-50,Low Engagement,Low
676,64,Male,Sunglasses,Accessories,86,Arkansas,M,Yellow,Spring,2.6,Yes,2-Day Shipping,Yes,Yes,9,Cash,Annually,1,365,86,334.884,51-70,Big-Ticket Occasionals,Low
677,28,Male,Pants,Clothing,60,Connecticut,M,Peach,Winter,2.9,Yes,2-Day Shipping,Yes,Yes,38,Venmo,Bi-Weekly,26,14,1560,9060.48,26-35,Habitual Budget Buyers,Very High
678,60,Male,Socks,Clothing,62,Washington,S,Turquoise,Summer,2.7,Yes,Express,Yes,Yes,41,PayPal,Annually,1,365,62,372.372,51-70,Big-Ticket Occasionals,Low
679,27,Male,Blouse,Clothing,74,Maine,M,Teal,Fall,3.3,Yes,Store Pickup,Yes,Yes,25,Debit Card,Every 3 Months,4,90,296,1465.2,26-35,Big-Ticket Occasionals,Moderate
680,56,Male,Sandals,Footwear,95,Michigan,M,Turquoise,Fall,3.4,Yes,Express,Yes,Yes,37,Venmo,Fortnightly,26,14,2470,14182.740000000002,51-70,Premium Loyalists,Very High
681,58,Male,Sneakers,Footwear,25,Tennessee,M,Magenta,Spring,4.2,Yes,Express,Yes,Yes,3,PayPal,Annually,1,365,25,87.45,51-70,Low Engagement,Low
682,30,Male,Shirt,Clothing,59,Louisiana,XL,Purple,Winter,3.8,Yes,2-Day Shipping,Yes,Yes,24,Credit Card,Every 3 Months,4,90,236,1152.624,26-35,Low Engagement,Moderate
683,23,Male,Jacket,Outerwear,29,Missouri,M,Brown,Summer,4.0,Yes,Standard,Yes,Yes,49,Credit Card,Bi-Weekly,26,14,754,4926.636,18-25,Habitual Budget Buyers,High
684,33,Male,Sandals,Footwear,36,Michigan,S,Violet,Winter,2.7,Yes,Free Shipping,Yes,Yes,3,Bank Transfer,Monthly,12,30,432,1511.1360000000002,26-35,Low Engagement,Moderate
685,63,Male,Hat,Accessories,82,Alabama,M,Yellow,Summer,4.7,Yes,Express,Yes,Yes,42,Debit Card,Monthly,12,30,984,5974.848,51-70,Big-Ticket Occasionals,High
686,70,Male,Blouse,Clothing,71,Massachusetts,XL,Magenta,Winter,3.5,Yes,Standard,Yes,Yes,32,Cash,Fortnightly,26,14,1846,9990.552000000003,51-70,Premium Loyalists,Very High
687,70,Male,Sweater,Clothing,35,Indiana,L,Beige,Fall,3.0,Yes,2-Day Shipping,Yes,Yes,33,Venmo,Fortnightly,26,14,910,4984.9800000000005,51-70,Habitual Budget Buyers,High
688,19,Male,Gloves,Accessories,38,West Virginia,XL,Turquoise,Winter,3.3,Yes,Free Shipping,Yes,Yes,46,Bank Transfer,Quarterly,4,90,152,963.072,18-25,Low Engagement,Moderate
689,25,Male,Scarf,Accessories,59,Michigan,S,Peach,Summer,4.7,Yes,Store Pickup,Yes,Yes,44,Venmo,Monthly,12,30,708,4392.432,18-25,Low Engagement,High
690,19,Male,Hoodie,Clothing,91,Pennsylvania,M,Orange,Summer,4.7,Yes,Express,Yes,Yes,35,Credit Card,Every 3 Months,4,90,364,2042.04,18-25,Big-Ticket Occasionals,Moderate
691,25,Male,Shorts,Clothing,68,Alaska,XL,Red,Spring,4.8,Yes,Standard,Yes,Yes,45,Bank Transfer,Weekly,52,7,3536,22170.72,18-25,Premium Loyalists,Very High
692,60,Male,Backpack,Accessories,21,Massachusetts,L,Silver,Summer,2.9,Yes,Standard,Yes,Yes,37,PayPal,Bi-Weekly,26,14,546,3135.132,51-70,Habitual Budget Buyers,High
693,35,Male,Sunglasses,Accessories,95,North Dakota,M,Cyan,Spring,4.0,Yes,2-Day Shipping,Yes,Yes,40,Debit Card,Every 3 Months,4,90,380,2257.2000000000003,26-35,Big-Ticket Occasionals,Moderate
694,46,Male,Shorts,Clothing,52,Vermont,L,Turquoise,Spring,3.1,Yes,Free Shipping,Yes,Yes,30,Cash,Every 3 Months,4,90,208,1098.2400000000002,36-50,Low Engagement,Moderate
695,41,Male,Dress,Clothing,21,Kentucky,S,Charcoal,Fall,3.5,Yes,2-Day Shipping,Yes,Yes,38,Venmo,Every 3 Months,4,90,84,487.872,36-50,Low Engagement,Low
696,30,Male,Shorts,Clothing,67,Nevada,XL,Peach,Summer,3.7,Yes,Next Day Air,Yes,Yes,15,Debit Card,Every 3 Months,4,90,268,1149.7200000000003,26-35,Big-Ticket Occasionals,Moderate
697,44,Male,Belt,Accessories,42,Utah,L,Green,Fall,2.8,Yes,Standard,Yes,Yes,49,Cash,Monthly,12,30,504,3293.136,36-50,Low Engagement,High
698,61,Male,Scarf,Accessories,63,North Dakota,XL,Brown,Summer,4.6,Yes,Free Shipping,Yes,Yes,40,Debit Card,Quarterly,4,90,252,1496.88,51-70,Big-Ticket Occasionals,Moderate
699,55,Male,Boots,Footwear,41,Iowa,M,Yellow,Winter,3.8,Yes,Standard,Yes,Yes,40,Debit Card,Weekly,52,7,2132,12664.080000000002,51-70,Habitual Budget Buyers,Very High
700,50,Male,Handbag,Accessories,46,Connecticut,M,Charcoal,Fall,2.6,Yes,2-Day Shipping,Yes,Yes,5,PayPal,Weekly,52,7,2392,8682.960000000001,36-50,Habitual Budget Buyers,Very High
701,57,Male,Pants,Clothing,79,Wisconsin,L,Olive,Winter,4.1,Yes,Standard,Yes,Yes,5,PayPal,Monthly,12,30,948,3441.2400000000002,51-70,Big-Ticket Occasionals,High
702,51,Male,Boots,Footwear,90,Idaho,L,Red,Fall,3.3,Yes,Next Day Air,Yes,Yes,5,Debit Card,Every 3 Months,4,90,360,1306.8000000000002,51-70,Big-Ticket Occasionals,Moderate
703,18,Male,Shirt,Clothing,71,Montana,M,White,Winter,3.4,Yes,Store Pickup,Yes,Yes,1,Cash,Weekly,52,7,3692,12427.272,18-25,Premium Loyalists,Very High
704,63,Male,Dress,Clothing,87,Connecticut,L,Pink,Summer,3.0,Yes,Standard,Yes,Yes,21,Venmo,Weekly,52,7,4524,21199.464,51-70,Premium Loyalists,Very High
705,34,Male,Hoodie,Clothing,66,Idaho,S,Black,Spring,3.2,Yes,Express,Yes,Yes,18,PayPal,Annually,1,365,66,296.20799999999997,26-35,Big-Ticket Occasionals,Low
706,25,Male,Pants,Clothing,90,Arkansas,XL,Indigo,Summer,4.5,Yes,Free Shipping,Yes,Yes,49,Cash,Quarterly,4,90,360,2352.2400000000002,18-25,Big-Ticket Occasionals,Moderate
707,46,Male,Jeans,Clothing,47,Iowa,L,Turquoise,Summer,4.8,Yes,Express,Yes,Yes,27,Debit Card,Weekly,52,7,2444,12420.408000000001,36-50,Habitual Budget Buyers,Very High
708,59,Male,Shirt,Clothing,38,Louisiana,L,Purple,Spring,3.7,Yes,Next Day Air,Yes,Yes,21,Venmo,Annually,1,365,38,178.068,51-70,Low Engagement,Low
709,37,Male,Backpack,Accessories,50,Kentucky,L,Beige,Summer,3.4,Yes,Store Pickup,Yes,Yes,19,Cash,Fortnightly,26,14,1300,5920.200000000001,36-50,Habitual Budget Buyers,High
710,49,Male,Jacket,Outerwear,79,Massachusetts,L,Charcoal,Summer,4.6,Yes,Standard,Yes,Yes,23,Debit Card,Monthly,12,30,948,4567.464,36-50,Big-Ticket Occasionals,High
711,22,Male,Scarf,Accessories,91,Virginia,L,Turquoise,Spring,4.1,Yes,Standard,Yes,Yes,26,PayPal,Fortnightly,26,14,2366,11867.856000000002,18-25,Premium Loyalists,Very High
712,64,Male,Boots,Footwear,60,New Hampshire,M,Maroon,Spring,3.5,Yes,2-Day Shipping,Yes,Yes,13,Bank Transfer,Bi-Weekly,26,14,1560,6486.4800000000005,51-70,Habitual Budget Buyers,High
713,42,Male,Blouse,Clothing,81,New Hampshire,XL,Black,Summer,3.8,Yes,Next Day Air,Yes,Yes,36,Bank Transfer,Quarterly,4,90,324,1839.0240000000001,36-50,Big-Ticket Occasionals,Moderate
714,37,Male,Hoodie,Clothing,90,Oregon,M,Lavender,Summer,2.6,Yes,Express,Yes,Yes,39,Bank Transfer,Bi-Weekly,26,14,2340,13745.160000000002,36-50,Premium Loyalists,Very High
715,26,Male,Jacket,Outerwear,70,South Dakota,M,Magenta,Fall,4.4,Yes,Store Pickup,Yes,Yes,40,Debit Card,Fortnightly,26,14,1820,10810.800000000001,26-35,Premium Loyalists,Very High
716,33,Male,Jeans,Clothing,63,Delaware,L,Green,Spring,2.6,Yes,Express,Yes,Yes,37,Debit Card,Quarterly,4,90,252,1446.9840000000002,26-35,Big-Ticket Occasionals,Moderate
717,30,Male,Jewelry,Accessories,29,Missouri,M,Olive,Spring,3.6,Yes,Express,Yes,Yes,9,Venmo,Bi-Weekly,26,14,754,2936.076,26-35,Habitual Budget Buyers,High
718,21,Male,Socks,Clothing,90,Alaska,L,Green,Spring,4.2,Yes,Express,Yes,Yes,7,Venmo,Every 3 Months,4,90,360,1354.3200000000002,18-25,Big-Ticket Occasionals,Moderate
719,22,Male,Shirt,Clothing,22,Florida,M,Peach,Summer,4.6,Yes,Standard,Yes,Yes,25,Bank Transfer,Annually,1,365,22,108.9,18-25,Low Engagement,Low
720,63,Male,Shorts,Clothing,22,Mississippi,L,Turquoise,Summer,3.3,Yes,Next Day Air,Yes,Yes,42,Venmo,Bi-Weekly,26,14,572,3473.1839999999997,51-70,Habitual Budget Buyers,High
721,33,Male,Jewelry,Accessories,62,New Mexico,L,Orange,Fall,3.4,Yes,Free Shipping,Yes,Yes,19,Debit Card,Weekly,52,7,3224,14682.096,26-35,Premium Loyalists,Very High
722,43,Male,Blouse,Clothing,57,California,L,Silver,Summer,4.4,Yes,Next Day Air,Yes,Yes,41,Debit Card,Every 3 Months,4,90,228,1369.368,36-50,Low Engagement,Moderate
723,27,Male,Sweater,Clothing,32,Wyoming,S,Blue,Summer,4.3,Yes,Store Pickup,Yes,Yes,50,Cash,Bi-Weekly,26,14,832,5491.200000000001,26-35,Habitual Budget Buyers,High
724,35,Male,Jewelry,Accessories,53,Missouri,L,Cyan,Fall,3.5,Yes,Express,Yes,Yes,43,PayPal,Monthly,12,30,636,3903.768,26-35,Low Engagement,High
725,37,Male,T-shirt,Clothing,79,New Hampshire,XL,Green,Fall,4.7,Yes,Store Pickup,Yes,Yes,36,Venmo,Every 3 Months,4,90,316,1793.616,36-50,Big-Ticket Occasionals,Moderate
726,61,Male,Hat,Accessories,61,Texas,L,Silver,Winter,3.1,Yes,Standard,Yes,Yes,33,Debit Card,Fortnightly,26,14,1586,8688.108000000002,51-70,Premium Loyalists,Very High
727,32,Male,Shorts,Clothing,78,North Dakota,L,Yellow,Summer,3.6,Yes,Next Day Air,Yes,Yes,20,Bank Transfer,Every 3 Months,4,90,312,1441.44,26-35,Big-Ticket Occasionals,Moderate
728,62,Male,Sweater,Clothing,97,Arkansas,S,Gray,Winter,4.8,Yes,Next Day Air,Yes,Yes,37,Venmo,Every 3 Months,4,90,388,2227.896,51-70,Big-Ticket Occasionals,Moderate
729,29,Male,Jeans,Clothing,78,Nebraska,M,Pink,Winter,3.7,Yes,Next Day Air,Yes,Yes,12,PayPal,Every 3 Months,4,90,312,1276.7040000000002,26-35,Big-Ticket Occasionals,Moderate
730,41,Male,Sunglasses,Accessories,56,Minnesota,L,Beige,Summer,3.2,Yes,Express,Yes,Yes,46,PayPal,Every 3 Months,4,90,224,1419.2640000000001,36-50,Low Engagement,Moderate
731,48,Male,Boots,Footwear,25,Massachusetts,M,Indigo,Summer,3.9,Yes,Standard,Yes,Yes,28,Venmo,Fortnightly,26,14,650,3346.2000000000003,36-50,Habitual Budget Buyers,High
732,43,Male,Coat,Outerwear,28,Arkansas,M,Red,Spring,3.5,Yes,Free Shipping,Yes,Yes,30,PayPal,Fortnightly,26,14,728,3843.8400000000006,36-50,Habitual Budget Buyers,High
733,34,Male,Shirt,Clothing,57,New Hampshire,L,Blue,Spring,2.8,Yes,Express,Yes,Yes,28,Cash,Bi-Weekly,26,14,1482,7629.336000000001,26-35,Habitual Budget Buyers,Very High
734,45,Male,Dress,Clothing,36,Rhode Island,L,Cyan,Fall,2.7,Yes,2-Day Shipping,Yes,Yes,20,Debit Card,Bi-Weekly,26,14,936,4324.32,36-50,Habitual Budget Buyers,High
735,65,Male,Shirt,Clothing,69,New Jersey,S,Violet,Winter,3.1,Yes,Express,Yes,Yes,39,Bank Transfer,Every 3 Months,4,90,276,1621.224,51-70,Big-Ticket Occasionals,Moderate
736,61,Male,Sunglasses,Accessories,48,Montana,M,Orange,Fall,3.6,Yes,2-Day Shipping,Yes,Yes,48,Cash,Bi-Weekly,26,14,1248,8072.064,51-70,Habitual Budget Buyers,Very High
737,18,Male,Dress,Clothing,58,Colorado,L,Maroon,Spring,2.9,Yes,2-Day Shipping,Yes,Yes,32,Credit Card,Every 3 Months,4,90,232,1255.584,18-25,Low Engagement,Moderate
738,47,Male,Sunglasses,Accessories,24,Nebraska,M,Teal,Spring,3.6,Yes,Store Pickup,Yes,Yes,28,PayPal,Annually,1,365,24,123.55200000000002,36-50,Low Engagement,Low
739,56,Male,Sunglasses,Accessories,31,Minnesota,L,Orange,Winter,3.5,Yes,2-Day Shipping,Yes,Yes,27,Venmo,Quarterly,4,90,124,630.168,51-70,Low Engagement,Low
740,64,Male,Shorts,Clothing,29,Minnesota,S,Purple,Summer,3.5,Yes,Free Shipping,Yes,Yes,26,Venmo,Bi-Weekly,26,14,754,3782.0640000000008,51-70,Habitual Budget Buyers,High
741,26,Male,Jeans,Clothing,69,South Dakota,M,Orange,Summer,2.8,Yes,Next Day Air,Yes,Yes,22,Credit Card,Fortnightly,26,14,1794,8525.088,26-35,Premium Loyalists,Very High
742,22,Male,T-shirt,Clothing,79,West Virginia,XL,Yellow,Summer,4.7,Yes,Free Shipping,Yes,Yes,23,Bank Transfer,Every 3 Months,4,90,316,1522.488,18-25,Big-Ticket Occasionals,Moderate
743,64,Male,Pants,Clothing,39,Nevada,M,Charcoal,Summer,3.1,Yes,Express,Yes,Yes,21,Debit Card,Quarterly,4,90,156,731.016,51-70,Low Engagement,Low
744,21,Male,Sunglasses,Accessories,84,North Carolina,L,Gray,Fall,4.9,Yes,Free Shipping,Yes,Yes,36,Cash,Weekly,52,7,4368,24792.768000000004,18-25,Premium Loyalists,Very High
745,67,Male,Boots,Footwear,66,Illinois,S,Charcoal,Spring,4.1,Yes,Next Day Air,Yes,Yes,42,Debit Card,Bi-Weekly,26,14,1716,10419.552,51-70,Premium Loyalists,Very High
746,46,Male,T-shirt,Clothing,92,Michigan,L,Orange,Fall,4.7,Yes,Standard,Yes,Yes,4,Venmo,Monthly,12,30,1104,3934.6560000000004,36-50,Big-Ticket Occasionals,High
747,40,Male,Sandals,Footwear,45,Michigan,M,Red,Winter,2.5,Yes,Free Shipping,Yes,Yes,47,Credit Card,Annually,1,365,45,288.09,36-50,Low Engagement,Low
748,51,Male,Shorts,Clothing,74,Oklahoma,L,Gold,Spring,4.4,Yes,Next Day Air,Yes,Yes,13,Bank Transfer,Weekly,52,7,3848,15999.984000000002,51-70,Premium Loyalists,Very High
749,35,Male,Hat,Accessories,39,South Dakota,L,Brown,Fall,3.9,Yes,Free Shipping,Yes,Yes,8,Bank Transfer,Quarterly,4,90,156,597.168,26-35,Low Engagement,Low
750,56,Male,Scarf,Accessories,71,Oklahoma,M,Olive,Winter,3.7,Yes,Standard,Yes,Yes,11,Debit Card,Quarterly,4,90,284,1143.3840000000002,51-70,Big-Ticket Occasionals,Moderate
751,25,Male,T-shirt,Clothing,95,Maryland,L,Violet,Fall,3.4,Yes,Free Shipping,Yes,Yes,5,Venmo,Annually,1,365,95,344.85,18-25,Big-Ticket Occasionals,Low
752,65,Male,Gloves,Accessories,72,Ohio,L,Indigo,Fall,4.8,Yes,Free Shipping,Yes,Yes,1,Credit Card,Monthly,12,30,864,2908.2240000000006,51-70,Big-Ticket Occasionals,High
753,39,Male,Scarf,Accessories,85,Ohio,L,Yellow,Fall,4.2,Yes,2-Day Shipping,Yes,Yes,17,PayPal,Every 3 Months,4,90,340,1503.4800000000002,36-50,Big-Ticket Occasionals,Moderate
754,47,Male,Boots,Footwear,54,Massachusetts,M,Teal,Fall,3.4,Yes,Store Pickup,Yes,Yes,27,Venmo,Quarterly,4,90,216,1097.7120000000002,36-50,Low Engagement,Moderate
755,36,Male,Gloves,Accessories,41,North Carolina,L,Pink,Spring,2.9,Yes,Store Pickup,Yes,Yes,3,Debit Card,Quarterly,4,90,164,573.672,36-50,Low Engagement,Low
756,66,Male,Coat,Outerwear,24,Florida,M,Violet,Spring,3.3,Yes,Free Shipping,Yes,Yes,22,PayPal,Weekly,52,7,1248,5930.496,51-70,Habitual Budget Buyers,High
757,62,Male,Belt,Accessories,99,Montana,S,Orange,Summer,4.8,Yes,Standard,Yes,Yes,24,Cash,Fortnightly,26,14,2574,12571.416000000001,51-70,Premium Loyalists,Very High
758,41,Male,Hoodie,Clothing,32,Minnesota,M,Red,Fall,3.8,Yes,Store Pickup,Yes,Yes,18,Debit Card,Quarterly,4,90,128,574.464,36-50,Low Engagement,Low
759,66,Male,Shoes,Footwear,71,Massachusetts,L,Peach,Summer,4.6,Yes,2-Day Shipping,Yes,Yes,39,Bank Transfer,Every 3 Months,4,90,284,1668.2160000000001,51-70,Big-Ticket Occasionals,Moderate
760,51,Male,Dress,Clothing,49,Rhode Island,XL,Green,Winter,2.6,Yes,Next Day Air,Yes,Yes,25,Credit Card,Fortnightly,26,14,1274,6306.3,51-70,Habitual Budget Buyers,High
761,33,Male,Gloves,Accessories,50,Minnesota,XL,Violet,Fall,3.4,Yes,Free Shipping,Yes,Yes,6,Cash,Annually,1,365,50,184.80000000000004,26-35,Low Engagement,Low
762,57,Male,Jewelry,Accessories,91,Nevada,L,Yellow,Fall,4.2,Yes,Express,Yes,Yes,26,Bank Transfer,Weekly,52,7,4732,23735.712000000003,51-70,Premium Loyalists,Very High
763,45,Male,Belt,Accessories,46,New Mexico,M,Pink,Fall,3.9,Yes,Standard,Yes,Yes,43,Debit Card,Fortnightly,26,14,1196,7341.048,36-50,Habitual Budget Buyers,Very High
764,61,Male,Sweater,Clothing,50,North Carolina,M,Brown,Spring,2.9,Yes,2-Day Shipping,Yes,Yes,6,Credit Card,Monthly,12,30,600,2217.6000000000004,51-70,Low Engagement,Moderate
765,55,Male,Skirt,Clothing,39,Virginia,XL,Silver,Fall,4.2,Yes,Free Shipping,Yes,Yes,6,Debit Card,Quarterly,4,90,156,576.5760000000001,51-70,Low Engagement,Low
766,54,Male,Sneakers,Footwear,99,Alaska,M,Pink,Summer,3.0,Yes,Store Pickup,Yes,Yes,13,Cash,Quarterly,4,90,396,1646.5680000000002,51-70,Big-Ticket Occasionals,Moderate
767,57,Male,Gloves,Accessories,48,Nevada,M,Cyan,Winter,3.6,Yes,Next Day Air,Yes,Yes,13,PayPal,Monthly,12,30,576,2395.0080000000003,51-70,Low Engagement,Moderate
768,27,Male,Coat,Outerwear,77,Pennsylvania,M,Brown,Fall,2.5,Yes,Next Day Air,Yes,Yes,11,Cash,Annually,1,365,77,310.002,26-35,Big-Ticket Occasionals,Low
769,64,Male,Backpack,Accessories,95,Illinois,XL,Red,Spring,2.6,Yes,Express,Yes,Yes,45,Venmo,Weekly,52,7,4940,30973.800000000003,51-70,Premium Loyalists,Very High
770,52,Male,Socks,Clothing,100,Delaware,M,Silver,Spring,4.3,Yes,Store Pickup,Yes,Yes,8,PayPal,Monthly,12,30,1200,4593.6,51-70,Big-Ticket Occasionals,High
771,19,Male,Sneakers,Footwear,54,Vermont,M,Gray,Spring,3.3,Yes,Express,Yes,Yes,8,Credit Card,Annually,1,365,54,206.712,18-25,Low Engagement,Low
772,22,Male,Sweater,Clothing,68,Hawaii,L,Cyan,Fall,2.6,Yes,Next Day Air,Yes,Yes,34,Bank Transfer,Fortnightly,26,14,1768,9801.792000000001,18-25,Premium Loyalists,Very High
773,18,Male,Jeans,Clothing,22,Illinois,L,Teal,Fall,3.6,Yes,Free Shipping,Yes,Yes,40,Debit Card,Bi-Weekly,26,14,572,3397.6800000000003,18-25,Habitual Budget Buyers,High
774,29,Male,Hat,Accessories,84,California,L,Indigo,Winter,2.6,Yes,Express,Yes,Yes,14,Debit Card,Bi-Weekly,26,14,2184,9225.216,26-35,Premium Loyalists,Very High
775,42,Male,Hat,Accessories,46,Nevada,M,Yellow,Summer,3.5,Yes,Standard,Yes,Yes,11,Credit Card,Quarterly,4,90,184,740.784,36-50,Low Engagement,Low
776,49,Male,Handbag,Accessories,53,Kentucky,S,Gold,Winter,3.0,Yes,Store Pickup,Yes,Yes,8,PayPal,Monthly,12,30,636,2434.6079999999997,36-50,Low Engagement,Moderate
777,49,Male,Shirt,Clothing,60,Alabama,M,Maroon,Spring,5.0,Yes,Standard,Yes,Yes,8,Venmo,Every 3 Months,4,90,240,918.72,36-50,Low Engagement,Moderate
778,55,Male,Socks,Clothing,32,Wyoming,XL,Silver,Spring,2.5,Yes,Express,Yes,Yes,37,Venmo,Weekly,52,7,1664,9554.688,51-70,Habitual Budget Buyers,Very High
779,29,Male,Socks,Clothing,50,Massachusetts,M,Yellow,Summer,2.9,Yes,Store Pickup,Yes,Yes,23,Debit Card,Annually,1,365,50,240.9,26-35,Low Engagement,Low
780,60,Male,Dress,Clothing,94,Utah,M,Blue,Spring,4.6,Yes,Express,Yes,Yes,38,Cash,Annually,1,365,94,545.952,51-70,Big-Ticket Occasionals,Low
781,34,Male,Shoes,Footwear,26,New York,M,Turquoise,Spring,3.6,Yes,Free Shipping,Yes,Yes,38,Cash,Quarterly,4,90,104,604.032,26-35,Low Engagement,Low
782,30,Male,Scarf,Accessories,44,Vermont,L,Indigo,Winter,3.0,Yes,Store Pickup,Yes,Yes,12,Credit Card,Fortnightly,26,14,1144,4681.2480000000005,26-35,Habitual Budget Buyers,High
783,28,Male,Hoodie,Clothing,57,Hawaii,M,Green,Summer,4.5,Yes,Standard,Yes,Yes,15,Cash,Weekly,52,7,2964,12715.560000000001,26-35,Habitual Budget Buyers,Very High
784,63,Male,T-shirt,Clothing,65,Louisiana,L,Purple,Winter,4.5,Yes,Next Day Air,Yes,Yes,38,PayPal,Fortnightly,26,14,1690,9815.520000000002,51-70,Premium Loyalists,Very High
785,31,Male,Jeans,Clothing,72,Alabama,M,Peach,Winter,3.2,Yes,Store Pickup,Yes,Yes,41,Bank Transfer,Every 3 Months,4,90,288,1729.7279999999998,26-35,Big-Ticket Occasionals,Moderate
786,46,Male,Shorts,Clothing,62,Louisiana,S,Purple,Spring,4.0,Yes,Next Day Air,Yes,Yes,37,PayPal,Fortnightly,26,14,1612,9256.104,36-50,Premium Loyalists,Very High
787,70,Male,Hat,Accessories,21,Indiana,S,Teal,Winter,4.8,Yes,Express,Yes,Yes,16,Bank Transfer,Every 3 Months,4,90,84,365.90400000000005,51-70,Low Engagement,Low
788,53,Male,Handbag,Accessories,85,Michigan,S,Green,Spring,3.7,Yes,Free Shipping,Yes,Yes,25,Venmo,Weekly,52,7,4420,21879.0,51-70,Premium Loyalists,Very High
789,50,Male,Pants,Clothing,51,Rhode Island,XL,Yellow,Summer,3.8,Yes,Store Pickup,Yes,Yes,18,Bank Transfer,Quarterly,4,90,204,915.552,36-50,Low Engagement,Moderate
790,33,Male,Handbag,Accessories,84,Idaho,S,Purple,Fall,2.7,Yes,Standard,Yes,Yes,4,Credit Card,Bi-Weekly,26,14,2184,7783.776000000002,26-35,Premium Loyalists,Very High
791,22,Male,Sweater,Clothing,37,Louisiana,M,Indigo,Summer,4.9,Yes,Store Pickup,Yes,Yes,12,Bank Transfer,Quarterly,4,90,148,605.616,18-25,Low Engagement,Low
792,50,Male,Scarf,Accessories,44,North Carolina,S,Magenta,Summer,3.1,Yes,2-Day Shipping,Yes,Yes,35,PayPal,Fortnightly,26,14,1144,6417.84,36-50,Habitual Budget Buyers,High
793,34,Male,Sneakers,Footwear,45,New Jersey,M,Violet,Spring,4.2,Yes,Next Day Air,Yes,Yes,45,Venmo,Weekly,52,7,2340,14671.800000000001,26-35,Habitual Budget Buyers,Very High
794,24,Male,Pants,Clothing,35,Alabama,L,Maroon,Summer,3.8,Yes,Free Shipping,Yes,Yes,16,Credit Card,Monthly,12,30,420,1829.5200000000002,18-25,Low Engagement,Moderate
795,69,Male,Backpack,Accessories,50,Kentucky,XL,Yellow,Winter,4.2,Yes,Store Pickup,Yes,Yes,10,Debit Card,Fortnightly,26,14,1300,5148.0,51-70,Habitual Budget Buyers,High
796,39,Male,Sandals,Footwear,26,New York,M,Beige,Summer,4.6,Yes,Store Pickup,Yes,Yes,34,Venmo,Annually,1,365,26,144.14400000000003,36-50,Low Engagement,Low
797,42,Male,Socks,Clothing,78,Arizona,XL,Black,Fall,4.0,Yes,2-Day Shipping,Yes,Yes,43,Credit Card,Annually,1,365,78,478.764,36-50,Big-Ticket Occasionals,Low
798,42,Male,Coat,Outerwear,82,Maryland,M,Violet,Fall,4.0,Yes,2-Day Shipping,Yes,Yes,38,Debit Card,Weekly,52,7,4264,24765.312000000005,36-50,Premium Loyalists,Very High
799,29,Male,Socks,Clothing,39,Alaska,M,Violet,Spring,3.8,Yes,2-Day Shipping,Yes,Yes,48,PayPal,Every 3 Months,4,90,156,1009.008,26-35,Low Engagement,Moderate
800,55,Male,Belt,Accessories,55,Nevada,L,Brown,Summer,3.3,Yes,Free Shipping,Yes,Yes,31,PayPal,Annually,1,365,55,294.03000000000003,51-70,Low Engagement,Low
801,32,Male,Socks,Clothing,20,Utah,S,Gold,Summer,2.6,Yes,Free Shipping,Yes,Yes,20,Cash,Every 3 Months,4,90,80,369.6,26-35,Low Engagement,Low
802,25,Male,Belt,Accessories,29,New Mexico,L,Blue,Fall,4.9,Yes,Express,Yes,Yes,12,Credit Card,Fortnightly,26,14,754,3085.3680000000004,18-25,Habitual Budget Buyers,High
803,38,Male,Pants,Clothing,41,Delaware,M,Teal,Winter,3.5,Yes,Next Day Air,Yes,Yes,2,Bank Transfer,Weekly,52,7,2132,7317.024,36-50,Habitual Budget Buyers,Very High
804,32,Male,Shorts,Clothing,38,Connecticut,L,Silver,Winter,2.8,Yes,Express,Yes,Yes,30,Venmo,Every 3 Months,4,90,152,802.5600000000001,26-35,Low Engagement,Low
805,43,Male,Boots,Footwear,47,Mississippi,M,Maroon,Summer,2.6,Yes,Store Pickup,Yes,Yes,28,Venmo,Quarterly,4,90,188,967.8240000000001,36-50,Low Engagement,Moderate
806,41,Male,Dress,Clothing,30,Connecticut,L,White,Summer,3.7,Yes,Next Day Air,Yes,Yes,40,Debit Card,Monthly,12,30,360,2138.4,36-50,Low Engagement,Moderate
807,56,Male,Jeans,Clothing,56,Florida,L,Charcoal,Summer,2.7,Yes,Standard,Yes,Yes,46,PayPal,Quarterly,4,90,224,1419.2640000000001,51-70,Low Engagement,Moderate
808,27,Male,T-shirt,Clothing,89,New York,S,Brown,Winter,3.3,Yes,Express,Yes,Yes,15,Credit Card,Weekly,52,7,4628,19854.120000000003,26-35,Premium Loyalists,Very High
809,46,Male,Shoes,Footwear,96,Wisconsin,L,Lavender,Fall,4.6,Yes,Next Day Air,Yes,Yes,38,Cash,Every 3 Months,4,90,384,2230.272,36-50,Big-Ticket Occasionals,Moderate
810,48,Male,Boots,Footwear,81,South Carolina,M,Violet,Fall,4.9,Yes,Next Day Air,Yes,Yes,30,PayPal,Bi-Weekly,26,14,2106,11119.680000000002,36-50,Premium Loyalists,Very High
811,52,Male,Scarf,Accessories,83,South Dakota,S,Lavender,Fall,4.9,Yes,Store Pickup,Yes,Yes,32,Debit Card,Bi-Weekly,26,14,2158,11679.096000000001,51-70,Premium Loyalists,Very High
812,18,Male,Sneakers,Footwear,35,Illinois,M,Green,Winter,2.7,Yes,Free Shipping,Yes,Yes,36,Venmo,Quarterly,4,90,140,794.64,18-25,Low Engagement,Low
813,64,Male,Boots,Footwear,56,Alaska,M,Olive,Summer,3.2,Yes,Standard,Yes,Yes,32,Credit Card,Weekly,52,7,2912,15759.744000000002,51-70,Habitual Budget Buyers,Very High
814,54,Male,Handbag,Accessories,45,Montana,S,Olive,Summer,2.9,Yes,Store Pickup,Yes,Yes,14,Debit Card,Annually,1,365,45,190.08000000000004,51-70,Low Engagement,Low
815,31,Male,Shirt,Clothing,62,Minnesota,M,Pink,Winter,3.8,Yes,Express,Yes,Yes,8,PayPal,Monthly,12,30,744,2848.032,26-35,Big-Ticket Occasionals,High
816,30,Male,Hat,Accessories,84,West Virginia,L,Teal,Spring,3.0,Yes,Next Day Air,Yes,Yes,27,Venmo,Bi-Weekly,26,14,2184,11099.088000000002,26-35,Premium Loyalists,Very High
817,26,Male,Sweater,Clothing,24,Illinois,L,Cyan,Summer,3.9,Yes,Store Pickup,Yes,Yes,24,Debit Card,Monthly,12,30,288,1406.592,26-35,Low Engagement,Moderate
818,25,Male,Handbag,Accessories,21,Nevada,S,Gray,Spring,4.7,Yes,Store Pickup,Yes,Yes,30,PayPal,Fortnightly,26,14,546,2882.8800000000006,18-25,Habitual Budget Buyers,High
819,59,Male,Shirt,Clothing,91,Idaho,M,Peach,Winter,4.9,Yes,Store Pickup,Yes,Yes,34,Debit Card,Monthly,12,30,1092,6054.048000000001,51-70,Big-Ticket Occasionals,High
820,55,Male,Sunglasses,Accessories,36,Colorado,S,Teal,Winter,4.8,Yes,Next Day Air,Yes,Yes,28,Debit Card,Quarterly,4,90,144,741.3120000000001,51-70,Low Engagement,Low
821,56,Male,Sneakers,Footwear,39,Louisiana,M,Turquoise,Spring,2.5,Yes,2-Day Shipping,Yes,Yes,27,Debit Card,Monthly,12,30,468,2378.376,51-70,Low Engagement,Moderate
822,62,Male,Hoodie,Clothing,39,Vermont,M,Green,Spring,3.9,Yes,Standard,Yes,Yes,31,Credit Card,Bi-Weekly,26,14,1014,5420.844,51-70,Habitual Budget Buyers,High
823,35,Male,Shirt,Clothing,59,Mississippi,L,Magenta,Winter,3.4,Yes,Standard,Yes,Yes,23,Bank Transfer,Annually,1,365,59,284.26200000000006,26-35,Low Engagement,Low
824,51,Male,Sunglasses,Accessories,27,Georgia,M,Green,Winter,2.5,Yes,Free Shipping,Yes,Yes,11,Credit Card,Quarterly,4,90,108,434.808,51-70,Low Engagement,Low
825,61,Male,Blouse,Clothing,94,Georgia,M,White,Spring,3.0,Yes,Store Pickup,Yes,Yes,48,Cash,Quarterly,4,90,376,2431.9680000000003,51-70,Big-Ticket Occasionals,Moderate
826,27,Male,Belt,Accessories,94,Nebraska,XL,Brown,Fall,3.6,Yes,Next Day Air,Yes,Yes,17,Cash,Monthly,12,30,1128,4988.0160000000005,26-35,Big-Ticket Occasionals,High
827,54,Male,Dress,Clothing,94,Massachusetts,M,Purple,Winter,3.6,Yes,Standard,Yes,Yes,36,PayPal,Weekly,52,7,4888,27744.288,51-70,Premium Loyalists,Very High
828,31,Male,Shoes,Footwear,51,Colorado,S,Green,Fall,4.1,Yes,Free Shipping,Yes,Yes,33,Bank Transfer,Fortnightly,26,14,1326,7263.828000000001,26-35,Habitual Budget Buyers,Very High
829,24,Male,Socks,Clothing,62,Nevada,M,Peach,Fall,3.7,Yes,2-Day Shipping,Yes,Yes,27,PayPal,Bi-Weekly,26,14,1612,8192.184000000001,18-25,Premium Loyalists,Very High
830,42,Male,Socks,Clothing,57,Idaho,S,Silver,Spring,3.1,Yes,2-Day Shipping,Yes,Yes,14,Credit Card,Fortnightly,26,14,1482,6259.968000000001,36-50,Habitual Budget Buyers,High
831,41,Male,Shorts,Clothing,76,Wyoming,M,Maroon,Fall,4.2,Yes,Express,Yes,Yes,5,Credit Card,Annually,1,365,76,275.88000000000005,36-50,Big-Ticket Occasionals,Low
832,66,Male,Gloves,Accessories,63,Washington,M,Red,Summer,4.3,Yes,Express,Yes,Yes,47,Cash,Every 3 Months,4,90,252,1613.304,51-70,Big-Ticket Occasionals,Moderate
833,58,Male,Jacket,Outerwear,80,California,L,Blue,Fall,2.5,Yes,Express,Yes,Yes,28,Cash,Bi-Weekly,26,14,2080,10707.84,51-70,Premium Loyalists,Very High
834,43,Male,Handbag,Accessories,68,Oklahoma,M,Purple,Fall,3.5,Yes,Standard,Yes,Yes,11,Credit Card,Annually,1,365,68,273.76800000000003,36-50,Big-Ticket Occasionals,Low
835,52,Male,Backpack,Accessories,89,Nevada,M,Indigo,Summer,3.1,Yes,Free Shipping,Yes,Yes,18,Credit Card,Weekly,52,7,4628,20770.464,51-70,Premium Loyalists,Very High
836,35,Male,Boots,Footwear,26,Maryland,L,Indigo,Summer,2.5,Yes,Next Day Air,Yes,Yes,21,Debit Card,Weekly,52,7,1352,6335.472,26-35,Habitual Budget Buyers,High
837,23,Male,Gloves,Accessories,90,West Virginia,L,Violet,Winter,3.9,Yes,Store Pickup,Yes,Yes,22,Cash,Bi-Weekly,26,14,2340,11119.68,18-25,Premium Loyalists,Very High
838,25,Male,Hoodie,Clothing,28,Illinois,L,Brown,Spring,4.9,Yes,Express,Yes,Yes,33,Cash,Every 3 Months,4,90,112,613.5360000000001,18-25,Low Engagement,Low
839,33,Male,Coat,Outerwear,29,Kentucky,M,Gray,Spring,4.3,Yes,Express,Yes,Yes,49,Credit Card,Annually,1,365,29,189.48600000000002,26-35,Low Engagement,Low
840,48,Male,Shirt,Clothing,31,Illinois,L,Teal,Spring,2.6,Yes,Free Shipping,Yes,Yes,10,Debit Card,Every 3 Months,4,90,124,491.04,36-50,Low Engagement,Low
841,42,Male,Shirt,Clothing,24,Alabama,L,Teal,Summer,4.2,Yes,2-Day Shipping,Yes,Yes,18,PayPal,Weekly,52,7,1248,5601.023999999999,36-50,Habitual Budget Buyers,High
842,55,Male,Sweater,Clothing,88,Texas,M,Beige,Summer,2.6,Yes,Store Pickup,Yes,Yes,28,PayPal,Fortnightly,26,14,2288,11778.624000000002,51-70,Premium Loyalists,Very High
843,59,Male,Shirt,Clothing,87,Missouri,M,Violet,Spring,3.6,Yes,Express,Yes,Yes,25,PayPal,Weekly,52,7,4524,22393.800000000003,51-70,Premium Loyalists,Very High
844,65,Male,Hoodie,Clothing,80,Pennsylvania,S,Beige,Summer,3.2,Yes,Express,Yes,Yes,6,PayPal,Weekly,52,7,4160,15375.360000000004,51-70,Premium Loyalists,Very High
845,59,Male,Sandals,Footwear,48,Missouri,L,Purple,Winter,4.4,Yes,Express,Yes,Yes,44,Venmo,Bi-Weekly,26,14,1248,7742.592,51-70,Habitual Budget Buyers,Very High
846,31,Male,Belt,Accessories,21,Michigan,XL,Charcoal,Winter,3.7,Yes,Standard,Yes,Yes,30,Venmo,Monthly,12,30,252,1330.5600000000002,26-35,Low Engagement,Moderate
847,49,Male,Boots,Footwear,72,Kentucky,M,Pink,Spring,3.7,Yes,Express,Yes,Yes,42,Debit Card,Quarterly,4,90,288,1748.7359999999999,36-50,Big-Ticket Occasionals,Moderate
848,53,Male,Hoodie,Clothing,44,New Jersey,L,Blue,Fall,4.1,Yes,Standard,Yes,Yes,30,PayPal,Monthly,12,30,528,2787.84,51-70,Low Engagement,High
849,48,Male,Sandals,Footwear,73,Delaware,M,Lavender,Fall,3.6,Yes,Store Pickup,Yes,Yes,33,Credit Card,Bi-Weekly,26,14,1898,10397.244000000002,36-50,Premium Loyalists,Very High
850,23,Male,Jeans,Clothing,61,Missouri,S,Charcoal,Spring,4.3,Yes,Express,Yes,Yes,24,PayPal,Quarterly,4,90,244,1191.696,18-25,Big-Ticket Occasionals,Moderate
851,68,Male,Shoes,Footwear,20,Connecticut,L,Turquoise,Winter,2.6,Yes,Store Pickup,Yes,Yes,13,Venmo,Monthly,12,30,240,997.9200000000002,51-70,Low Engagement,Moderate
852,35,Male,Sandals,Footwear,86,Massachusetts,M,Red,Summer,2.9,Yes,Express,Yes,Yes,19,Debit Card,Monthly,12,30,1032,4699.728,26-35,Big-Ticket Occasionals,High
853,34,Male,Dress,Clothing,60,Florida,L,Yellow,Spring,4.2,Yes,Next Day Air,Yes,Yes,23,Debit Card,Every 3 Months,4,90,240,1156.3200000000002,26-35,Low Engagement,Moderate
854,62,Male,Hat,Accessories,43,Delaware,L,Orange,Winter,4.0,Yes,Free Shipping,Yes,Yes,35,Cash,Monthly,12,30,516,2894.76,51-70,Low Engagement,High
855,21,Male,Pants,Clothing,44,California,L,Blue,Spring,4.3,Yes,Free Shipping,Yes,Yes,22,Venmo,Monthly,12,30,528,2509.056,18-25,Low Engagement,High
856,70,Male,Socks,Clothing,76,Oregon,L,Gold,Spring,3.0,Yes,2-Day Shipping,Yes,Yes,14,Credit Card,Quarterly,4,90,304,1284.0960000000002,51-70,Big-Ticket Occasionals,Moderate
857,55,Male,Shirt,Clothing,33,Alaska,M,Gold,Summer,3.5,Yes,Express,Yes,Yes,47,Debit Card,Fortnightly,26,14,858,5492.916,51-70,Habitual Budget Buyers,High
858,43,Male,Shorts,Clothing,60,Missouri,L,Cyan,Fall,3.0,Yes,Standard,Yes,Yes,50,Debit Card,Every 3 Months,4,90,240,1584.0000000000002,36-50,Low Engagement,Moderate
859,19,Male,Jacket,Outerwear,26,Oklahoma,L,Olive,Fall,3.1,Yes,Free Shipping,Yes,Yes,33,PayPal,Weekly,52,7,1352,7406.256000000001,18-25,Habitual Budget Buyers,Very High
860,47,Male,Hoodie,Clothing,73,Wisconsin,M,Teal,Winter,4.0,Yes,Next Day Air,Yes,Yes,7,Debit Card,Monthly,12,30,876,3295.5120000000006,36-50,Big-Ticket Occasionals,High
861,26,Male,Shoes,Footwear,87,South Carolina,M,Maroon,Spring,4.1,Yes,Standard,Yes,Yes,3,Cash,Monthly,12,30,1044,3651.9120000000003,26-35,Big-Ticket Occasionals,High
862,46,Male,Skirt,Clothing,100,Virginia,XL,Green,Spring,3.3,Yes,2-Day Shipping,Yes,Yes,35,Credit Card,Every 3 Months,4,90,400,2244.0,36-50,Big-Ticket Occasionals,Moderate
863,19,Male,Coat,Outerwear,84,Arkansas,M,Charcoal,Winter,4.9,Yes,Standard,Yes,Yes,13,PayPal,Fortnightly,26,14,2184,9081.072000000002,18-25,Premium Loyalists,Very High
864,49,Male,Sneakers,Footwear,41,Vermont,M,Cyan,Summer,3.9,Yes,Standard,Yes,Yes,42,PayPal,Fortnightly,26,14,1066,6472.752,36-50,Habitual Budget Buyers,High
865,51,Male,Jeans,Clothing,59,Kentucky,S,Charcoal,Winter,3.9,Yes,Next Day Air,Yes,Yes,5,PayPal,Annually,1,365,59,214.17000000000004,51-70,Low Engagement,Low
866,64,Male,Blouse,Clothing,26,Colorado,L,Charcoal,Winter,4.8,Yes,Store Pickup,Yes,Yes,23,Venmo,Annually,1,365,26,125.268,51-70,Low Engagement,Low
867,67,Male,Sunglasses,Accessories,69,New Mexico,M,Lavender,Summer,2.7,Yes,Free Shipping,Yes,Yes,11,PayPal,Bi-Weekly,26,14,1794,7222.644,51-70,Premium Loyalists,Very High
868,37,Male,Jacket,Outerwear,20,Colorado,M,Turquoise,Spring,3.1,Yes,Free Shipping,Yes,Yes,23,Bank Transfer,Fortnightly,26,14,520,2505.36,36-50,Habitual Budget Buyers,Moderate
869,40,Male,Dress,Clothing,83,North Carolina,M,Green,Summer,3.2,Yes,Next Day Air,Yes,Yes,2,Credit Card,Every 3 Months,4,90,332,1139.4240000000002,36-50,Big-Ticket Occasionals,Moderate
870,38,Male,Hat,Accessories,54,New Hampshire,M,Silver,Spring,2.7,Yes,2-Day Shipping,Yes,Yes,33,PayPal,Weekly,52,7,2808,15382.224000000004,36-50,Habitual Budget Buyers,Very High
871,66,Male,Hoodie,Clothing,66,West Virginia,M,Blue,Fall,2.5,Yes,Standard,Yes,Yes,6,Bank Transfer,Bi-Weekly,26,14,1716,6342.336000000001,51-70,Premium Loyalists,High
872,47,Male,Handbag,Accessories,42,Hawaii,M,Charcoal,Spring,2.6,Yes,Next Day Air,Yes,Yes,45,Debit Card,Quarterly,4,90,168,1053.36,36-50,Low Engagement,Moderate
873,56,Male,Jeans,Clothing,33,North Dakota,M,Pink,Spring,2.9,Yes,Standard,Yes,Yes,25,Cash,Quarterly,4,90,132,653.4000000000001,51-70,Low Engagement,Low
874,51,Male,Boots,Footwear,77,Mississippi,M,Pink,Summer,4.2,Yes,Free Shipping,Yes,Yes,24,Venmo,Quarterly,4,90,308,1504.2720000000002,51-70,Big-Ticket Occasionals,Moderate
875,25,Male,Jacket,Outerwear,65,Maine,M,Magenta,Fall,4.4,Yes,Free Shipping,Yes,Yes,10,Venmo,Every 3 Months,4,90,260,1029.6000000000001,18-25,Big-Ticket Occasionals,Moderate
876,37,Male,Sandals,Footwear,39,North Dakota,L,Gray,Summer,4.1,Yes,Free Shipping,Yes,Yes,7,Bank Transfer,Every 3 Months,4,90,156,586.8720000000002,36-50,Low Engagement,Low
877,41,Male,Belt,Accessories,51,Nebraska,L,Gray,Summer,3.8,Yes,2-Day Shipping,Yes,Yes,1,Debit Card,Weekly,52,7,2652,8926.632000000001,36-50,Habitual Budget Buyers,Very High
878,64,Male,Handbag,Accessories,65,Nebraska,M,Orange,Winter,4.9,Yes,Next Day Air,Yes,Yes,45,Venmo,Every 3 Months,4,90,260,1630.2,51-70,Big-Ticket Occasionals,Moderate
879,23,Male,Sunglasses,Accessories,89,Tennessee,S,Black,Summer,4.9,Yes,Express,Yes,Yes,37,Debit Card,Weekly,52,7,4628,26573.976000000002,18-25,Premium Loyalists,Very High
880,62,Male,Skirt,Clothing,76,Wyoming,S,Lavender,Spring,4.1,Yes,Free Shipping,Yes,Yes,14,PayPal,Quarterly,4,90,304,1284.0960000000002,51-70,Big-Ticket Occasionals,Moderate
881,39,Male,Backpack,Accessories,75,Nevada,L,Red,Spring,3.1,Yes,Express,Yes,Yes,25,Debit Card,Monthly,12,30,900,4455.0,36-50,Big-Ticket Occasionals,High
882,52,Male,Sandals,Footwear,61,South Carolina,M,Silver,Summer,2.7,Yes,Next Day Air,Yes,Yes,18,Venmo,Annually,1,365,61,273.768,51-70,Big-Ticket Occasionals,Low
883,50,Male,Boots,Footwear,35,Virginia,M,Cyan,Fall,3.8,Yes,Next Day Air,Yes,Yes,37,Cash,Every 3 Months,4,90,140,803.88,36-50,Low Engagement,Low
884,28,Male,Sneakers,Footwear,37,Pennsylvania,S,Gold,Fall,4.3,Yes,Free Shipping,Yes,Yes,30,Bank Transfer,Monthly,12,30,444,2344.3200000000006,26-35,Low Engagement,Moderate
885,67,Male,Skirt,Clothing,91,Hawaii,L,Yellow,Winter,4.1,Yes,Express,Yes,Yes,34,Bank Transfer,Weekly,52,7,4732,26234.208000000006,51-70,Premium Loyalists,Very High
886,41,Male,Dress,Clothing,99,Ohio,L,Purple,Fall,4.4,Yes,Free Shipping,Yes,Yes,49,Debit Card,Every 3 Months,4,90,396,2587.464,36-50,Big-Ticket Occasionals,High
887,19,Male,Shorts,Clothing,54,Utah,S,Brown,Summer,3.6,Yes,Express,Yes,Yes,48,Bank Transfer,Monthly,12,30,648,4191.264,18-25,Low Engagement,High
888,70,Male,Handbag,Accessories,47,Minnesota,L,Turquoise,Winter,3.3,Yes,2-Day Shipping,Yes,Yes,33,PayPal,Fortnightly,26,14,1222,6694.116000000001,51-70,Habitual Budget Buyers,High
889,49,Male,Scarf,Accessories,77,New Hampshire,S,Gold,Spring,3.6,Yes,Express,Yes,Yes,44,Cash,Annually,1,365,77,477.708,36-50,Big-Ticket Occasionals,Low
890,59,Male,Belt,Accessories,84,Arizona,S,Olive,Fall,2.8,Yes,Free Shipping,Yes,Yes,50,Venmo,Weekly,52,7,4368,28828.800000000003,51-70,Premium Loyalists,Very High
891,52,Male,Gloves,Accessories,51,New York,S,Purple,Spring,4.3,Yes,2-Day Shipping,Yes,Yes,47,Credit Card,Monthly,12,30,612,3918.024,51-70,Low Engagement,High
892,20,Male,Skirt,Clothing,26,Pennsylvania,S,Lavender,Summer,3.9,Yes,Store Pickup,Yes,Yes,24,PayPal,Every 3 Months,4,90,104,507.93600000000004,18-25,Low Engagement,Low
893,31,Male,Shorts,Clothing,64,New Mexico,L,Gray,Summer,2.7,Yes,Free Shipping,Yes,Yes,43,Debit Card,Monthly,12,30,768,4713.984,26-35,Big-Ticket Occasionals,High
894,33,Male,Backpack,Accessories,51,Nebraska,M,Red,Spring,4.7,Yes,Express,Yes,Yes,14,Venmo,Monthly,12,30,612,2585.088,26-35,Low Engagement,High
895,44,Male,Hoodie,Clothing,60,Wyoming,L,Purple,Spring,3.8,Yes,Free Shipping,Yes,Yes,3,Debit Card,Quarterly,4,90,240,839.5200000000001,36-50,Low Engagement,Low
896,40,Male,Hat,Accessories,69,Mississippi,XL,Olive,Spring,4.7,Yes,Next Day Air,Yes,Yes,33,Debit Card,Quarterly,4,90,276,1511.928,36-50,Big-Ticket Occasionals,Moderate
897,69,Male,Jewelry,Accessories,29,Arkansas,M,Lavender,Spring,4.7,Yes,Express,Yes,Yes,38,Cash,Fortnightly,26,14,754,4379.232,51-70,Habitual Budget Buyers,High
898,29,Male,Shirt,Clothing,91,Illinois,M,Gray,Spring,3.4,Yes,Express,Yes,Yes,46,Venmo,Weekly,52,7,4732,29981.952,26-35,Premium Loyalists,Very High
899,54,Male,Belt,Accessories,70,Nevada,L,Red,Spring,3.5,Yes,2-Day Shipping,Yes,Yes,19,Bank Transfer,Every 3 Months,4,90,280,1275.12,51-70,Big-Ticket Occasionals,Moderate
900,65,Male,Sweater,Clothing,58,Rhode Island,M,Peach,Summer,4.0,Yes,Standard,Yes,Yes,20,PayPal,Annually,1,365,58,267.96000000000004,51-70,Low Engagement,Low
901,54,Male,Hat,Accessories,98,West Virginia,L,Gray,Fall,3.3,Yes,Free Shipping,Yes,Yes,42,Bank Transfer,Quarterly,4,90,392,2380.2239999999997,51-70,Big-Ticket Occasionals,Moderate
902,60,Male,Scarf,Accessories,68,Missouri,L,Violet,Summer,4.7,Yes,2-Day Shipping,Yes,Yes,34,Cash,Monthly,12,30,816,4523.904,51-70,Big-Ticket Occasionals,High
903,43,Male,Hat,Accessories,44,Kentucky,M,Beige,Summer,2.8,Yes,Next Day Air,Yes,Yes,5,Cash,Monthly,12,30,528,1916.6400000000003,36-50,Low Engagement,Moderate
904,44,Male,Jacket,Outerwear,45,Washington,M,Blue,Winter,3.3,Yes,Express,Yes,Yes,3,PayPal,Quarterly,4,90,180,629.64,36-50,Low Engagement,Low
905,69,Male,T-shirt,Clothing,99,Alaska,L,Magenta,Spring,2.9,Yes,Free Shipping,Yes,Yes,46,PayPal,Every 3 Months,4,90,396,2509.056,51-70,Big-Ticket Occasionals,High
906,46,Male,Dress,Clothing,68,Mississippi,S,Cyan,Spring,2.8,Yes,Standard,Yes,Yes,16,Venmo,Annually,1,365,68,296.2080000000001,36-50,Big-Ticket Occasionals,Low
907,41,Male,Pants,Clothing,56,South Carolina,M,Red,Spring,4.2,Yes,Standard,Yes,Yes,21,Debit Card,Bi-Weekly,26,14,1456,6822.816,36-50,Habitual Budget Buyers,High
908,32,Male,Sweater,Clothing,43,Missouri,L,Cyan,Winter,4.4,Yes,Express,Yes,Yes,34,Credit Card,Bi-Weekly,26,14,1118,6198.192000000001,26-35,Habitual Budget Buyers,High
909,26,Male,Sunglasses,Accessories,99,New Jersey,M,Turquoise,Winter,3.6,Yes,Free Shipping,Yes,Yes,9,PayPal,Every 3 Months,4,90,396,1542.0240000000001,26-35,Big-Ticket Occasionals,Moderate
910,61,Male,Belt,Accessories,56,Louisiana,L,Silver,Fall,2.7,Yes,Express,Yes,Yes,36,PayPal,Weekly,52,7,2912,16528.512000000002,51-70,Habitual Budget Buyers,Very High
911,49,Male,Hoodie,Clothing,25,South Carolina,S,Pink,Spring,3.4,Yes,Express,Yes,Yes,22,Credit Card,Monthly,12,30,300,1425.6000000000001,36-50,Low Engagement,Moderate
912,53,Male,Pants,Clothing,74,Vermont,M,Black,Winter,2.8,Yes,2-Day Shipping,Yes,Yes,2,Bank Transfer,Quarterly,4,90,296,1015.8720000000001,51-70,Big-Ticket Occasionals,Moderate
913,24,Male,Hoodie,Clothing,56,Arkansas,M,Green,Winter,3.4,Yes,Next Day Air,Yes,Yes,32,Bank Transfer,Monthly,12,30,672,3636.8640000000005,18-25,Low Engagement,High
914,37,Male,Sneakers,Footwear,47,Utah,M,Yellow,Fall,2.6,Yes,Next Day Air,Yes,Yes,29,Cash,Every 3 Months,4,90,188,980.2320000000001,36-50,Low Engagement,Moderate
915,43,Male,Dress,Clothing,67,Washington,L,Purple,Summer,4.1,Yes,Standard,Yes,Yes,27,Venmo,Every 3 Months,4,90,268,1361.976,36-50,Big-Ticket Occasionals,Moderate
916,31,Male,Dress,Clothing,22,Rhode Island,L,Purple,Winter,2.9,Yes,Store Pickup,Yes,Yes,33,Credit Card,Fortnightly,26,14,572,3133.4160000000006,26-35,Habitual Budget Buyers,High
917,49,Male,Jeans,Clothing,34,Illinois,S,Blue,Spring,2.7,Yes,Standard,Yes,Yes,16,Venmo,Monthly,12,30,408,1777.2480000000003,36-50,Low Engagement,Moderate
918,69,Male,Sweater,Clothing,64,Missouri,M,Maroon,Spring,3.7,Yes,Standard,Yes,Yes,11,Bank Transfer,Quarterly,4,90,256,1030.6560000000002,51-70,Big-Ticket Occasionals,Moderate
919,65,Male,Shorts,Clothing,42,North Carolina,M,Orange,Spring,4.3,Yes,2-Day Shipping,Yes,Yes,11,Cash,Fortnightly,26,14,1092,4396.392,51-70,Habitual Budget Buyers,High
920,41,Male,Shirt,Clothing,82,Massachusetts,L,Green,Winter,2.6,Yes,2-Day Shipping,Yes,Yes,17,Debit Card,Bi-Weekly,26,14,2132,9427.704000000002,36-50,Premium Loyalists,Very High
921,37,Male,Belt,Accessories,81,Arkansas,XL,Gold,Summer,4.3,Yes,Free Shipping,Yes,Yes,37,Cash,Weekly,52,7,4212,24185.304,36-50,Premium Loyalists,Very High
922,70,Male,Coat,Outerwear,24,South Dakota,L,Silver,Summer,4.1,Yes,Express,Yes,Yes,18,PayPal,Weekly,52,7,1248,5601.023999999999,51-70,Habitual Budget Buyers,High
923,63,Male,Sneakers,Footwear,60,Georgia,M,Cyan,Fall,4.2,Yes,Standard,Yes,Yes,13,Credit Card,Monthly,12,30,720,2993.76,51-70,Low Engagement,High
924,55,Male,Shirt,Clothing,24,Arkansas,M,Silver,Spring,4.2,Yes,2-Day Shipping,Yes,Yes,7,PayPal,Weekly,52,7,1248,4694.9760000000015,51-70,Habitual Budget Buyers,High
925,52,Male,Socks,Clothing,78,Kansas,XL,Beige,Winter,3.1,Yes,Standard,Yes,Yes,37,Cash,Quarterly,4,90,312,1791.5040000000004,51-70,Big-Ticket Occasionals,Moderate
926,22,Male,Jeans,Clothing,88,Arizona,L,Teal,Winter,4.9,Yes,Express,Yes,Yes,8,Cash,Monthly,12,30,1056,4042.368,18-25,Big-Ticket Occasionals,High
927,54,Male,Jeans,Clothing,63,Massachusetts,XL,Green,Spring,4.4,Yes,Express,Yes,Yes,11,Cash,Bi-Weekly,26,14,1638,6594.588000000001,51-70,Premium Loyalists,High
928,28,Male,Sneakers,Footwear,78,New Mexico,L,Black,Summer,4.4,Yes,Standard,Yes,Yes,8,Venmo,Bi-Weekly,26,14,2028,7763.184,26-35,Premium Loyalists,Very High
929,67,Male,Dress,Clothing,37,Arkansas,XL,Yellow,Winter,3.4,Yes,Store Pickup,Yes,Yes,31,Cash,Every 3 Months,4,90,148,791.2080000000002,51-70,Low Engagement,Low
930,59,Male,Boots,Footwear,94,Nebraska,M,White,Fall,4.5,Yes,2-Day Shipping,Yes,Yes,26,Debit Card,Fortnightly,26,14,2444,12259.104000000001,51-70,Premium Loyalists,Very High
931,26,Male,T-shirt,Clothing,78,Hawaii,L,Green,Fall,4.5,Yes,Store Pickup,Yes,Yes,20,Credit Card,Bi-Weekly,26,14,2028,9369.36,26-35,Premium Loyalists,Very High
932,24,Male,Coat,Outerwear,36,Nebraska,M,Silver,Winter,4.1,Yes,Standard,Yes,Yes,24,Bank Transfer,Fortnightly,26,14,936,4571.424000000001,18-25,Habitual Budget Buyers,High
933,62,Male,Skirt,Clothing,24,Indiana,L,Blue,Winter,3.2,Yes,Standard,Yes,Yes,45,Debit Card,Bi-Weekly,26,14,624,3912.48,51-70,Habitual Budget Buyers,High
934,70,Male,Sneakers,Footwear,84,Colorado,M,Magenta,Spring,2.7,Yes,Store Pickup,Yes,Yes,33,Debit Card,Monthly,12,30,1008,5521.8240000000005,51-70,Big-Ticket Occasionals,High
935,45,Male,Jeans,Clothing,47,Oregon,S,Yellow,Spring,3.7,Yes,Express,Yes,Yes,21,Bank Transfer,Monthly,12,30,564,2642.904,36-50,Low Engagement,High
936,58,Male,Hoodie,Clothing,51,Ohio,L,White,Fall,2.6,Yes,Store Pickup,Yes,Yes,2,Bank Transfer,Fortnightly,26,14,1326,4550.832,51-70,Habitual Budget Buyers,High
937,31,Male,Shoes,Footwear,84,Maine,M,Pink,Summer,2.7,Yes,Free Shipping,Yes,Yes,28,Cash,Weekly,52,7,4368,22486.464000000004,26-35,Premium Loyalists,Very High
938,32,Male,Shorts,Clothing,24,Iowa,M,Magenta,Summer,2.7,Yes,Express,Yes,Yes,18,Venmo,Quarterly,4,90,96,430.84799999999996,26-35,Low Engagement,Low
939,36,Male,Blouse,Clothing,97,Wisconsin,S,Teal,Fall,4.8,Yes,Free Shipping,Yes,Yes,21,Debit Card,Fortnightly,26,14,2522,11818.092,36-50,Premium Loyalists,Very High
940,25,Male,T-shirt,Clothing,89,New York,L,Indigo,Winter,4.8,Yes,Next Day Air,Yes,Yes,24,Credit Card,Monthly,12,30,1068,5216.112,18-25,Big-Ticket Occasionals,High
941,48,Male,Belt,Accessories,44,Colorado,S,Maroon,Spring,2.6,Yes,Store Pickup,Yes,Yes,15,PayPal,Every 3 Months,4,90,176,755.0400000000001,36-50,Low Engagement,Low
942,39,Male,Handbag,Accessories,35,Illinois,L,Black,Winter,4.5,Yes,2-Day Shipping,Yes,Yes,38,PayPal,Every 3 Months,4,90,140,813.1200000000001,36-50,Low Engagement,Low
943,26,Male,Dress,Clothing,91,Arizona,M,Cyan,Winter,3.2,Yes,Express,Yes,Yes,38,PayPal,Bi-Weekly,26,14,2366,13741.728000000001,26-35,Premium Loyalists,Very High
944,32,Male,Hat,Accessories,63,Oklahoma,L,Cyan,Winter,3.8,Yes,Next Day Air,Yes,Yes,13,Venmo,Fortnightly,26,14,1638,6810.804000000001,26-35,Premium Loyalists,High
945,54,Male,Belt,Accessories,97,Indiana,S,Gray,Spring,4.8,Yes,Express,Yes,Yes,39,Cash,Bi-Weekly,26,14,2522,14814.228000000001,51-70,Premium Loyalists,Very High
946,38,Male,Boots,Footwear,38,Minnesota,M,Violet,Summer,4.1,Yes,Store Pickup,Yes,Yes,8,Venmo,Every 3 Months,4,90,152,581.856,36-50,Low Engagement,Low
947,46,Male,Coat,Outerwear,24,Pennsylvania,XL,Blue,Spring,2.8,Yes,Next Day Air,Yes,Yes,4,PayPal,Quarterly,4,90,96,342.14400000000006,36-50,Low Engagement,Low
948,57,Male,Blouse,Clothing,32,Indiana,M,Charcoal,Winter,3.9,Yes,Store Pickup,Yes,Yes,6,Cash,Every 3 Months,4,90,128,473.0880000000001,51-70,Low Engagement,Low
949,49,Male,Hat,Accessories,90,Alabama,L,Olive,Summer,4.9,Yes,Express,Yes,Yes,11,Venmo,Every 3 Months,4,90,360,1449.3600000000001,36-50,Big-Ticket Occasionals,Moderate
950,33,Male,Jeans,Clothing,36,Montana,M,Olive,Summer,3.4,Yes,Standard,Yes,Yes,49,Venmo,Monthly,12,30,432,2822.688,26-35,Low Engagement,High
951,54,Male,Backpack,Accessories,37,New Mexico,XL,Turquoise,Winter,4.1,Yes,Free Shipping,Yes,Yes,30,PayPal,Quarterly,4,90,148,781.4400000000002,51-70,Low Engagement,Low
952,47,Male,Dress,Clothing,51,Alaska,M,Cyan,Summer,2.9,Yes,Express,Yes,Yes,34,Bank Transfer,Monthly,12,30,612,3392.928000000001,36-50,Low Engagement,High
953,36,Male,Hat,Accessories,71,Idaho,S,Red,Fall,3.1,Yes,2-Day Shipping,Yes,Yes,28,PayPal,Monthly,12,30,852,4386.0960000000005,36-50,Big-Ticket Occasionals,High
954,68,Male,Sunglasses,Accessories,50,Utah,S,Cyan,Spring,3.6,Yes,2-Day Shipping,Yes,Yes,36,Venmo,Quarterly,4,90,200,1135.2,51-70,Low Engagement,Moderate
955,60,Male,Hat,Accessories,74,Louisiana,S,Turquoise,Fall,3.5,Yes,Standard,Yes,Yes,18,Credit Card,Every 3 Months,4,90,296,1328.4479999999999,51-70,Big-Ticket Occasionals,Moderate
956,55,Male,Dress,Clothing,75,Mississippi,L,Lavender,Summer,3.4,Yes,Free Shipping,Yes,Yes,4,PayPal,Monthly,12,30,900,3207.6000000000004,51-70,Big-Ticket Occasionals,High
957,29,Male,Shirt,Clothing,99,Mississippi,XL,Cyan,Spring,2.9,Yes,2-Day Shipping,Yes,Yes,42,Debit Card,Quarterly,4,90,396,2404.5119999999997,26-35,Big-Ticket Occasionals,Moderate
958,38,Male,Scarf,Accessories,23,Indiana,XL,Violet,Spring,4.7,Yes,Store Pickup,Yes,Yes,11,Cash,Quarterly,4,90,92,370.392,36-50,Low Engagement,Low
959,70,Male,Sneakers,Footwear,53,Washington,XL,Beige,Winter,4.4,Yes,Free Shipping,Yes,Yes,31,Credit Card,Bi-Weekly,26,14,1378,7366.788000000001,51-70,Habitual Budget Buyers,Very High
960,36,Male,Skirt,Clothing,99,Nevada,M,Cyan,Spring,2.6,Yes,Standard,Yes,Yes,12,Cash,Fortnightly,26,14,2574,10532.808,36-50,Premium Loyalists,Very High
961,18,Male,Jewelry,Accessories,48,Louisiana,XL,Indigo,Spring,4.4,Yes,Standard,Yes,Yes,20,Venmo,Quarterly,4,90,192,887.0400000000001,18-25,Low Engagement,Moderate
962,62,Male,Boots,Footwear,72,Pennsylvania,L,Olive,Fall,3.7,Yes,Next Day Air,Yes,Yes,37,Debit Card,Quarterly,4,90,288,1653.696,51-70,Big-Ticket Occasionals,Moderate
963,29,Male,Sunglasses,Accessories,64,Michigan,L,Green,Spring,4.4,Yes,Standard,Yes,Yes,26,Debit Card,Fortnightly,26,14,1664,8346.624000000002,26-35,Premium Loyalists,Very High
964,21,Male,Boots,Footwear,63,South Carolina,L,Green,Spring,2.5,Yes,2-Day Shipping,Yes,Yes,14,Credit Card,Weekly,52,7,3276,13837.824,18-25,Premium Loyalists,Very High
965,42,Male,Sandals,Footwear,51,Arizona,M,Beige,Spring,2.6,Yes,Next Day Air,Yes,Yes,12,Venmo,Bi-Weekly,26,14,1326,5425.992000000001,36-50,Habitual Budget Buyers,High
966,43,Male,Boots,Footwear,55,Delaware,L,Black,Spring,5.0,Yes,Store Pickup,Yes,Yes,10,Credit Card,Annually,1,365,55,217.8,36-50,Low Engagement,Low
967,58,Male,Dress,Clothing,55,Kentucky,M,Brown,Spring,4.9,Yes,Express,Yes,Yes,19,Cash,Annually,1,365,55,250.47,51-70,Low Engagement,Low
968,27,Male,Hoodie,Clothing,26,Georgia,S,Silver,Summer,3.7,Yes,Store Pickup,Yes,Yes,4,Cash,Weekly,52,7,1352,4818.528000000001,26-35,Habitual Budget Buyers,High
969,57,Male,Shorts,Clothing,67,North Carolina,L,Gray,Summer,3.1,Yes,Next Day Air,Yes,Yes,48,Bank Transfer,Quarterly,4,90,268,1733.424,51-70,Big-Ticket Occasionals,Moderate
970,40,Male,Coat,Outerwear,31,California,S,Pink,Fall,3.2,Yes,Express,Yes,Yes,37,PayPal,Monthly,12,30,372,2136.024,36-50,Low Engagement,Moderate
971,45,Male,Jeans,Clothing,66,California,S,Maroon,Winter,4.4,Yes,Free Shipping,Yes,Yes,4,Cash,Monthly,12,30,792,2822.6880000000006,36-50,Big-Ticket Occasionals,High
972,47,Male,Sunglasses,Accessories,67,Indiana,M,Cyan,Summer,4.3,Yes,Next Day Air,Yes,Yes,15,Credit Card,Weekly,52,7,3484,14946.360000000002,36-50,Premium Loyalists,Very High
973,61,Male,Sneakers,Footwear,61,Colorado,L,Gold,Winter,3.0,Yes,Standard,Yes,Yes,33,Credit Card,Weekly,52,7,3172,17376.216000000004,51-70,Premium Loyalists,Very High
974,60,Male,Jacket,Outerwear,75,Colorado,M,Teal,Fall,3.5,Yes,2-Day Shipping,Yes,Yes,30,Bank Transfer,Quarterly,4,90,300,1584.0000000000002,51-70,Big-Ticket Occasionals,Moderate
975,69,Male,Skirt,Clothing,90,North Carolina,M,Beige,Spring,3.6,Yes,2-Day Shipping,Yes,Yes,23,Bank Transfer,Monthly,12,30,1080,5203.44,51-70,Big-Ticket Occasionals,High
976,58,Male,Sweater,Clothing,40,Washington,M,Olive,Summer,3.8,Yes,2-Day Shipping,Yes,Yes,2,Bank Transfer,Weekly,52,7,2080,7138.560000000001,51-70,Habitual Budget Buyers,High
977,34,Male,T-shirt,Clothing,90,Florida,M,Gray,Fall,3.6,Yes,Express,Yes,Yes,50,Credit Card,Every 3 Months,4,90,360,2376.0,26-35,Big-Ticket Occasionals,Moderate
978,20,Male,Belt,Accessories,20,Washington,M,Black,Spring,4.6,Yes,Express,Yes,Yes,34,Cash,Bi-Weekly,26,14,520,2882.8800000000006,18-25,Habitual Budget Buyers,High
979,56,Male,Gloves,Accessories,40,Colorado,M,Turquoise,Summer,2.5,Yes,Standard,Yes,Yes,33,Credit Card,Weekly,52,7,2080,11394.240000000003,51-70,Habitual Budget Buyers,Very High
980,64,Male,Hat,Accessories,33,New Hampshire,S,Brown,Fall,3.5,Yes,Store Pickup,Yes,Yes,34,Debit Card,Monthly,12,30,396,2195.4240000000004,51-70,Low Engagement,Moderate
981,56,Male,Boots,Footwear,98,Maryland,S,Magenta,Spring,4.0,Yes,Free Shipping,Yes,Yes,39,PayPal,Every 3 Months,4,90,392,2302.6080000000006,51-70,Big-Ticket Occasionals,Moderate
982,27,Male,Belt,Accessories,42,Maryland,M,Silver,Spring,3.5,Yes,Next Day Air,Yes,Yes,47,Credit Card,Quarterly,4,90,168,1075.536,26-35,Low Engagement,Moderate
983,35,Male,Coat,Outerwear,62,Texas,S,Red,Summer,3.2,Yes,Standard,Yes,Yes,37,PayPal,Monthly,12,30,744,4272.048,26-35,Big-Ticket Occasionals,High
984,24,Male,Hat,Accessories,45,New Mexico,L,Indigo,Winter,3.5,Yes,Free Shipping,Yes,Yes,40,Venmo,Bi-Weekly,26,14,1170,6949.8,18-25,Habitual Budget Buyers,High
985,26,Male,Shoes,Footwear,78,Utah,M,Green,Summer,3.4,Yes,Free Shipping,Yes,Yes,8,Credit Card,Bi-Weekly,26,14,2028,7763.184,26-35,Premium Loyalists,Very High
986,32,Male,Handbag,Accessories,80,West Virginia,M,Gray,Fall,5.0,Yes,Express,Yes,Yes,12,Bank Transfer,Annually,1,365,80,327.36000000000007,26-35,Big-Ticket Occasionals,Low
987,54,Male,Scarf,Accessories,96,Connecticut,S,Peach,Spring,4.5,Yes,Store Pickup,Yes,Yes,36,Bank Transfer,Monthly,12,30,1152,6538.752,51-70,Big-Ticket Occasionals,High
988,62,Male,Handbag,Accessories,47,West Virginia,M,Charcoal,Summer,2.8,Yes,Express,Yes,Yes,48,PayPal,Weekly,52,7,2444,15807.792000000001,51-70,Habitual Budget Buyers,Very High
989,50,Male,Pants,Clothing,84,Ohio,M,Orange,Winter,4.9,Yes,2-Day Shipping,Yes,Yes,47,PayPal,Fortnightly,26,14,2184,13981.968,36-50,Premium Loyalists,Very High
990,70,Male,Shoes,Footwear,31,Texas,M,Beige,Spring,3.1,Yes,Store Pickup,Yes,Yes,2,Bank Transfer,Monthly,12,30,372,1276.7040000000002,51-70,Low Engagement,Moderate
991,48,Male,Sunglasses,Accessories,63,Washington,S,Yellow,Spring,4.8,Yes,Store Pickup,Yes,Yes,24,Cash,Weekly,52,7,3276,15999.984000000002,36-50,Premium Loyalists,Very High
992,20,Male,Shorts,Clothing,97,Wisconsin,XL,White,Spring,2.7,Yes,Standard,Yes,Yes,40,Bank Transfer,Bi-Weekly,26,14,2522,14980.680000000002,18-25,Premium Loyalists,Very High
993,46,Male,Jacket,Outerwear,99,Louisiana,M,Gray,Winter,4.6,Yes,Express,Yes,Yes,50,Debit Card,Weekly,52,7,5148,33976.8,36-50,Premium Loyalists,Very High
994,51,Male,Sandals,Footwear,90,Iowa,M,Peach,Winter,4.4,Yes,Store Pickup,Yes,Yes,25,Cash,Weekly,52,7,4680,23166.000000000004,51-70,Premium Loyalists,Very High
995,53,Male,Shoes,Footwear,68,New York,L,Violet,Fall,3.2,Yes,Express,Yes,Yes,20,Debit Card,Monthly,12,30,816,3769.92,51-70,Big-Ticket Occasionals,High
996,44,Male,Jewelry,Accessories,80,Idaho,M,Magenta,Spring,3.0,Yes,2-Day Shipping,Yes,Yes,10,Venmo,Weekly,52,7,4160,16473.600000000002,36-50,Premium Loyalists,Very High
997,29,Male,Sandals,Footwear,91,Delaware,L,Maroon,Summer,4.9,Yes,Standard,Yes,Yes,32,Bank Transfer,Quarterly,4,90,364,1969.9680000000003,26-35,Big-Ticket Occasionals,Moderate
998,64,Male,Pants,Clothing,30,Kentucky,M,Cyan,Spring,3.6,Yes,Express,Yes,Yes,31,Cash,Fortnightly,26,14,780,4169.88,51-70,Habitual Budget Buyers,High
999,51,Male,Shoes,Footwear,90,Connecticut,M,White,Spring,3.8,Yes,Next Day Air,Yes,Yes,48,Bank Transfer,Bi-Weekly,26,14,2340,15135.12,51-70,Premium Loyalists,Very High
1000,50,Male,Socks,Clothing,28,New Mexico,L,Brown,Spring,2.9,Yes,Standard,Yes,Yes,23,Debit Card,Monthly,12,30,336,1618.8480000000002,36-50,Low Engagement,Moderate
1001,43,Male,Socks,Clothing,46,Georgia,M,Red,Winter,3.9,Yes,Express,Yes,Yes,1,Bank Transfer,Bi-Weekly,26,14,1196,4025.736000000001,36-50,Habitual Budget Buyers,High
1002,61,Male,Dress,Clothing,60,Washington,M,Orange,Fall,3.6,Yes,Standard,Yes,Yes,4,Debit Card,Fortnightly,26,14,1560,5559.840000000001,51-70,Habitual Budget Buyers,High
1003,55,Male,Shoes,Footwear,59,North Dakota,M,White,Spring,3.5,Yes,Store Pickup,Yes,Yes,3,Bank Transfer,Bi-Weekly,26,14,1534,5365.932000000001,51-70,Habitual Budget Buyers,High
1004,56,Male,Hat,Accessories,68,Ohio,M,Green,Fall,4.0,Yes,Store Pickup,Yes,Yes,3,Cash,Bi-Weekly,26,14,1768,6184.464000000001,51-70,Premium Loyalists,High
1005,33,Male,Backpack,Accessories,79,Tennessee,M,Black,Summer,4.8,Yes,2-Day Shipping,Yes,Yes,44,Cash,Annually,1,365,79,490.11600000000004,26-35,Big-Ticket Occasionals,Low
1006,43,Male,Backpack,Accessories,94,New York,M,Gold,Winter,3.9,Yes,Store Pickup,Yes,Yes,5,Debit Card,Bi-Weekly,26,14,2444,8871.720000000001,36-50,Premium Loyalists,Very High
1007,21,Male,Pants,Clothing,83,Michigan,S,Lavender,Summer,4.5,Yes,Next Day Air,Yes,Yes,50,Venmo,Quarterly,4,90,332,2191.2000000000003,18-25,Big-Ticket Occasionals,Moderate
1008,58,Male,Gloves,Accessories,62,Georgia,XL,Turquoise,Spring,4.8,Yes,Standard,Yes,Yes,2,Credit Card,Annually,1,365,62,212.78400000000002,51-70,Big-Ticket Occasionals,Low
1009,41,Male,Scarf,Accessories,85,New Mexico,M,Pink,Spring,2.6,Yes,Store Pickup,Yes,Yes,29,PayPal,Annually,1,365,85,443.19000000000005,36-50,Big-Ticket Occasionals,Low
1010,39,Male,Hoodie,Clothing,30,Louisiana,M,Silver,Summer,3.1,Yes,Express,Yes,Yes,11,Venmo,Annually,1,365,30,120.78,36-50,Low Engagement,Low
1011,54,Male,Jeans,Clothing,24,South Dakota,XL,Gray,Spring,4.7,Yes,2-Day Shipping,Yes,Yes,37,Credit Card,Fortnightly,26,14,624,3583.0080000000007,51-70,Habitual Budget Buyers,High
1012,43,Male,Backpack,Accessories,25,Montana,L,Indigo,Spring,2.9,Yes,Next Day Air,Yes,Yes,32,Debit Card,Fortnightly,26,14,650,3517.8000000000006,36-50,Habitual Budget Buyers,High
1013,28,Male,Sandals,Footwear,37,New Mexico,L,Teal,Summer,3.8,Yes,Express,Yes,Yes,27,Credit Card,Annually,1,365,37,188.03400000000002,26-35,Low Engagement,Low
1014,59,Male,Belt,Accessories,69,South Carolina,XL,Green,Summer,3.8,Yes,2-Day Shipping,Yes,Yes,31,Venmo,Bi-Weekly,26,14,1794,9590.724,51-70,Premium Loyalists,Very High
1015,28,Male,Shoes,Footwear,97,Ohio,M,Violet,Summer,3.0,Yes,Standard,Yes,Yes,36,Debit Card,Fortnightly,26,14,2522,14314.872000000001,26-35,Premium Loyalists,Very High
1016,68,Male,Gloves,Accessories,24,North Carolina,M,Cyan,Summer,4.1,Yes,Standard,Yes,Yes,34,Cash,Weekly,52,7,1248,6918.912000000002,51-70,Habitual Budget Buyers,High
1017,20,Male,Belt,Accessories,30,Idaho,XL,Blue,Summer,3.4,Yes,Express,Yes,Yes,15,Bank Transfer,Every 3 Months,4,90,120,514.8000000000001,18-25,Low Engagement,Low
1018,21,Male,Jacket,Outerwear,53,Oklahoma,L,Orange,Fall,2.5,Yes,Express,Yes,Yes,14,Credit Card,Annually,1,365,53,223.87200000000004,18-25,Low Engagement,Low
1019,50,Male,Dress,Clothing,70,Georgia,XL,Charcoal,Spring,4.9,Yes,Next Day Air,Yes,Yes,46,Cash,Weekly,52,7,3640,23063.04,36-50,Premium Loyalists,Very High
1020,32,Male,Shirt,Clothing,76,Kentucky,S,Beige,Winter,2.8,Yes,Standard,Yes,Yes,33,Venmo,Bi-Weekly,26,14,1976,10824.528000000002,26-35,Premium Loyalists,Very High
1021,24,Male,Scarf,Accessories,95,Delaware,M,Black,Fall,4.5,Yes,Express,Yes,Yes,41,Debit Card,Annually,1,365,95,570.5699999999999,18-25,Big-Ticket Occasionals,Low
1022,55,Male,Coat,Outerwear,51,Massachusetts,S,Lavender,Winter,4.9,Yes,2-Day Shipping,Yes,Yes,39,PayPal,Weekly,52,7,2652,15577.848000000002,51-70,Habitual Budget Buyers,Very High
1023,61,Male,Handbag,Accessories,41,Nebraska,M,Lavender,Winter,4.9,Yes,Store Pickup,Yes,Yes,7,Cash,Annually,1,365,41,154.24200000000005,51-70,Low Engagement,Low
1024,61,Male,Sunglasses,Accessories,71,Maine,S,Turquoise,Winter,3.5,Yes,Free Shipping,Yes,Yes,29,Bank Transfer,Every 3 Months,4,90,284,1480.7760000000003,51-70,Big-Ticket Occasionals,Moderate
1025,28,Male,T-shirt,Clothing,66,Pennsylvania,M,Purple,Summer,3.5,Yes,Free Shipping,Yes,Yes,18,Venmo,Quarterly,4,90,264,1184.8319999999999,26-35,Big-Ticket Occasionals,Moderate
1026,60,Male,Shirt,Clothing,84,Nebraska,M,Olive,Winter,4.9,Yes,Free Shipping,Yes,Yes,15,Credit Card,Annually,1,365,84,360.36000000000007,51-70,Big-Ticket Occasionals,Low
1027,49,Male,Handbag,Accessories,95,Virginia,L,Turquoise,Winter,3.0,Yes,Express,Yes,Yes,39,PayPal,Bi-Weekly,26,14,2470,14508.780000000002,36-50,Premium Loyalists,Very High
1028,33,Male,Jewelry,Accessories,90,Ohio,L,Teal,Summer,2.8,Yes,Next Day Air,Yes,Yes,11,Cash,Monthly,12,30,1080,4348.08,26-35,Big-Ticket Occasionals,High
1029,45,Male,Hoodie,Clothing,36,Nebraska,S,Lavender,Summer,3.7,Yes,Standard,Yes,Yes,4,Cash,Fortnightly,26,14,936,3335.9040000000005,36-50,Habitual Budget Buyers,High
1030,29,Male,Gloves,Accessories,22,Ohio,M,Purple,Spring,3.6,Yes,2-Day Shipping,Yes,Yes,33,Venmo,Bi-Weekly,26,14,572,3133.4160000000006,26-35,Habitual Budget Buyers,High
1031,58,Male,Coat,Outerwear,89,Kentucky,L,Blue,Winter,3.3,Yes,Next Day Air,Yes,Yes,37,Debit Card,Quarterly,4,90,356,2044.152,51-70,Big-Ticket Occasionals,Moderate
1032,22,Male,Sandals,Footwear,50,Tennessee,M,Teal,Spring,3.4,Yes,Free Shipping,Yes,Yes,32,Cash,Quarterly,4,90,200,1082.4000000000003,18-25,Low Engagement,Moderate
1033,55,Male,Boots,Footwear,36,Maine,M,Lavender,Fall,4.0,Yes,Free Shipping,Yes,Yes,44,Credit Card,Quarterly,4,90,144,893.3760000000001,51-70,Low Engagement,Moderate
1034,19,Male,Pants,Clothing,52,Montana,S,Silver,Spring,4.6,Yes,Free Shipping,Yes,Yes,41,Bank Transfer,Quarterly,4,90,208,1249.2479999999998,18-25,Low Engagement,Moderate
1035,68,Male,Socks,Clothing,29,Maryland,M,Olive,Fall,4.2,Yes,Next Day Air,Yes,Yes,44,Bank Transfer,Weekly,52,7,1508,9355.632,51-70,Habitual Budget Buyers,Very High
1036,61,Male,Blouse,Clothing,89,Georgia,M,Brown,Fall,2.8,Yes,Express,Yes,Yes,32,Venmo,Annually,1,365,89,481.6680000000001,51-70,Big-Ticket Occasionals,Low
1037,68,Male,Handbag,Accessories,47,Hawaii,M,Yellow,Fall,3.7,Yes,2-Day Shipping,Yes,Yes,13,Bank Transfer,Monthly,12,30,564,2345.112,51-70,Low Engagement,Moderate
1038,52,Male,Jewelry,Accessories,25,Rhode Island,XL,Brown,Spring,3.4,Yes,Standard,Yes,Yes,48,Debit Card,Quarterly,4,90,100,646.8000000000001,51-70,Low Engagement,Low
1039,41,Male,Pants,Clothing,74,Nebraska,XL,Cyan,Fall,3.0,Yes,Express,Yes,Yes,3,Bank Transfer,Weekly,52,7,3848,13460.304000000002,36-50,Premium Loyalists,Very High
1040,29,Male,Belt,Accessories,46,Michigan,M,Magenta,Fall,4.8,Yes,Standard,Yes,Yes,39,Venmo,Monthly,12,30,552,3242.448,26-35,Low Engagement,High
1041,68,Male,Jeans,Clothing,22,North Carolina,S,Magenta,Fall,4.0,Yes,Next Day Air,Yes,Yes,7,Cash,Fortnightly,26,14,572,2151.8640000000005,51-70,Habitual Budget Buyers,Moderate
1042,36,Male,Shirt,Clothing,25,Minnesota,M,Orange,Summer,4.9,Yes,Next Day Air,Yes,Yes,11,Cash,Fortnightly,26,14,650,2616.9,36-50,Habitual Budget Buyers,High
1043,55,Male,Belt,Accessories,80,Maryland,M,Maroon,Spring,4.9,Yes,Next Day Air,Yes,Yes,47,Credit Card,Weekly,52,7,4160,26632.320000000003,51-70,Premium Loyalists,Very High
1044,28,Male,Jeans,Clothing,76,Hawaii,M,Green,Spring,3.3,Yes,2-Day Shipping,Yes,Yes,28,Debit Card,Fortnightly,26,14,1976,10172.448,26-35,Premium Loyalists,Very High
1045,39,Male,Jeans,Clothing,30,Oregon,L,Teal,Summer,4.4,Yes,Next Day Air,Yes,Yes,17,Bank Transfer,Every 3 Months,4,90,120,530.6400000000001,36-50,Low Engagement,Low
1046,54,Male,Sweater,Clothing,79,New Mexico,L,Black,Fall,3.5,Yes,2-Day Shipping,Yes,Yes,11,PayPal,Bi-Weekly,26,14,2054,8269.404,51-70,Premium Loyalists,Very High
1047,40,Male,Sneakers,Footwear,22,Illinois,M,Magenta,Winter,4.2,Yes,Standard,Yes,Yes,12,Venmo,Annually,1,365,22,90.02400000000002,36-50,Low Engagement,Low
1048,31,Male,Socks,Clothing,36,Utah,S,Olive,Fall,4.2,Yes,Standard,Yes,Yes,7,Credit Card,Fortnightly,26,14,936,3521.232000000001,26-35,Habitual Budget Buyers,High
1049,30,Male,Socks,Clothing,77,Maine,L,Yellow,Fall,2.7,Yes,Standard,Yes,Yes,19,Venmo,Fortnightly,26,14,2002,9117.108,26-35,Premium Loyalists,Very High
1050,45,Male,Sunglasses,Accessories,33,Virginia,S,Purple,Fall,2.8,Yes,Store Pickup,Yes,Yes,24,Cash,Quarterly,4,90,132,644.6880000000001,36-50,Low Engagement,Low
1051,48,Male,Sneakers,Footwear,64,Florida,M,Beige,Winter,3.8,Yes,Next Day Air,Yes,Yes,19,Venmo,Monthly,12,30,768,3497.4719999999998,36-50,Big-Ticket Occasionals,High
1052,45,Male,Socks,Clothing,53,Ohio,M,Indigo,Fall,2.6,Yes,Free Shipping,Yes,Yes,39,PayPal,Annually,1,365,53,311.322,36-50,Low Engagement,Low
1053,60,Male,Shoes,Footwear,36,Virginia,XL,Pink,Fall,3.0,Yes,2-Day Shipping,Yes,Yes,1,Credit Card,Fortnightly,26,14,936,3150.576,51-70,Habitual Budget Buyers,High
1054,59,Male,Blouse,Clothing,70,Kansas,M,Blue,Spring,3.3,No,2-Day Shipping,Yes,Yes,10,Debit Card,Bi-Weekly,26,14,1820,6552.0,51-70,Premium Loyalists,High
1055,18,Male,Shorts,Clothing,96,Arkansas,L,Cyan,Winter,4.9,No,Express,Yes,Yes,48,PayPal,Quarterly,4,90,384,2257.92,18-25,Big-Ticket Occasionals,Moderate
1056,70,Male,Jacket,Outerwear,27,Massachusetts,M,Orange,Spring,3.3,No,Next Day Air,Yes,Yes,24,Debit Card,Annually,1,365,27,119.88,51-70,Low Engagement,Low
1057,20,Male,Sweater,Clothing,64,Idaho,L,Black,Winter,2.9,No,2-Day Shipping,Yes,Yes,42,Venmo,Fortnightly,26,14,1664,9185.279999999999,18-25,Premium Loyalists,Very High
1058,65,Male,Jacket,Outerwear,23,Wisconsin,S,Maroon,Spring,4.4,No,2-Day Shipping,Yes,Yes,20,Credit Card,Weekly,52,7,1196,5023.2,51-70,Habitual Budget Buyers,High
1059,29,Male,Scarf,Accessories,33,New Mexico,L,Violet,Summer,3.1,No,Next Day Air,Yes,Yes,49,Bank Transfer,Every 3 Months,4,90,132,784.08,26-35,Low Engagement,Low
1060,22,Male,Jacket,Outerwear,34,North Carolina,M,Beige,Winter,2.5,No,Standard,Yes,Yes,25,Debit Card,Monthly,12,30,408,1836.0,18-25,Low Engagement,Moderate
1061,27,Male,Sweater,Clothing,35,Iowa,S,Gray,Summer,2.6,No,Next Day Air,Yes,Yes,21,Debit Card,Every 3 Months,4,90,140,596.4,26-35,Low Engagement,Low
1062,36,Male,Coat,Outerwear,62,Idaho,M,Gray,Summer,4.4,No,Free Shipping,Yes,Yes,12,Venmo,Every 3 Months,4,90,248,922.56,36-50,Big-Ticket Occasionals,Moderate
1063,59,Male,Boots,Footwear,75,Ohio,M,Brown,Fall,2.6,No,Next Day Air,Yes,Yes,21,Debit Card,Every 3 Months,4,90,300,1278.0,51-70,Big-Ticket Occasionals,Moderate
1064,62,Male,Hoodie,Clothing,29,Alabama,S,Indigo,Summer,3.3,No,Free Shipping,Yes,Yes,35,Cash,Monthly,12,30,348,1774.8,51-70,Low Engagement,Moderate
1065,34,Male,Hat,Accessories,28,Wyoming,M,Violet,Spring,3.5,No,Express,Yes,Yes,42,Credit Card,Every 3 Months,4,90,112,618.24,26-35,Low Engagement,Low
1066,59,Male,T-shirt,Clothing,20,Alabama,XL,Blue,Spring,4.1,No,Store Pickup,Yes,Yes,3,PayPal,Every 3 Months,4,90,80,254.4,51-70,Low Engagement,Low
1067,49,Male,Coat,Outerwear,96,Mississippi,M,Red,Winter,4.0,No,Store Pickup,Yes,Yes,11,PayPal,Bi-Weekly,26,14,2496,9135.36,36-50,Premium Loyalists,Very High
1068,18,Male,Dress,Clothing,43,Pennsylvania,S,Peach,Summer,2.7,No,2-Day Shipping,Yes,Yes,22,PayPal,Quarterly,4,90,172,743.04,18-25,Low Engagement,Low
1069,55,Male,Shirt,Clothing,94,Wyoming,M,Olive,Fall,2.5,No,Standard,Yes,Yes,47,Credit Card,Weekly,52,7,4888,28448.16,51-70,Premium Loyalists,Very High
1070,38,Male,Skirt,Clothing,81,Maryland,XL,White,Fall,4.3,No,Next Day Air,Yes,Yes,33,Venmo,Every 3 Months,4,90,324,1613.5200000000002,36-50,Big-Ticket Occasionals,Moderate
1071,50,Male,Jewelry,Accessories,75,North Carolina,M,Magenta,Summer,3.3,No,Free Shipping,Yes,Yes,50,Debit Card,Weekly,52,7,3900,23400.0,36-50,Premium Loyalists,Very High
1072,61,Male,Hat,Accessories,81,Pennsylvania,M,Beige,Summer,2.6,No,Express,Yes,Yes,46,Credit Card,Monthly,12,30,972,5598.719999999999,51-70,Big-Ticket Occasionals,High
1073,48,Male,Shorts,Clothing,92,Idaho,L,Gold,Fall,3.5,No,Express,Yes,Yes,34,Debit Card,Fortnightly,26,14,2392,12055.68,36-50,Premium Loyalists,Very High
1074,22,Male,Scarf,Accessories,96,California,XL,Purple,Spring,4.0,No,Store Pickup,Yes,Yes,33,Credit Card,Monthly,12,30,1152,5736.960000000001,18-25,Big-Ticket Occasionals,High
1075,48,Male,Jewelry,Accessories,71,Tennessee,S,White,Fall,2.6,No,Standard,Yes,Yes,45,Bank Transfer,Fortnightly,26,14,1846,10522.199999999999,36-50,Premium Loyalists,Very High
1076,57,Male,Sunglasses,Accessories,50,Missouri,L,Indigo,Summer,4.9,No,Next Day Air,Yes,Yes,32,Debit Card,Bi-Weekly,26,14,1300,6396.000000000001,51-70,Habitual Budget Buyers,High
1077,33,Male,Coat,Outerwear,72,North Dakota,L,Charcoal,Spring,2.9,No,Standard,Yes,Yes,47,Venmo,Bi-Weekly,26,14,1872,10895.039999999999,26-35,Premium Loyalists,Very High
1078,58,Male,Jacket,Outerwear,28,West Virginia,M,Pink,Winter,3.7,No,Standard,Yes,Yes,5,PayPal,Quarterly,4,90,112,369.6,51-70,Low Engagement,Low
1079,37,Male,Sweater,Clothing,59,Arizona,M,Silver,Fall,4.4,No,Express,Yes,Yes,49,Credit Card,Fortnightly,26,14,1534,9111.96,36-50,Habitual Budget Buyers,Very High
1080,18,Male,Coat,Outerwear,33,Oklahoma,S,Blue,Summer,4.4,No,Free Shipping,Yes,Yes,48,Bank Transfer,Monthly,12,30,396,2328.48,18-25,Low Engagement,Moderate
1081,65,Male,Scarf,Accessories,59,Pennsylvania,L,Blue,Fall,3.8,No,Express,Yes,Yes,22,Cash,Every 3 Months,4,90,236,1019.52,51-70,Low Engagement,Moderate
1082,62,Male,Belt,Accessories,30,Idaho,XL,Brown,Spring,4.5,No,Standard,Yes,Yes,45,Credit Card,Annually,1,365,30,171.0,51-70,Low Engagement,Low
1083,54,Male,Hat,Accessories,85,South Carolina,XL,Cyan,Winter,2.6,No,Next Day Air,Yes,Yes,30,Venmo,Quarterly,4,90,340,1632.0,51-70,Big-Ticket Occasionals,Moderate
1084,35,Male,Backpack,Accessories,97,Washington,L,Teal,Summer,3.3,No,Store Pickup,Yes,Yes,43,Cash,Weekly,52,7,5044,28145.519999999997,26-35,Premium Loyalists,Very High
1085,34,Male,T-shirt,Clothing,36,Arkansas,S,Purple,Fall,4.1,No,Next Day Air,Yes,Yes,48,Cash,Quarterly,4,90,144,846.72,26-35,Low Engagement,Low
1086,25,Male,Jewelry,Accessories,85,Utah,M,Turquoise,Winter,3.0,No,Store Pickup,Yes,Yes,23,Venmo,Fortnightly,26,14,2210,9679.8,18-25,Premium Loyalists,Very High
1087,53,Male,Sunglasses,Accessories,62,Alaska,M,Olive,Winter,3.0,No,Free Shipping,Yes,Yes,27,PayPal,Bi-Weekly,26,14,1612,7447.4400000000005,51-70,Premium Loyalists,Very High
1088,45,Male,Jeans,Clothing,71,West Virginia,S,White,Winter,3.4,No,Next Day Air,Yes,Yes,7,Bank Transfer,Monthly,12,30,852,2913.84,36-50,Big-Ticket Occasionals,High
1089,49,Male,Pants,Clothing,21,Louisiana,M,Turquoise,Winter,2.7,No,Free Shipping,Yes,Yes,2,PayPal,Weekly,52,7,1092,3407.04,36-50,Habitual Budget Buyers,High
1090,40,Male,Backpack,Accessories,61,Arizona,M,Silver,Spring,3.8,No,Next Day Air,Yes,Yes,33,PayPal,Bi-Weekly,26,14,1586,7898.280000000001,36-50,Premium Loyalists,Very High
1091,38,Male,Scarf,Accessories,58,Connecticut,M,Violet,Spring,4.2,No,Store Pickup,Yes,Yes,27,Cash,Fortnightly,26,14,1508,6966.96,36-50,Habitual Budget Buyers,High
1092,44,Male,Sweater,Clothing,80,North Carolina,L,Lavender,Spring,4.7,No,Store Pickup,Yes,Yes,6,Credit Card,Fortnightly,26,14,2080,6988.800000000001,36-50,Premium Loyalists,High
1093,68,Male,Jewelry,Accessories,50,South Dakota,L,Magenta,Spring,4.1,No,2-Day Shipping,Yes,Yes,20,Venmo,Quarterly,4,90,200,840.0,51-70,Low Engagement,Low
1094,60,Male,Sneakers,Footwear,48,Delaware,S,Indigo,Winter,4.2,No,2-Day Shipping,Yes,Yes,46,Venmo,Every 3 Months,4,90,192,1105.92,51-70,Low Engagement,Moderate
1095,25,Male,Jewelry,Accessories,40,Connecticut,M,Black,Winter,4.8,No,Next Day Air,Yes,Yes,25,Cash,Quarterly,4,90,160,720.0,18-25,Low Engagement,Low
1096,19,Male,Coat,Outerwear,34,Tennessee,S,Peach,Summer,3.0,No,Free Shipping,Yes,Yes,30,Bank Transfer,Quarterly,4,90,136,652.8000000000001,18-25,Low Engagement,Low
1097,57,Male,Coat,Outerwear,46,New Hampshire,S,Beige,Fall,2.6,No,Standard,Yes,Yes,48,Credit Card,Annually,1,365,46,270.48,51-70,Low Engagement,Low
1098,58,Male,Sunglasses,Accessories,27,Vermont,M,Black,Summer,3.2,No,Store Pickup,Yes,Yes,47,Bank Transfer,Weekly,52,7,1404,8171.28,51-70,Habitual Budget Buyers,Very High
1099,49,Male,Handbag,Accessories,98,Idaho,S,Turquoise,Spring,3.6,No,Next Day Air,Yes,Yes,27,Credit Card,Weekly,52,7,5096,23543.52,36-50,Premium Loyalists,Very High
1100,19,Male,Sweater,Clothing,73,North Carolina,M,Peach,Fall,2.6,No,Next Day Air,Yes,Yes,45,Bank Transfer,Fortnightly,26,14,1898,10818.6,18-25,Premium Loyalists,Very High
1101,50,Male,Pants,Clothing,28,Nevada,L,Gold,Spring,4.4,No,Express,Yes,Yes,2,Credit Card,Weekly,52,7,1456,4542.72,36-50,Habitual Budget Buyers,High
1102,30,Male,Gloves,Accessories,76,Delaware,XL,Silver,Fall,3.0,No,Free Shipping,Yes,Yes,39,Cash,Fortnightly,26,14,1976,10551.84,26-35,Premium Loyalists,Very High
1103,52,Male,Sweater,Clothing,83,Texas,M,Peach,Fall,2.9,No,Express,Yes,Yes,24,Cash,Fortnightly,26,14,2158,9581.52,51-70,Premium Loyalists,Very High
1104,35,Male,Hoodie,Clothing,23,Tennessee,S,Charcoal,Spring,4.3,No,Free Shipping,Yes,Yes,8,Debit Card,Bi-Weekly,26,14,598,2081.04,26-35,Habitual Budget Buyers,Moderate
1105,35,Male,Hat,Accessories,28,Delaware,M,Beige,Fall,3.1,No,Express,Yes,Yes,8,Bank Transfer,Quarterly,4,90,112,389.76,26-35,Low Engagement,Low
1106,33,Male,T-shirt,Clothing,83,Massachusetts,S,Olive,Spring,3.0,No,Next Day Air,Yes,Yes,6,Venmo,Every 3 Months,4,90,332,1115.5200000000002,26-35,Big-Ticket Occasionals,Moderate
1107,52,Male,Skirt,Clothing,96,Minnesota,L,Violet,Winter,3.6,No,Store Pickup,Yes,Yes,12,Venmo,Fortnightly,26,14,2496,9285.12,51-70,Premium Loyalists,Very High
1108,69,Male,Sneakers,Footwear,62,Texas,M,Peach,Fall,2.8,No,Store Pickup,Yes,Yes,26,Bank Transfer,Weekly,52,7,3224,14701.44,51-70,Premium Loyalists,Very High
1109,27,Male,Shorts,Clothing,25,Nebraska,M,Teal,Fall,2.8,No,Standard,Yes,Yes,50,Cash,Fortnightly,26,14,650,3900.0,26-35,Habitual Budget Buyers,High
1110,66,Male,Hoodie,Clothing,97,Oklahoma,L,Violet,Winter,4.9,No,Next Day Air,Yes,Yes,2,Venmo,Weekly,52,7,5044,15737.28,51-70,Premium Loyalists,Very High
1111,28,Male,Hoodie,Clothing,61,Texas,L,Cyan,Fall,3.0,No,Standard,Yes,Yes,31,Cash,Bi-Weekly,26,14,1586,7707.960000000001,26-35,Premium Loyalists,Very High
1112,22,Male,Shoes,Footwear,66,New York,S,Olive,Summer,4.1,No,Next Day Air,Yes,Yes,4,Credit Card,Bi-Weekly,26,14,1716,5559.84,18-25,Premium Loyalists,High
1113,69,Male,Hoodie,Clothing,67,Washington,XL,Pink,Spring,4.6,No,Free Shipping,Yes,Yes,32,PayPal,Quarterly,4,90,268,1318.5600000000002,51-70,Big-Ticket Occasionals,Moderate
1114,28,Male,Sunglasses,Accessories,80,Maryland,M,Purple,Summer,4.8,No,Next Day Air,Yes,Yes,11,PayPal,Bi-Weekly,26,14,2080,7612.8,26-35,Premium Loyalists,Very High
1115,55,Male,Skirt,Clothing,25,New Hampshire,L,Violet,Fall,2.6,No,Next Day Air,Yes,Yes,47,Bank Transfer,Every 3 Months,4,90,100,582.0,51-70,Low Engagement,Low
1116,30,Male,Hat,Accessories,58,New York,S,Peach,Fall,4.0,No,2-Day Shipping,Yes,Yes,37,Cash,Weekly,52,7,3016,15743.52,26-35,Habitual Budget Buyers,Very High
1117,67,Male,Backpack,Accessories,96,Hawaii,M,Charcoal,Winter,4.2,No,Express,Yes,Yes,39,PayPal,Fortnightly,26,14,2496,13328.64,51-70,Premium Loyalists,Very High
1118,25,Male,Sunglasses,Accessories,77,California,L,Lavender,Spring,4.5,No,Store Pickup,Yes,Yes,24,Credit Card,Monthly,12,30,924,4102.56,18-25,Big-Ticket Occasionals,High
1119,49,Male,Belt,Accessories,65,Indiana,M,Purple,Summer,4.9,No,Standard,Yes,Yes,11,PayPal,Every 3 Months,4,90,260,951.6,36-50,Big-Ticket Occasionals,Moderate
1120,34,Male,Jewelry,Accessories,36,Louisiana,M,Indigo,Spring,3.1,No,Standard,Yes,Yes,36,Credit Card,Weekly,52,7,1872,9659.52,26-35,Habitual Budget Buyers,Very High
1121,22,Male,Sneakers,Footwear,84,Pennsylvania,M,Magenta,Winter,4.0,No,Next Day Air,Yes,Yes,40,Debit Card,Monthly,12,30,1008,5443.2,18-25,Big-Ticket Occasionals,High
1122,63,Male,T-shirt,Clothing,58,Florida,XL,Peach,Fall,3.2,No,Express,Yes,Yes,25,Cash,Quarterly,4,90,232,1044.0,51-70,Low Engagement,Moderate
1123,70,Male,Handbag,Accessories,62,North Carolina,S,Charcoal,Spring,4.3,No,2-Day Shipping,Yes,Yes,12,Credit Card,Annually,1,365,62,230.64,51-70,Big-Ticket Occasionals,Low
1124,36,Male,Hat,Accessories,67,Massachusetts,S,Purple,Fall,2.5,No,Store Pickup,Yes,Yes,38,Cash,Monthly,12,30,804,4245.12,36-50,Big-Ticket Occasionals,High
1125,42,Male,Sweater,Clothing,20,Iowa,M,Orange,Spring,4.9,No,Express,Yes,Yes,40,Cash,Quarterly,4,90,80,432.0,36-50,Low Engagement,Low
1126,27,Male,Sandals,Footwear,90,North Dakota,M,Lavender,Summer,2.7,No,2-Day Shipping,Yes,Yes,10,Bank Transfer,Weekly,52,7,4680,16848.0,26-35,Premium Loyalists,Very High
1127,23,Male,Scarf,Accessories,58,Iowa,L,Beige,Winter,3.4,No,Standard,Yes,Yes,47,Venmo,Fortnightly,26,14,1508,8776.56,18-25,Habitual Budget Buyers,Very High
1128,50,Male,Shirt,Clothing,53,Delaware,XL,Maroon,Spring,4.8,No,Store Pickup,Yes,Yes,22,Debit Card,Monthly,12,30,636,2747.52,36-50,Low Engagement,High
1129,56,Male,Gloves,Accessories,30,New York,L,Charcoal,Winter,4.7,No,Next Day Air,Yes,Yes,35,Debit Card,Monthly,12,30,360,1836.0,51-70,Low Engagement,Moderate
1130,37,Male,Hoodie,Clothing,65,New Hampshire,XL,White,Winter,4.7,No,Express,Yes,Yes,46,Venmo,Fortnightly,26,14,1690,9734.4,36-50,Premium Loyalists,Very High
1131,67,Male,Jewelry,Accessories,41,Kentucky,M,Lavender,Summer,3.9,No,Standard,Yes,Yes,30,PayPal,Bi-Weekly,26,14,1066,5116.8,51-70,Habitual Budget Buyers,High
1132,67,Male,Shirt,Clothing,73,Illinois,M,Black,Spring,3.7,No,Express,Yes,Yes,20,Bank Transfer,Monthly,12,30,876,3679.2,51-70,Big-Ticket Occasionals,High
1133,50,Male,Hoodie,Clothing,98,North Carolina,S,Teal,Spring,4.3,No,Store Pickup,Yes,Yes,25,Cash,Fortnightly,26,14,2548,11466.0,36-50,Premium Loyalists,Very High
1134,36,Male,Shoes,Footwear,36,Connecticut,XL,Magenta,Winter,4.1,No,2-Day Shipping,Yes,Yes,29,Cash,Weekly,52,7,1872,8873.28,36-50,Habitual Budget Buyers,Very High
1135,62,Male,T-shirt,Clothing,81,Wisconsin,M,Brown,Summer,4.6,No,Express,Yes,Yes,2,Venmo,Every 3 Months,4,90,324,1010.88,51-70,Big-Ticket Occasionals,Moderate
1136,65,Male,Skirt,Clothing,90,Massachusetts,L,Peach,Winter,3.6,No,2-Day Shipping,Yes,Yes,32,Bank Transfer,Quarterly,4,90,360,1771.2,51-70,Big-Ticket Occasionals,Moderate
1137,23,Male,Handbag,Accessories,83,Illinois,S,Cyan,Summer,4.8,No,Free Shipping,Yes,Yes,37,Cash,Monthly,12,30,996,5199.12,18-25,Big-Ticket Occasionals,High
1138,46,Male,Shirt,Clothing,91,New Mexico,XL,Pink,Winter,2.8,No,2-Day Shipping,Yes,Yes,16,Bank Transfer,Every 3 Months,4,90,364,1441.44,36-50,Big-Ticket Occasionals,Moderate
1139,18,Male,Pants,Clothing,36,Iowa,M,Purple,Summer,4.7,No,Express,Yes,Yes,32,Venmo,Fortnightly,26,14,936,4605.120000000001,18-25,Habitual Budget Buyers,High
1140,58,Male,Coat,Outerwear,53,Alabama,L,Purple,Spring,3.9,No,Standard,Yes,Yes,42,Debit Card,Bi-Weekly,26,14,1378,7606.5599999999995,51-70,Habitual Budget Buyers,Very High
1141,31,Male,Jeans,Clothing,39,Maryland,M,White,Winter,2.6,No,Store Pickup,Yes,Yes,6,Credit Card,Every 3 Months,4,90,156,524.1600000000001,26-35,Low Engagement,Low
1142,39,Male,Gloves,Accessories,33,Ohio,S,Silver,Winter,4.7,No,Next Day Air,Yes,Yes,23,PayPal,Fortnightly,26,14,858,3758.04,36-50,Habitual Budget Buyers,High
1143,69,Male,T-shirt,Clothing,76,Ohio,L,Green,Spring,3.5,No,Store Pickup,Yes,Yes,27,Venmo,Bi-Weekly,26,14,1976,9129.12,51-70,Premium Loyalists,Very High
1144,68,Male,Boots,Footwear,23,Nevada,L,Teal,Winter,4.4,No,Standard,Yes,Yes,43,PayPal,Quarterly,4,90,92,513.36,51-70,Low Engagement,Low
1145,41,Male,Jeans,Clothing,54,South Carolina,S,Indigo,Fall,4.4,No,2-Day Shipping,Yes,Yes,25,Bank Transfer,Fortnightly,26,14,1404,6318.0,36-50,Habitual Budget Buyers,High
1146,31,Male,Sneakers,Footwear,89,Nevada,L,Pink,Summer,3.0,No,Express,Yes,Yes,30,Cash,Every 3 Months,4,90,356,1708.8000000000002,26-35,Big-Ticket Occasionals,Moderate
1147,48,Male,Sneakers,Footwear,38,Wisconsin,M,Indigo,Summer,4.2,No,Standard,Yes,Yes,7,Bank Transfer,Every 3 Months,4,90,152,519.84,36-50,Low Engagement,Low
1148,59,Male,Hat,Accessories,36,Tennessee,XL,Red,Winter,4.3,No,Next Day Air,Yes,Yes,17,Debit Card,Annually,1,365,36,144.72,51-70,Low Engagement,Low
1149,34,Male,Pants,Clothing,66,Florida,M,Violet,Spring,2.6,No,Store Pickup,Yes,Yes,10,PayPal,Fortnightly,26,14,1716,6177.599999999999,26-35,Premium Loyalists,High
1150,21,Male,Jewelry,Accessories,42,Georgia,L,Cyan,Spring,3.3,No,Store Pickup,Yes,Yes,40,Venmo,Annually,1,365,42,226.8,18-25,Low Engagement,Low
1151,29,Male,Jewelry,Accessories,36,Kentucky,S,Red,Winter,2.7,No,Next Day Air,Yes,Yes,50,Venmo,Bi-Weekly,26,14,936,5616.0,26-35,Habitual Budget Buyers,High
1152,41,Male,Blouse,Clothing,86,Ohio,M,Gray,Spring,4.2,No,Express,Yes,Yes,24,Credit Card,Weekly,52,7,4472,19855.68,36-50,Premium Loyalists,Very High
1153,62,Male,Handbag,Accessories,49,Connecticut,M,Gold,Fall,4.0,No,Standard,Yes,Yes,8,PayPal,Every 3 Months,4,90,196,682.0799999999999,51-70,Low Engagement,Low
1154,27,Male,Shirt,Clothing,41,Idaho,M,Pink,Summer,4.0,No,Free Shipping,Yes,Yes,6,Bank Transfer,Quarterly,4,90,164,551.0400000000001,26-35,Low Engagement,Low
1155,49,Male,Dress,Clothing,82,Georgia,L,Cyan,Spring,2.9,No,2-Day Shipping,Yes,Yes,44,Credit Card,Bi-Weekly,26,14,2132,12024.48,36-50,Premium Loyalists,Very High
1156,67,Male,T-shirt,Clothing,53,Tennessee,S,Red,Fall,2.6,No,Express,Yes,Yes,47,PayPal,Quarterly,4,90,212,1233.84,51-70,Low Engagement,Moderate
1157,20,Male,Shoes,Footwear,21,Hawaii,M,Gold,Summer,4.8,No,Express,Yes,Yes,6,Venmo,Every 3 Months,4,90,84,282.24,18-25,Low Engagement,Low
1158,37,Male,Belt,Accessories,66,Maryland,M,Charcoal,Fall,4.4,No,Standard,Yes,Yes,11,Cash,Quarterly,4,90,264,966.24,36-50,Big-Ticket Occasionals,Moderate
1159,69,Male,Belt,Accessories,89,Nevada,L,Orange,Summer,4.0,No,2-Day Shipping,Yes,Yes,41,Bank Transfer,Annually,1,365,89,485.93999999999994,51-70,Big-Ticket Occasionals,Low
1160,66,Male,Handbag,Accessories,55,New Hampshire,L,Blue,Fall,3.6,No,2-Day Shipping,Yes,Yes,46,Venmo,Every 3 Months,4,90,220,1267.2,51-70,Low Engagement,Moderate
1161,37,Male,Scarf,Accessories,42,North Dakota,S,Blue,Summer,3.2,No,Next Day Air,Yes,Yes,9,Venmo,Bi-Weekly,26,14,1092,3865.68,36-50,Habitual Budget Buyers,High
1162,63,Male,Shorts,Clothing,52,Oklahoma,S,Orange,Fall,3.1,No,2-Day Shipping,Yes,Yes,37,PayPal,Monthly,12,30,624,3257.28,51-70,Low Engagement,High
1163,47,Male,Sandals,Footwear,92,North Carolina,M,Blue,Winter,4.2,No,Express,Yes,Yes,13,PayPal,Weekly,52,7,4784,18083.52,36-50,Premium Loyalists,Very High
1164,26,Male,Pants,Clothing,56,Tennessee,L,White,Summer,3.0,No,2-Day Shipping,Yes,Yes,24,Debit Card,Monthly,12,30,672,2983.68,26-35,Low Engagement,High
1165,68,Male,Dress,Clothing,96,Montana,M,Green,Winter,4.2,No,Standard,Yes,Yes,47,PayPal,Quarterly,4,90,384,2234.88,51-70,Big-Ticket Occasionals,Moderate
1166,51,Male,T-shirt,Clothing,64,Wisconsin,M,Silver,Winter,2.9,No,Next Day Air,Yes,Yes,21,Venmo,Every 3 Months,4,90,256,1090.56,51-70,Big-Ticket Occasionals,Moderate
1167,48,Male,Dress,Clothing,48,Connecticut,S,Lavender,Winter,3.7,No,Store Pickup,Yes,Yes,22,Venmo,Fortnightly,26,14,1248,5391.36,36-50,Habitual Budget Buyers,High
1168,60,Male,Socks,Clothing,83,New Jersey,XL,Beige,Summer,3.6,No,Free Shipping,Yes,Yes,16,PayPal,Quarterly,4,90,332,1314.72,51-70,Big-Ticket Occasionals,Moderate
1169,68,Male,Scarf,Accessories,91,Mississippi,L,Violet,Summer,3.6,No,Standard,Yes,Yes,37,Debit Card,Fortnightly,26,14,2366,12350.52,51-70,Premium Loyalists,Very High
1170,25,Male,Backpack,Accessories,94,Wyoming,S,Gray,Fall,4.5,No,2-Day Shipping,Yes,Yes,3,Cash,Annually,1,365,94,298.92,18-25,Big-Ticket Occasionals,Low
1171,57,Male,Skirt,Clothing,62,Illinois,S,Red,Spring,3.2,No,Express,Yes,Yes,33,Cash,Bi-Weekly,26,14,1612,8027.760000000001,51-70,Premium Loyalists,Very High
1172,41,Male,Socks,Clothing,55,Louisiana,M,Lavender,Spring,3.9,No,Next Day Air,Yes,Yes,15,Debit Card,Annually,1,365,55,214.5,36-50,Low Engagement,Low
1173,59,Male,Coat,Outerwear,68,Oregon,L,Peach,Spring,4.6,No,Store Pickup,Yes,Yes,42,Bank Transfer,Bi-Weekly,26,14,1768,9759.359999999999,51-70,Premium Loyalists,Very High
1174,44,Male,Jewelry,Accessories,76,South Dakota,M,Indigo,Winter,2.5,No,Express,Yes,Yes,42,Cash,Bi-Weekly,26,14,1976,10907.519999999999,36-50,Premium Loyalists,Very High
1175,42,Male,Backpack,Accessories,31,Michigan,M,Black,Winter,4.3,No,Express,Yes,Yes,19,Bank Transfer,Bi-Weekly,26,14,806,3336.8399999999997,36-50,Habitual Budget Buyers,High
1176,35,Male,Belt,Accessories,81,New Jersey,M,Beige,Spring,4.1,No,Store Pickup,Yes,Yes,26,PayPal,Quarterly,4,90,324,1477.44,26-35,Big-Ticket Occasionals,Moderate
1177,36,Male,Dress,Clothing,83,Oregon,M,Red,Winter,4.6,No,Free Shipping,Yes,Yes,39,PayPal,Quarterly,4,90,332,1772.88,36-50,Big-Ticket Occasionals,Moderate
1178,54,Male,Skirt,Clothing,21,Iowa,M,Black,Spring,4.8,No,Standard,Yes,Yes,24,Debit Card,Monthly,12,30,252,1118.8799999999999,51-70,Low Engagement,Moderate
1179,37,Male,Dress,Clothing,22,South Carolina,M,Teal,Spring,4.9,No,Express,Yes,Yes,23,Debit Card,Annually,1,365,22,96.36,36-50,Low Engagement,Low
1180,20,Male,T-shirt,Clothing,33,Indiana,M,Blue,Summer,2.8,No,Free Shipping,Yes,Yes,44,Bank Transfer,Annually,1,365,33,186.11999999999998,18-25,Low Engagement,Low
1181,23,Male,Skirt,Clothing,23,Oregon,S,Beige,Spring,4.9,No,Standard,Yes,Yes,34,Cash,Monthly,12,30,276,1391.0400000000002,18-25,Low Engagement,Moderate
1182,61,Male,Shorts,Clothing,96,New York,L,Teal,Summer,3.5,No,Free Shipping,Yes,Yes,43,Bank Transfer,Quarterly,4,90,384,2142.72,51-70,Big-Ticket Occasionals,Moderate
1183,37,Male,Jewelry,Accessories,21,New Mexico,M,Maroon,Spring,3.8,No,Express,Yes,Yes,45,PayPal,Quarterly,4,90,84,478.79999999999995,36-50,Low Engagement,Low
1184,23,Male,Pants,Clothing,39,Louisiana,M,Yellow,Spring,4.5,No,2-Day Shipping,Yes,Yes,4,Credit Card,Weekly,52,7,2028,6570.72,18-25,Habitual Budget Buyers,High
1185,63,Male,Belt,Accessories,73,South Carolina,S,Indigo,Fall,3.4,No,Express,Yes,Yes,19,Credit Card,Annually,1,365,73,302.21999999999997,51-70,Big-Ticket Occasionals,Low
1186,47,Male,Jeans,Clothing,64,Maine,M,Magenta,Spring,3.9,No,Standard,Yes,Yes,29,Credit Card,Monthly,12,30,768,3640.32,36-50,Big-Ticket Occasionals,High
1187,63,Male,Jeans,Clothing,68,Indiana,M,Beige,Summer,4.1,No,2-Day Shipping,Yes,Yes,27,Credit Card,Annually,1,365,68,314.16,51-70,Big-Ticket Occasionals,Low
1188,56,Male,Hat,Accessories,89,Iowa,L,Maroon,Fall,3.0,No,Express,Yes,Yes,37,Credit Card,Every 3 Months,4,90,356,1858.32,51-70,Big-Ticket Occasionals,Moderate
1189,68,Male,Blouse,Clothing,29,Mississippi,M,Magenta,Summer,3.3,No,Next Day Air,Yes,Yes,11,Credit Card,Weekly,52,7,1508,5519.28,51-70,Habitual Budget Buyers,High
1190,64,Male,Shirt,Clothing,97,Arkansas,XL,Teal,Summer,4.9,No,Free Shipping,Yes,Yes,28,Debit Card,Annually,1,365,97,453.96000000000004,51-70,Big-Ticket Occasionals,Low
1191,62,Male,Shirt,Clothing,45,South Carolina,M,Orange,Winter,4.3,No,Next Day Air,Yes,Yes,31,Credit Card,Weekly,52,7,2340,11372.400000000001,51-70,Habitual Budget Buyers,Very High
1192,34,Male,T-shirt,Clothing,70,Indiana,L,Charcoal,Winter,4.1,No,Free Shipping,Yes,Yes,50,Venmo,Quarterly,4,90,280,1680.0,26-35,Big-Ticket Occasionals,Moderate
1193,49,Male,Coat,Outerwear,56,Florida,M,Turquoise,Summer,4.0,No,2-Day Shipping,Yes,Yes,42,Venmo,Quarterly,4,90,224,1236.48,36-50,Low Engagement,Moderate
1194,40,Male,Jacket,Outerwear,55,Alaska,L,Pink,Fall,5.0,No,2-Day Shipping,Yes,Yes,18,Credit Card,Fortnightly,26,14,1430,5834.4,36-50,Habitual Budget Buyers,High
1195,50,Male,Hoodie,Clothing,46,New York,S,Teal,Winter,3.1,No,2-Day Shipping,Yes,Yes,6,Credit Card,Fortnightly,26,14,1196,4018.5600000000004,36-50,Habitual Budget Buyers,High
1196,25,Male,Scarf,Accessories,95,Texas,M,White,Winter,4.0,No,2-Day Shipping,Yes,Yes,33,Venmo,Monthly,12,30,1140,5677.200000000001,18-25,Big-Ticket Occasionals,High
1197,30,Male,Belt,Accessories,88,North Dakota,M,Maroon,Winter,3.2,No,2-Day Shipping,Yes,Yes,13,Bank Transfer,Bi-Weekly,26,14,2288,8648.64,26-35,Premium Loyalists,Very High
1198,54,Male,Sneakers,Footwear,92,Vermont,L,Violet,Fall,3.9,No,Standard,Yes,Yes,26,PayPal,Annually,1,365,92,419.52,51-70,Big-Ticket Occasionals,Low
1199,40,Male,Socks,Clothing,49,New Jersey,M,Brown,Summer,3.9,No,2-Day Shipping,Yes,Yes,17,Cash,Annually,1,365,49,196.98000000000002,36-50,Low Engagement,Low
1200,49,Male,Sandals,Footwear,89,Maryland,M,Indigo,Fall,4.5,No,Free Shipping,Yes,Yes,3,Debit Card,Weekly,52,7,4628,14717.04,36-50,Premium Loyalists,Very High
1201,27,Male,Coat,Outerwear,22,Connecticut,XL,Black,Winter,4.4,No,Store Pickup,Yes,Yes,7,PayPal,Weekly,52,7,1144,3912.4800000000005,26-35,Habitual Budget Buyers,High
1202,27,Male,Shoes,Footwear,61,Illinois,XL,Black,Summer,3.1,No,2-Day Shipping,Yes,Yes,46,Venmo,Fortnightly,26,14,1586,9135.359999999999,26-35,Premium Loyalists,Very High
1203,48,Male,Scarf,Accessories,29,Maryland,S,Olive,Spring,2.9,No,Standard,Yes,Yes,14,Venmo,Every 3 Months,4,90,116,445.44,36-50,Low Engagement,Low
1204,40,Male,Sneakers,Footwear,82,Minnesota,M,Orange,Winter,3.7,No,Free Shipping,Yes,Yes,23,Bank Transfer,Annually,1,365,82,359.15999999999997,36-50,Big-Ticket Occasionals,Low
1205,67,Male,Belt,Accessories,94,Florida,M,Pink,Spring,3.2,No,2-Day Shipping,Yes,Yes,20,Credit Card,Every 3 Months,4,90,376,1579.1999999999998,51-70,Big-Ticket Occasionals,Moderate
1206,52,Male,Handbag,Accessories,99,California,M,Olive,Spring,3.5,No,Standard,Yes,Yes,38,Bank Transfer,Fortnightly,26,14,2574,13590.72,51-70,Premium Loyalists,Very High
1207,22,Male,Handbag,Accessories,59,Mississippi,S,Cyan,Fall,3.0,No,Free Shipping,Yes,Yes,16,Venmo,Every 3 Months,4,90,236,934.5600000000001,18-25,Low Engagement,Moderate
1208,62,Male,Boots,Footwear,90,Washington,M,White,Summer,4.1,No,Next Day Air,Yes,Yes,48,Credit Card,Every 3 Months,4,90,360,2116.8,51-70,Big-Ticket Occasionals,Moderate
1209,20,Male,Boots,Footwear,100,Wisconsin,S,Red,Winter,2.9,No,2-Day Shipping,Yes,Yes,8,Debit Card,Annually,1,365,100,348.0,18-25,Big-Ticket Occasionals,Low
1210,41,Male,Pants,Clothing,62,Pennsylvania,M,Blue,Winter,3.8,No,Next Day Air,Yes,Yes,16,Bank Transfer,Monthly,12,30,744,2946.2400000000002,36-50,Big-Ticket Occasionals,High
1211,34,Male,Sunglasses,Accessories,78,Missouri,M,Olive,Fall,4.1,No,Next Day Air,Yes,Yes,5,Cash,Quarterly,4,90,312,1029.6000000000001,26-35,Big-Ticket Occasionals,Moderate
1212,23,Male,Hoodie,Clothing,94,Oklahoma,M,Green,Spring,4.6,No,Store Pickup,Yes,Yes,14,Venmo,Every 3 Months,4,90,376,1443.84,18-25,Big-Ticket Occasionals,Moderate
1213,32,Male,Shoes,Footwear,74,Pennsylvania,M,Yellow,Summer,2.5,No,Free Shipping,Yes,Yes,18,Credit Card,Weekly,52,7,3848,15699.839999999998,26-35,Premium Loyalists,Very High
1214,68,Male,Handbag,Accessories,52,Kentucky,XL,Black,Spring,3.7,No,Express,Yes,Yes,14,Debit Card,Every 3 Months,4,90,208,798.72,51-70,Low Engagement,Low
1215,30,Male,Jacket,Outerwear,81,Vermont,M,Blue,Fall,3.8,No,Free Shipping,Yes,Yes,5,Cash,Every 3 Months,4,90,324,1069.2,26-35,Big-Ticket Occasionals,Moderate
1216,66,Male,Blouse,Clothing,20,Oregon,L,Pink,Winter,2.6,No,2-Day Shipping,Yes,Yes,15,Credit Card,Every 3 Months,4,90,80,312.0,51-70,Low Engagement,Low
1217,62,Male,Pants,Clothing,32,Utah,XL,Lavender,Summer,3.7,No,Free Shipping,Yes,Yes,3,Venmo,Every 3 Months,4,90,128,407.04,51-70,Low Engagement,Low
1218,50,Male,Boots,Footwear,63,Nebraska,XL,Cyan,Fall,2.6,No,Free Shipping,Yes,Yes,12,Cash,Every 3 Months,4,90,252,937.4399999999999,36-50,Big-Ticket Occasionals,Moderate
1219,55,Male,Boots,Footwear,79,Pennsylvania,M,Cyan,Spring,3.1,No,Store Pickup,Yes,Yes,43,Cash,Every 3 Months,4,90,316,1763.28,51-70,Big-Ticket Occasionals,Moderate
1220,19,Male,Sweater,Clothing,23,Vermont,M,Gold,Winter,2.5,No,Next Day Air,Yes,Yes,35,Credit Card,Bi-Weekly,26,14,598,3049.7999999999997,18-25,Habitual Budget Buyers,High
1221,67,Male,Gloves,Accessories,64,Kentucky,M,Green,Winter,4.9,No,Express,Yes,Yes,36,Bank Transfer,Quarterly,4,90,256,1320.96,51-70,Big-Ticket Occasionals,Moderate
1222,18,Male,Socks,Clothing,69,Iowa,M,Red,Winter,4.5,No,Standard,Yes,Yes,3,Cash,Quarterly,4,90,276,877.6800000000001,18-25,Big-Ticket Occasionals,Moderate
1223,58,Male,Jeans,Clothing,69,Indiana,L,Magenta,Fall,3.4,No,Store Pickup,Yes,Yes,27,Bank Transfer,Annually,1,365,69,318.78000000000003,51-70,Big-Ticket Occasionals,Low
1224,69,Male,Pants,Clothing,24,Kansas,L,Red,Winter,3.9,No,Free Shipping,Yes,Yes,21,Bank Transfer,Weekly,52,7,1248,5316.48,51-70,Habitual Budget Buyers,High
1225,62,Male,Shorts,Clothing,50,Illinois,M,Yellow,Summer,3.7,No,Store Pickup,Yes,Yes,18,Venmo,Weekly,52,7,2600,10607.999999999998,51-70,Habitual Budget Buyers,Very High
1226,28,Male,Gloves,Accessories,97,North Carolina,S,Turquoise,Fall,2.6,No,Free Shipping,Yes,Yes,16,Debit Card,Weekly,52,7,5044,19974.24,26-35,Premium Loyalists,Very High
1227,53,Male,Sandals,Footwear,91,Ohio,S,Cyan,Fall,3.4,No,Store Pickup,Yes,Yes,18,Venmo,Bi-Weekly,26,14,2366,9653.279999999999,51-70,Premium Loyalists,Very High
1228,27,Male,Blouse,Clothing,37,Illinois,L,Yellow,Spring,4.9,No,Store Pickup,Yes,Yes,19,Bank Transfer,Bi-Weekly,26,14,962,3982.68,26-35,Habitual Budget Buyers,High
1229,55,Male,Jacket,Outerwear,55,Indiana,S,Yellow,Winter,3.9,No,Express,Yes,Yes,1,Cash,Annually,1,365,55,168.3,51-70,Low Engagement,Low
1230,34,Male,Jewelry,Accessories,52,Kansas,XL,Maroon,Winter,3.6,No,Express,Yes,Yes,39,Bank Transfer,Annually,1,365,52,277.68,26-35,Low Engagement,Low
1231,25,Male,Hat,Accessories,80,Illinois,L,Brown,Spring,4.6,No,Standard,Yes,Yes,49,Venmo,Monthly,12,30,960,5702.4,18-25,Big-Ticket Occasionals,High
1232,66,Male,Socks,Clothing,79,Pennsylvania,M,Gold,Spring,4.0,No,2-Day Shipping,Yes,Yes,43,Credit Card,Fortnightly,26,14,2054,11461.32,51-70,Premium Loyalists,Very High
1233,57,Male,Handbag,Accessories,23,New York,M,Charcoal,Summer,3.6,No,Free Shipping,Yes,Yes,31,Debit Card,Every 3 Months,4,90,92,447.12,51-70,Low Engagement,Low
1234,46,Male,Pants,Clothing,73,Utah,L,Beige,Winter,3.5,No,Next Day Air,Yes,Yes,40,Venmo,Every 3 Months,4,90,292,1576.8,36-50,Big-Ticket Occasionals,Moderate
1235,38,Male,Gloves,Accessories,99,New Jersey,M,Indigo,Fall,4.1,No,Store Pickup,Yes,Yes,2,Bank Transfer,Bi-Weekly,26,14,2574,8030.88,36-50,Premium Loyalists,Very High
1236,23,Male,Sweater,Clothing,22,Idaho,M,Red,Spring,3.0,No,Store Pickup,Yes,Yes,46,PayPal,Every 3 Months,4,90,88,506.88,18-25,Low Engagement,Low
1237,42,Male,Hat,Accessories,68,New Mexico,M,White,Summer,4.4,No,Store Pickup,Yes,Yes,35,Debit Card,Every 3 Months,4,90,272,1387.2,36-50,Big-Ticket Occasionals,Moderate
1238,25,Male,Dress,Clothing,92,Michigan,S,Charcoal,Spring,4.4,No,2-Day Shipping,Yes,Yes,42,Credit Card,Quarterly,4,90,368,2031.36,18-25,Big-Ticket Occasionals,Moderate
1239,55,Male,Pants,Clothing,77,Wyoming,M,Violet,Winter,3.7,No,Express,Yes,Yes,3,Venmo,Fortnightly,26,14,2002,6366.360000000001,51-70,Premium Loyalists,High
1240,62,Male,Coat,Outerwear,37,New Jersey,XL,Magenta,Spring,4.8,No,Standard,Yes,Yes,32,Debit Card,Every 3 Months,4,90,148,728.1600000000001,51-70,Low Engagement,Low
1241,41,Male,Scarf,Accessories,79,New Jersey,L,White,Winter,2.9,No,Store Pickup,Yes,Yes,48,Debit Card,Annually,1,365,79,464.52,36-50,Big-Ticket Occasionals,Low
1242,58,Male,Hoodie,Clothing,51,Hawaii,XL,Pink,Winter,3.1,No,Express,Yes,Yes,34,Credit Card,Weekly,52,7,2652,13366.080000000002,51-70,Habitual Budget Buyers,Very High
1243,56,Male,Socks,Clothing,27,Nevada,M,Lavender,Summer,4.0,No,Next Day Air,Yes,Yes,15,Bank Transfer,Quarterly,4,90,108,421.2,51-70,Low Engagement,Low
1244,25,Male,Blouse,Clothing,23,New Hampshire,S,Pink,Spring,3.0,No,Store Pickup,Yes,Yes,22,Debit Card,Annually,1,365,23,99.36,18-25,Low Engagement,Low
1245,70,Male,Socks,Clothing,76,Indiana,S,Silver,Summer,3.9,No,2-Day Shipping,Yes,Yes,2,Cash,Monthly,12,30,912,2845.44,51-70,Big-Ticket Occasionals,High
1246,42,Male,Dress,Clothing,31,New York,M,Violet,Fall,3.4,No,Standard,Yes,Yes,30,Bank Transfer,Weekly,52,7,1612,7737.6,36-50,Habitual Budget Buyers,Very High
1247,27,Male,Hoodie,Clothing,60,Louisiana,M,Charcoal,Winter,2.7,No,Standard,Yes,Yes,27,Cash,Monthly,12,30,720,3326.4,26-35,Low Engagement,High
1248,65,Male,T-shirt,Clothing,99,Virginia,M,Charcoal,Spring,3.5,No,Express,Yes,Yes,18,Venmo,Bi-Weekly,26,14,2574,10501.919999999998,51-70,Premium Loyalists,Very High
1249,62,Male,Hat,Accessories,37,Wisconsin,XL,Red,Winter,3.0,No,Free Shipping,Yes,Yes,8,Credit Card,Annually,1,365,37,128.76,51-70,Low Engagement,Low
1250,62,Male,Boots,Footwear,50,Oregon,M,Peach,Winter,4.5,No,Express,Yes,Yes,48,Venmo,Fortnightly,26,14,1300,7644.0,51-70,Habitual Budget Buyers,Very High
1251,52,Male,Jeans,Clothing,26,New Hampshire,XL,Purple,Winter,4.1,No,Free Shipping,Yes,Yes,24,Cash,Monthly,12,30,312,1385.28,51-70,Low Engagement,Moderate
1252,56,Male,Shorts,Clothing,86,Indiana,XL,Orange,Spring,5.0,No,Next Day Air,Yes,Yes,43,Credit Card,Monthly,12,30,1032,5758.5599999999995,51-70,Big-Ticket Occasionals,High
1253,28,Male,Sandals,Footwear,41,Massachusetts,L,Magenta,Fall,4.0,No,Standard,Yes,Yes,8,Cash,Quarterly,4,90,164,570.7199999999999,26-35,Low Engagement,Low
1254,39,Male,Sandals,Footwear,23,Montana,XL,Red,Winter,4.9,No,Express,Yes,Yes,49,PayPal,Annually,1,365,23,136.62,36-50,Low Engagement,Low
1255,54,Male,Sneakers,Footwear,56,California,XL,Black,Spring,3.3,No,2-Day Shipping,Yes,Yes,2,Credit Card,Bi-Weekly,26,14,1456,4542.72,51-70,Habitual Budget Buyers,High
1256,30,Male,Hat,Accessories,68,Indiana,M,Peach,Fall,4.1,No,Standard,Yes,Yes,38,Cash,Fortnightly,26,14,1768,9335.04,26-35,Premium Loyalists,Very High
1257,45,Male,Coat,Outerwear,48,West Virginia,S,Olive,Winter,3.6,No,Express,Yes,Yes,4,Cash,Fortnightly,26,14,1248,4043.5200000000004,36-50,Habitual Budget Buyers,High
1258,68,Male,Dress,Clothing,67,Minnesota,L,Gold,Spring,3.0,No,Free Shipping,Yes,Yes,31,Cash,Every 3 Months,4,90,268,1302.48,51-70,Big-Ticket Occasionals,Moderate
1259,47,Male,Boots,Footwear,87,Ohio,XL,Gold,Spring,4.1,No,2-Day Shipping,Yes,Yes,34,Debit Card,Every 3 Months,4,90,348,1753.92,36-50,Big-Ticket Occasionals,Moderate
1260,68,Male,Skirt,Clothing,64,Minnesota,M,Turquoise,Fall,3.9,No,Standard,Yes,Yes,45,Credit Card,Monthly,12,30,768,4377.599999999999,51-70,Big-Ticket Occasionals,High
1261,63,Male,Shirt,Clothing,93,Virginia,XL,Green,Spring,4.1,No,Store Pickup,Yes,Yes,30,Debit Card,Quarterly,4,90,372,1785.6000000000001,51-70,Big-Ticket Occasionals,Moderate
1262,20,Male,Shirt,Clothing,29,Connecticut,L,Maroon,Summer,2.8,No,Next Day Air,Yes,Yes,2,Credit Card,Fortnightly,26,14,754,2352.48,18-25,Habitual Budget Buyers,Moderate
1263,29,Male,Boots,Footwear,62,Tennessee,L,Brown,Winter,4.8,No,Store Pickup,Yes,Yes,44,Venmo,Monthly,12,30,744,4196.16,26-35,Big-Ticket Occasionals,High
1264,41,Male,Hoodie,Clothing,70,Delaware,L,Brown,Winter,4.6,No,2-Day Shipping,Yes,Yes,1,Credit Card,Bi-Weekly,26,14,1820,5569.2,36-50,Premium Loyalists,High
1265,52,Male,Sweater,Clothing,92,Vermont,S,Blue,Winter,2.5,No,Next Day Air,Yes,Yes,1,Venmo,Bi-Weekly,26,14,2392,7319.52,51-70,Premium Loyalists,Very High
1266,32,Male,Shirt,Clothing,79,Louisiana,M,Lavender,Spring,2.7,No,Next Day Air,Yes,Yes,27,Bank Transfer,Weekly,52,7,4108,18978.96,26-35,Premium Loyalists,Very High
1267,20,Male,Blouse,Clothing,31,North Dakota,M,Peach,Fall,4.0,No,Standard,Yes,Yes,14,Debit Card,Every 3 Months,4,90,124,476.16,18-25,Low Engagement,Low
1268,47,Male,T-shirt,Clothing,83,Oregon,S,Gray,Spring,2.7,No,Standard,Yes,Yes,41,Cash,Weekly,52,7,4316,23565.359999999997,36-50,Premium Loyalists,Very High
1269,23,Male,Jacket,Outerwear,88,Idaho,XL,Charcoal,Winter,2.9,No,Next Day Air,Yes,Yes,25,Debit Card,Bi-Weekly,26,14,2288,10296.0,18-25,Premium Loyalists,Very High
1270,43,Male,Jewelry,Accessories,53,Vermont,M,Lavender,Spring,3.0,No,Standard,Yes,Yes,47,PayPal,Quarterly,4,90,212,1233.84,36-50,Low Engagement,Moderate
1271,67,Male,Hoodie,Clothing,98,West Virginia,M,Green,Fall,3.3,No,Standard,Yes,Yes,20,Cash,Annually,1,365,98,411.59999999999997,51-70,Big-Ticket Occasionals,Low
1272,70,Male,Jewelry,Accessories,57,Kentucky,S,Gray,Spring,4.3,No,Store Pickup,Yes,Yes,42,PayPal,Annually,1,365,57,314.64,51-70,Low Engagement,Low
1273,35,Male,Sandals,Footwear,80,Wisconsin,M,Orange,Winter,4.4,No,Express,Yes,Yes,16,Bank Transfer,Monthly,12,30,960,3801.6000000000004,26-35,Big-Ticket Occasionals,High
1274,41,Male,Jeans,Clothing,29,Mississippi,L,Silver,Spring,4.1,No,Next Day Air,Yes,Yes,32,Credit Card,Every 3 Months,4,90,116,570.72,36-50,Low Engagement,Low
1275,54,Male,Hat,Accessories,73,Missouri,M,Olive,Spring,3.1,No,2-Day Shipping,Yes,Yes,37,PayPal,Quarterly,4,90,292,1524.24,51-70,Big-Ticket Occasionals,Moderate
1276,55,Male,Sweater,Clothing,32,Arkansas,S,Turquoise,Fall,4.5,No,Standard,Yes,Yes,1,PayPal,Monthly,12,30,384,1175.04,51-70,Low Engagement,Moderate
1277,51,Male,Boots,Footwear,68,Wyoming,L,Turquoise,Spring,4.8,No,Next Day Air,Yes,Yes,37,Bank Transfer,Weekly,52,7,3536,18457.92,51-70,Premium Loyalists,Very High
1278,19,Male,Blouse,Clothing,97,Rhode Island,L,Green,Spring,5.0,No,Express,Yes,Yes,5,Venmo,Quarterly,4,90,388,1280.4,18-25,Big-Ticket Occasionals,Moderate
1279,28,Male,Shorts,Clothing,98,Utah,M,Violet,Fall,2.8,No,Next Day Air,Yes,Yes,31,Venmo,Fortnightly,26,14,2548,12383.28,26-35,Premium Loyalists,Very High
1280,63,Male,Hoodie,Clothing,56,Maryland,L,Charcoal,Fall,3.7,No,Express,Yes,Yes,18,Debit Card,Annually,1,365,56,228.48,51-70,Low Engagement,Low
1281,30,Male,Pants,Clothing,78,Georgia,L,White,Winter,4.4,No,2-Day Shipping,Yes,Yes,39,Venmo,Every 3 Months,4,90,312,1666.08,26-35,Big-Ticket Occasionals,Moderate
1282,29,Male,Belt,Accessories,81,New Jersey,M,Olive,Spring,4.5,No,Store Pickup,Yes,Yes,8,Venmo,Bi-Weekly,26,14,2106,7328.879999999999,26-35,Premium Loyalists,Very High
1283,24,Male,Shirt,Clothing,68,New Hampshire,L,Violet,Winter,3.0,No,Free Shipping,Yes,Yes,20,Venmo,Monthly,12,30,816,3427.2,18-25,Big-Ticket Occasionals,High
1284,69,Male,Shirt,Clothing,94,Oregon,M,Violet,Winter,3.9,No,2-Day Shipping,Yes,Yes,23,Debit Card,Every 3 Months,4,90,376,1646.8799999999999,51-70,Big-Ticket Occasionals,Moderate
1285,65,Male,Dress,Clothing,93,Arkansas,M,Black,Spring,3.9,No,Express,Yes,Yes,38,PayPal,Fortnightly,26,14,2418,12767.04,51-70,Premium Loyalists,Very High
1286,64,Male,Gloves,Accessories,99,North Carolina,M,Charcoal,Fall,3.5,No,Next Day Air,Yes,Yes,45,Bank Transfer,Fortnightly,26,14,2574,14671.8,51-70,Premium Loyalists,Very High
1287,40,Male,Gloves,Accessories,49,West Virginia,L,Yellow,Winter,4.9,No,Next Day Air,Yes,Yes,44,Debit Card,Fortnightly,26,14,1274,7185.36,36-50,Habitual Budget Buyers,High
1288,24,Male,Jeans,Clothing,28,Utah,XL,Blue,Winter,3.4,No,Standard,Yes,Yes,20,PayPal,Monthly,12,30,336,1411.1999999999998,18-25,Low Engagement,Moderate
1289,66,Male,Belt,Accessories,93,South Dakota,XL,Charcoal,Winter,4.1,No,Standard,Yes,Yes,34,PayPal,Bi-Weekly,26,14,2418,12186.720000000001,51-70,Premium Loyalists,Very High
1290,35,Male,Jacket,Outerwear,24,New Hampshire,M,Red,Fall,2.9,No,Next Day Air,Yes,Yes,10,PayPal,Weekly,52,7,1248,4492.8,26-35,Habitual Budget Buyers,High
1291,67,Male,Skirt,Clothing,35,Maryland,M,Indigo,Spring,3.4,No,Free Shipping,Yes,Yes,3,PayPal,Annually,1,365,35,111.30000000000001,51-70,Low Engagement,Low
1292,69,Male,Sandals,Footwear,68,South Dakota,S,Beige,Spring,3.2,No,2-Day Shipping,Yes,Yes,23,Debit Card,Fortnightly,26,14,1768,7743.84,51-70,Premium Loyalists,Very High
1293,26,Male,Belt,Accessories,61,Kentucky,M,Maroon,Summer,3.9,No,Free Shipping,Yes,Yes,42,Bank Transfer,Annually,1,365,61,336.71999999999997,26-35,Big-Ticket Occasionals,Low
1294,23,Male,Sweater,Clothing,74,Florida,XL,Yellow,Fall,4.1,No,Standard,Yes,Yes,30,Debit Card,Annually,1,365,74,355.20000000000005,18-25,Big-Ticket Occasionals,Low
1295,27,Male,Shirt,Clothing,64,Texas,M,Silver,Summer,4.5,No,Standard,Yes,Yes,21,Cash,Every 3 Months,4,90,256,1090.56,26-35,Big-Ticket Occasionals,Moderate
1296,30,Male,Sneakers,Footwear,60,New Mexico,M,Olive,Fall,2.8,No,Standard,Yes,Yes,50,PayPal,Weekly,52,7,3120,18720.0,26-35,Habitual Budget Buyers,Very High
1297,48,Male,Jeans,Clothing,29,South Dakota,S,Teal,Spring,2.8,No,Express,Yes,Yes,16,Cash,Bi-Weekly,26,14,754,2985.84,36-50,Habitual Budget Buyers,High
1298,44,Male,Sandals,Footwear,85,New Jersey,M,Silver,Summer,4.6,No,Standard,Yes,Yes,32,Venmo,Annually,1,365,85,418.20000000000005,36-50,Big-Ticket Occasionals,Low
1299,29,Male,Pants,Clothing,81,Indiana,S,Indigo,Summer,3.0,No,Free Shipping,Yes,Yes,14,Bank Transfer,Fortnightly,26,14,2106,8087.04,26-35,Premium Loyalists,Very High
1300,29,Male,Belt,Accessories,23,Louisiana,L,Teal,Fall,3.6,No,2-Day Shipping,Yes,Yes,42,Venmo,Bi-Weekly,26,14,598,3300.9599999999996,26-35,Habitual Budget Buyers,High
1301,67,Male,T-shirt,Clothing,100,West Virginia,M,Charcoal,Spring,4.5,No,Next Day Air,Yes,Yes,47,Credit Card,Every 3 Months,4,90,400,2328.0,51-70,Big-Ticket Occasionals,Moderate
1302,42,Male,Shirt,Clothing,54,Maine,M,Orange,Fall,5.0,No,Express,Yes,Yes,21,Debit Card,Weekly,52,7,2808,11962.08,36-50,Habitual Budget Buyers,Very High
1303,23,Male,Sneakers,Footwear,25,Idaho,M,Gold,Fall,2.9,No,Next Day Air,Yes,Yes,37,Credit Card,Monthly,12,30,300,1566.0,18-25,Low Engagement,Moderate
1304,34,Male,Blouse,Clothing,32,New York,L,Silver,Summer,3.1,No,Next Day Air,Yes,Yes,10,Credit Card,Annually,1,365,32,115.19999999999999,26-35,Low Engagement,Low
1305,64,Male,Backpack,Accessories,63,Montana,S,Orange,Spring,4.0,No,2-Day Shipping,Yes,Yes,18,PayPal,Every 3 Months,4,90,252,1028.1599999999999,51-70,Big-Ticket Occasionals,Moderate
1306,31,Male,Pants,Clothing,56,Mississippi,XL,Peach,Spring,4.5,No,Express,Yes,Yes,2,PayPal,Every 3 Months,4,90,224,698.88,26-35,Low Engagement,Low
1307,54,Male,Sweater,Clothing,33,Alaska,L,Brown,Winter,4.5,No,Next Day Air,Yes,Yes,40,PayPal,Annually,1,365,33,178.20000000000002,51-70,Low Engagement,Low
1308,23,Male,Coat,Outerwear,32,Missouri,L,Black,Summer,3.1,No,Express,Yes,Yes,43,PayPal,Annually,1,365,32,178.56,18-25,Low Engagement,Low
1309,59,Male,Dress,Clothing,38,Rhode Island,L,Red,Summer,4.4,No,Next Day Air,Yes,Yes,14,Credit Card,Every 3 Months,4,90,152,583.6800000000001,51-70,Low Engagement,Low
1310,32,Male,Blouse,Clothing,21,Hawaii,L,Lavender,Summer,4.7,No,Store Pickup,Yes,Yes,41,Cash,Quarterly,4,90,84,458.64,26-35,Low Engagement,Low
1311,43,Male,Hoodie,Clothing,59,South Carolina,L,Brown,Winter,3.1,No,Store Pickup,Yes,Yes,38,Credit Card,Every 3 Months,4,90,236,1246.08,36-50,Low Engagement,Moderate
1312,32,Male,Shoes,Footwear,87,Tennessee,M,Maroon,Fall,4.2,No,Express,Yes,Yes,12,Venmo,Annually,1,365,87,323.64,26-35,Big-Ticket Occasionals,Low
1313,66,Male,T-shirt,Clothing,79,Missouri,M,Violet,Winter,3.0,No,Store Pickup,Yes,Yes,19,Bank Transfer,Monthly,12,30,948,3924.72,51-70,Big-Ticket Occasionals,High
1314,70,Male,Shoes,Footwear,28,Missouri,M,Lavender,Summer,2.6,No,Free Shipping,Yes,Yes,23,Credit Card,Bi-Weekly,26,14,728,3188.64,51-70,Habitual Budget Buyers,High
1315,42,Male,Boots,Footwear,67,Missouri,S,Magenta,Summer,3.4,No,Free Shipping,Yes,Yes,49,Debit Card,Annually,1,365,67,397.98,36-50,Big-Ticket Occasionals,Low
1316,56,Male,Shorts,Clothing,75,Mississippi,L,Green,Spring,4.2,No,2-Day Shipping,Yes,Yes,29,Debit Card,Quarterly,4,90,300,1422.0,51-70,Big-Ticket Occasionals,Moderate
1317,28,Male,Belt,Accessories,32,Arkansas,S,Lavender,Spring,4.6,No,Standard,Yes,Yes,14,Debit Card,Bi-Weekly,26,14,832,3194.88,26-35,Habitual Budget Buyers,High
1318,28,Male,Pants,Clothing,43,Kentucky,M,Green,Spring,2.8,No,Free Shipping,Yes,Yes,19,Cash,Monthly,12,30,516,2136.24,26-35,Low Engagement,Moderate
1319,52,Male,Shorts,Clothing,93,Connecticut,M,Maroon,Spring,2.7,No,Express,Yes,Yes,19,Credit Card,Bi-Weekly,26,14,2418,10010.519999999999,51-70,Premium Loyalists,Very High
1320,65,Male,Sunglasses,Accessories,24,Oklahoma,M,Magenta,Spring,4.0,No,Standard,Yes,Yes,48,Bank Transfer,Weekly,52,7,1248,7338.24,51-70,Habitual Budget Buyers,Very High
1321,56,Male,Hat,Accessories,31,California,XL,Teal,Fall,3.1,No,Free Shipping,Yes,Yes,19,Debit Card,Annually,1,365,31,128.34,51-70,Low Engagement,Low
1322,59,Male,T-shirt,Clothing,84,Missouri,L,Orange,Winter,3.7,No,Express,Yes,Yes,45,Bank Transfer,Every 3 Months,4,90,336,1915.1999999999998,51-70,Big-Ticket Occasionals,Moderate
1323,23,Male,Pants,Clothing,74,Washington,M,Violet,Winter,4.0,No,Next Day Air,Yes,Yes,17,Bank Transfer,Quarterly,4,90,296,1189.92,18-25,Big-Ticket Occasionals,Moderate
1324,58,Male,Shorts,Clothing,62,New York,M,Yellow,Spring,4.6,No,Standard,Yes,Yes,15,Debit Card,Every 3 Months,4,90,248,967.2,51-70,Big-Ticket Occasionals,Moderate
1325,39,Male,Jewelry,Accessories,77,Indiana,S,Orange,Summer,3.8,No,Free Shipping,Yes,Yes,11,Credit Card,Fortnightly,26,14,2002,7327.32,36-50,Premium Loyalists,Very High
1326,28,Male,Backpack,Accessories,73,Oregon,L,Gold,Summer,3.5,No,Express,Yes,Yes,1,Cash,Monthly,12,30,876,2680.56,26-35,Big-Ticket Occasionals,High
1327,40,Male,Shoes,Footwear,50,Texas,M,Indigo,Spring,4.6,No,Free Shipping,Yes,Yes,17,Cash,Monthly,12,30,600,2412.0,36-50,Low Engagement,Moderate
1328,52,Male,Coat,Outerwear,40,Florida,M,Turquoise,Winter,2.8,No,Standard,Yes,Yes,37,Cash,Weekly,52,7,2080,10857.6,51-70,Habitual Budget Buyers,Very High
1329,37,Male,Sweater,Clothing,97,Rhode Island,M,Orange,Winter,3.7,No,Standard,Yes,Yes,40,Bank Transfer,Weekly,52,7,5044,27237.600000000002,36-50,Premium Loyalists,Very High
1330,70,Male,Gloves,Accessories,63,Texas,M,Indigo,Fall,3.3,No,Express,Yes,Yes,50,PayPal,Every 3 Months,4,90,252,1512.0,51-70,Big-Ticket Occasionals,Moderate
1331,30,Male,Handbag,Accessories,65,Vermont,M,Charcoal,Fall,2.9,No,Standard,Yes,Yes,20,PayPal,Bi-Weekly,26,14,1690,7098.0,26-35,Premium Loyalists,High
1332,38,Male,Socks,Clothing,91,Maryland,M,Lavender,Spring,3.2,No,Standard,Yes,Yes,8,PayPal,Bi-Weekly,26,14,2366,8233.68,36-50,Premium Loyalists,Very High
1333,66,Male,Hoodie,Clothing,60,Alaska,S,Gold,Spring,4.3,No,Store Pickup,Yes,Yes,16,Bank Transfer,Quarterly,4,90,240,950.4000000000001,51-70,Low Engagement,Moderate
1334,29,Male,Pants,Clothing,69,Idaho,M,Lavender,Winter,2.7,No,Next Day Air,Yes,Yes,9,Bank Transfer,Quarterly,4,90,276,977.04,26-35,Big-Ticket Occasionals,Moderate
1335,46,Male,Coat,Outerwear,52,West Virginia,S,White,Spring,4.2,No,Store Pickup,Yes,Yes,12,Venmo,Monthly,12,30,624,2321.28,36-50,Low Engagement,Moderate
1336,56,Male,Boots,Footwear,49,Nevada,M,Lavender,Fall,4.8,No,2-Day Shipping,Yes,Yes,26,Credit Card,Weekly,52,7,2548,11618.880000000001,51-70,Habitual Budget Buyers,Very High
1337,23,Male,Sneakers,Footwear,85,Oregon,M,Charcoal,Spring,4.8,No,Store Pickup,Yes,Yes,44,Debit Card,Fortnightly,26,14,2210,12464.4,18-25,Premium Loyalists,Very High
1338,37,Male,Sweater,Clothing,86,Tennessee,L,Silver,Spring,3.4,No,Express,Yes,Yes,19,Credit Card,Bi-Weekly,26,14,2236,9257.039999999999,36-50,Premium Loyalists,Very High
1339,56,Male,Handbag,Accessories,51,Alabama,S,Yellow,Winter,2.6,No,Standard,Yes,Yes,43,PayPal,Fortnightly,26,14,1326,7399.08,51-70,Habitual Budget Buyers,Very High
1340,36,Male,Belt,Accessories,56,Indiana,L,Olive,Winter,5.0,No,Next Day Air,Yes,Yes,5,Bank Transfer,Every 3 Months,4,90,224,739.2,36-50,Low Engagement,Low
1341,40,Male,Belt,Accessories,72,Idaho,M,Peach,Fall,4.4,No,Next Day Air,Yes,Yes,5,Debit Card,Every 3 Months,4,90,288,950.4000000000001,36-50,Big-Ticket Occasionals,Moderate
1342,26,Male,Hoodie,Clothing,27,Rhode Island,XL,Yellow,Fall,2.9,No,Standard,Yes,Yes,31,Bank Transfer,Quarterly,4,90,108,524.88,26-35,Low Engagement,Low
1343,57,Male,Sunglasses,Accessories,43,Arizona,XL,Yellow,Summer,3.4,No,2-Day Shipping,Yes,Yes,11,Bank Transfer,Monthly,12,30,516,1888.56,51-70,Low Engagement,Moderate
1344,68,Male,Sneakers,Footwear,56,Florida,M,Indigo,Spring,3.4,No,Standard,Yes,Yes,34,Bank Transfer,Monthly,12,30,672,3386.88,51-70,Low Engagement,High
1345,56,Male,T-shirt,Clothing,37,New York,S,Violet,Fall,4.9,No,Next Day Air,Yes,Yes,14,Cash,Annually,1,365,37,142.08,51-70,Low Engagement,Low
1346,40,Male,Dress,Clothing,21,Nebraska,M,White,Fall,3.6,No,Standard,Yes,Yes,42,Venmo,Weekly,52,7,1092,6027.839999999999,36-50,Habitual Budget Buyers,High
1347,44,Male,Hoodie,Clothing,91,Mississippi,L,White,Winter,3.0,No,Free Shipping,Yes,Yes,15,Venmo,Bi-Weekly,26,14,2366,9227.4,36-50,Premium Loyalists,Very High
1348,44,Male,Sweater,Clothing,95,Vermont,M,Cyan,Summer,3.9,No,2-Day Shipping,Yes,Yes,47,Bank Transfer,Monthly,12,30,1140,6634.8,36-50,Big-Ticket Occasionals,High
1349,19,Male,Belt,Accessories,54,Nebraska,XL,Purple,Spring,3.2,No,Standard,Yes,Yes,23,Credit Card,Fortnightly,26,14,1404,6149.5199999999995,18-25,Habitual Budget Buyers,High
1350,21,Male,Socks,Clothing,36,South Carolina,XL,Black,Spring,3.2,No,Next Day Air,Yes,Yes,23,Cash,Bi-Weekly,26,14,936,4099.68,18-25,Habitual Budget Buyers,High
1351,31,Male,Sunglasses,Accessories,71,Delaware,M,Orange,Fall,4.3,No,Next Day Air,Yes,Yes,1,Cash,Every 3 Months,4,90,284,869.04,26-35,Big-Ticket Occasionals,Moderate
1352,30,Male,Coat,Outerwear,31,Vermont,L,Maroon,Summer,2.8,No,2-Day Shipping,Yes,Yes,28,Bank Transfer,Quarterly,4,90,124,580.32,26-35,Low Engagement,Low
1353,65,Male,Hat,Accessories,89,Indiana,XL,Orange,Spring,4.5,No,Next Day Air,Yes,Yes,37,Credit Card,Bi-Weekly,26,14,2314,12079.08,51-70,Premium Loyalists,Very High
1354,39,Male,Pants,Clothing,83,Oregon,M,Teal,Winter,4.1,No,Next Day Air,Yes,Yes,4,Cash,Every 3 Months,4,90,332,1075.68,36-50,Big-Ticket Occasionals,Moderate
1355,64,Male,Backpack,Accessories,42,Maryland,M,Gray,Spring,3.6,No,2-Day Shipping,Yes,Yes,21,Bank Transfer,Quarterly,4,90,168,715.68,51-70,Low Engagement,Low
1356,59,Male,Shorts,Clothing,91,Florida,M,Blue,Summer,3.0,No,2-Day Shipping,Yes,Yes,50,PayPal,Bi-Weekly,26,14,2366,14196.0,51-70,Premium Loyalists,Very High
1357,49,Male,Jacket,Outerwear,61,Indiana,M,Cyan,Spring,4.0,No,Free Shipping,Yes,Yes,34,Bank Transfer,Annually,1,365,61,307.44000000000005,36-50,Big-Ticket Occasionals,Low
1358,24,Male,Backpack,Accessories,66,Texas,S,Red,Summer,3.5,No,Next Day Air,Yes,Yes,20,Cash,Quarterly,4,90,264,1108.8,18-25,Big-Ticket Occasionals,Moderate
1359,19,Male,Scarf,Accessories,22,Nebraska,XL,Pink,Spring,2.5,No,Store Pickup,Yes,Yes,25,Venmo,Every 3 Months,4,90,88,396.0,18-25,Low Engagement,Low
1360,27,Male,Hoodie,Clothing,68,North Carolina,S,Cyan,Winter,4.3,No,Store Pickup,Yes,Yes,26,Bank Transfer,Fortnightly,26,14,1768,8062.08,26-35,Premium Loyalists,Very High
1361,56,Male,Skirt,Clothing,43,Alabama,L,Black,Fall,2.8,No,Express,Yes,Yes,4,Bank Transfer,Annually,1,365,43,139.32000000000002,51-70,Low Engagement,Low
1362,49,Male,Dress,Clothing,32,Alabama,M,Beige,Fall,3.7,No,Next Day Air,Yes,Yes,39,Debit Card,Monthly,12,30,384,2050.56,36-50,Low Engagement,Moderate
1363,41,Male,Coat,Outerwear,46,Colorado,M,Gray,Fall,4.3,No,Express,Yes,Yes,29,Cash,Weekly,52,7,2392,11338.08,36-50,Habitual Budget Buyers,Very High
1364,36,Male,Blouse,Clothing,90,Wisconsin,L,Red,Summer,4.0,No,Express,Yes,Yes,47,PayPal,Quarterly,4,90,360,2095.2,36-50,Big-Ticket Occasionals,Moderate
1365,68,Male,Hat,Accessories,75,Delaware,L,Yellow,Fall,4.7,No,Express,Yes,Yes,5,Cash,Every 3 Months,4,90,300,990.0000000000001,51-70,Big-Ticket Occasionals,Moderate
1366,28,Male,Handbag,Accessories,69,Indiana,M,Magenta,Winter,4.5,No,Store Pickup,Yes,Yes,18,Bank Transfer,Fortnightly,26,14,1794,7319.5199999999995,26-35,Premium Loyalists,Very High
1367,45,Male,Belt,Accessories,40,Iowa,M,Magenta,Fall,3.1,No,Free Shipping,Yes,Yes,10,Credit Card,Fortnightly,26,14,1040,3744.0,36-50,Habitual Budget Buyers,High
1368,60,Male,Belt,Accessories,63,Iowa,S,Black,Fall,3.8,No,Express,Yes,Yes,25,Cash,Quarterly,4,90,252,1134.0,51-70,Big-Ticket Occasionals,Moderate
1369,21,Male,Shirt,Clothing,36,Wisconsin,L,Orange,Summer,4.9,No,Express,Yes,Yes,2,Cash,Weekly,52,7,1872,5840.64,18-25,Habitual Budget Buyers,High
1370,32,Male,Shoes,Footwear,75,Iowa,M,Green,Winter,3.2,No,Standard,Yes,Yes,48,Venmo,Fortnightly,26,14,1950,11466.0,26-35,Premium Loyalists,Very High
1371,27,Male,Scarf,Accessories,67,Montana,L,Peach,Summer,2.9,No,2-Day Shipping,Yes,Yes,41,Bank Transfer,Every 3 Months,4,90,268,1463.28,26-35,Big-Ticket Occasionals,Moderate
1372,40,Male,Pants,Clothing,64,Mississippi,M,Charcoal,Spring,2.8,No,Store Pickup,Yes,Yes,42,Credit Card,Monthly,12,30,768,4239.36,36-50,Big-Ticket Occasionals,High
1373,64,Male,Blouse,Clothing,61,Michigan,M,Gray,Fall,4.0,No,2-Day Shipping,Yes,Yes,44,PayPal,Bi-Weekly,26,14,1586,8945.039999999999,51-70,Premium Loyalists,Very High
1374,18,Male,Gloves,Accessories,40,Virginia,L,Turquoise,Winter,2.6,No,Store Pickup,Yes,Yes,6,Cash,Quarterly,4,90,160,537.6,18-25,Low Engagement,Low
1375,22,Male,Handbag,Accessories,97,New York,M,Red,Fall,2.7,No,Free Shipping,Yes,Yes,5,Bank Transfer,Quarterly,4,90,388,1280.4,18-25,Big-Ticket Occasionals,Moderate
1376,42,Male,Sneakers,Footwear,31,Maine,L,Brown,Spring,4.1,No,2-Day Shipping,Yes,Yes,8,Credit Card,Annually,1,365,31,107.88,36-50,Low Engagement,Low
1377,57,Male,Sandals,Footwear,65,New Jersey,L,Pink,Spring,5.0,No,Free Shipping,Yes,Yes,24,PayPal,Annually,1,365,65,288.6,51-70,Big-Ticket Occasionals,Low
1378,33,Male,Sunglasses,Accessories,54,Maryland,L,Olive,Spring,3.0,No,Next Day Air,Yes,Yes,42,Venmo,Monthly,12,30,648,3576.9599999999996,26-35,Low Engagement,High
1379,37,Male,Jacket,Outerwear,49,Kentucky,XL,Lavender,Fall,3.6,No,Free Shipping,Yes,Yes,24,Venmo,Weekly,52,7,2548,11313.119999999999,36-50,Habitual Budget Buyers,Very High
1380,21,Male,T-shirt,Clothing,64,Minnesota,L,Purple,Fall,2.8,No,2-Day Shipping,Yes,Yes,38,Venmo,Bi-Weekly,26,14,1664,8785.92,18-25,Premium Loyalists,Very High
1381,51,Male,Sneakers,Footwear,35,Massachusetts,S,Beige,Winter,4.6,No,Standard,Yes,Yes,41,Cash,Fortnightly,26,14,910,4968.599999999999,51-70,Habitual Budget Buyers,High
1382,30,Male,Shoes,Footwear,86,Illinois,L,Green,Winter,2.9,No,Standard,Yes,Yes,48,Venmo,Quarterly,4,90,344,2022.72,26-35,Big-Ticket Occasionals,Moderate
1383,68,Male,Jacket,Outerwear,55,Michigan,L,Brown,Winter,4.8,No,Express,Yes,Yes,16,Bank Transfer,Quarterly,4,90,220,871.2,51-70,Low Engagement,Moderate
1384,36,Male,Scarf,Accessories,58,Wisconsin,M,Beige,Spring,3.3,No,Express,Yes,Yes,4,Venmo,Monthly,12,30,696,2255.04,36-50,Low Engagement,Moderate
1385,46,Male,Sneakers,Footwear,96,Alaska,M,Beige,Fall,4.6,No,Standard,Yes,Yes,8,Bank Transfer,Weekly,52,7,4992,17372.16,36-50,Premium Loyalists,Very High
1386,41,Male,Jewelry,Accessories,64,Mississippi,M,Indigo,Fall,2.6,No,Store Pickup,Yes,Yes,1,Bank Transfer,Bi-Weekly,26,14,1664,5091.84,36-50,Premium Loyalists,High
1387,68,Male,Jacket,Outerwear,56,Oregon,M,Silver,Fall,4.0,No,Next Day Air,Yes,Yes,4,Debit Card,Quarterly,4,90,224,725.76,51-70,Low Engagement,Low
1388,21,Male,Blouse,Clothing,85,Maryland,M,Gold,Winter,3.8,No,Standard,Yes,Yes,20,Credit Card,Monthly,12,30,1020,4284.0,18-25,Big-Ticket Occasionals,High
1389,62,Male,Dress,Clothing,23,Arkansas,M,Lavender,Spring,3.9,No,Express,Yes,Yes,40,Cash,Quarterly,4,90,92,496.8,51-70,Low Engagement,Low
1390,59,Male,Scarf,Accessories,72,Illinois,L,Orange,Fall,2.6,No,Store Pickup,Yes,Yes,8,Debit Card,Fortnightly,26,14,1872,6514.5599999999995,51-70,Premium Loyalists,High
1391,25,Male,Hat,Accessories,38,Arkansas,M,Maroon,Summer,4.3,No,Standard,Yes,Yes,42,Debit Card,Weekly,52,7,1976,10907.519999999999,18-25,Habitual Budget Buyers,Very High
1392,53,Male,Blouse,Clothing,29,Mississippi,S,White,Winter,3.6,No,Express,Yes,Yes,38,Credit Card,Annually,1,365,29,153.12,51-70,Low Engagement,Low
1393,31,Male,Gloves,Accessories,46,Arkansas,M,Yellow,Spring,4.2,No,Express,Yes,Yes,34,Venmo,Every 3 Months,4,90,184,927.3600000000001,26-35,Low Engagement,Moderate
1394,46,Male,Gloves,Accessories,58,Idaho,L,Yellow,Spring,3.9,No,Express,Yes,Yes,14,PayPal,Fortnightly,26,14,1508,5790.72,36-50,Habitual Budget Buyers,High
1395,26,Male,Coat,Outerwear,43,Iowa,L,Magenta,Fall,4.7,No,Next Day Air,Yes,Yes,39,Cash,Weekly,52,7,2236,11940.24,26-35,Habitual Budget Buyers,Very High
1396,47,Male,Scarf,Accessories,32,West Virginia,L,Turquoise,Spring,2.8,No,Next Day Air,Yes,Yes,40,PayPal,Bi-Weekly,26,14,832,4492.8,36-50,Habitual Budget Buyers,High
1397,37,Male,Pants,Clothing,30,Wisconsin,XL,Lavender,Winter,3.0,No,Next Day Air,Yes,Yes,49,Debit Card,Monthly,12,30,360,2138.4,36-50,Low Engagement,Moderate
1398,55,Male,Sunglasses,Accessories,67,Massachusetts,S,Magenta,Summer,4.7,No,Store Pickup,Yes,Yes,33,PayPal,Annually,1,365,67,333.66,51-70,Big-Ticket Occasionals,Low
1399,30,Male,Dress,Clothing,45,Texas,M,Cyan,Summer,2.5,No,Free Shipping,Yes,Yes,25,Credit Card,Weekly,52,7,2340,10530.0,26-35,Habitual Budget Buyers,Very High
1400,19,Male,Hat,Accessories,81,Nebraska,M,Olive,Winter,3.1,No,Store Pickup,Yes,Yes,48,Venmo,Annually,1,365,81,476.28,18-25,Big-Ticket Occasionals,Low
1401,36,Male,Backpack,Accessories,23,Nevada,M,Red,Fall,3.6,No,Next Day Air,Yes,Yes,22,Credit Card,Every 3 Months,4,90,92,397.44,36-50,Low Engagement,Low
1402,23,Male,Sandals,Footwear,59,Indiana,M,Blue,Fall,3.5,No,2-Day Shipping,Yes,Yes,1,PayPal,Weekly,52,7,3068,9388.08,18-25,Habitual Budget Buyers,Very High
1403,62,Male,Sunglasses,Accessories,21,North Dakota,L,White,Summer,3.1,No,Express,Yes,Yes,47,PayPal,Monthly,12,30,252,1466.6399999999999,51-70,Low Engagement,Moderate
1404,26,Male,Backpack,Accessories,20,Georgia,M,Peach,Spring,3.6,No,Store Pickup,Yes,Yes,20,Credit Card,Bi-Weekly,26,14,520,2184.0,26-35,Habitual Budget Buyers,Moderate
1405,36,Male,Jewelry,Accessories,28,New Mexico,M,Charcoal,Winter,3.5,No,Next Day Air,Yes,Yes,10,Debit Card,Weekly,52,7,1456,5241.599999999999,36-50,Habitual Budget Buyers,High
1406,33,Male,Socks,Clothing,100,New Hampshire,M,Peach,Winter,2.7,No,Store Pickup,Yes,Yes,39,Credit Card,Monthly,12,30,1200,6408.0,26-35,Big-Ticket Occasionals,High
1407,32,Male,Shirt,Clothing,46,Washington,L,Turquoise,Spring,3.6,No,Express,Yes,Yes,15,Debit Card,Monthly,12,30,552,2152.8,26-35,Low Engagement,Moderate
1408,56,Male,Handbag,Accessories,61,Nevada,XL,Charcoal,Spring,4.5,No,Express,Yes,Yes,11,Credit Card,Annually,1,365,61,223.26,51-70,Big-Ticket Occasionals,Low
1409,58,Male,Blouse,Clothing,58,Maine,M,Yellow,Winter,4.1,No,Free Shipping,Yes,Yes,38,Venmo,Weekly,52,7,3016,15924.48,51-70,Habitual Budget Buyers,Very High
1410,34,Male,Backpack,Accessories,50,Idaho,M,Blue,Spring,4.2,No,Standard,Yes,Yes,41,Cash,Fortnightly,26,14,1300,7097.999999999999,26-35,Habitual Budget Buyers,High
1411,61,Male,Hat,Accessories,93,Tennessee,M,Purple,Summer,4.0,No,Store Pickup,Yes,Yes,18,Debit Card,Annually,1,365,93,379.43999999999994,51-70,Big-Ticket Occasionals,Low
1412,48,Male,Skirt,Clothing,24,Louisiana,L,Green,Summer,2.8,No,Store Pickup,Yes,Yes,13,Venmo,Quarterly,4,90,96,362.88,36-50,Low Engagement,Low
1413,25,Male,Shorts,Clothing,100,Michigan,M,Charcoal,Summer,2.6,No,2-Day Shipping,Yes,Yes,43,Venmo,Annually,1,365,100,558.0,18-25,Big-Ticket Occasionals,Low
1414,51,Male,Blouse,Clothing,79,New Hampshire,S,Indigo,Fall,2.7,No,Store Pickup,Yes,Yes,12,Bank Transfer,Quarterly,4,90,316,1175.52,51-70,Big-Ticket Occasionals,Moderate
1415,29,Male,Socks,Clothing,51,Minnesota,M,Black,Summer,4.5,No,Store Pickup,Yes,Yes,3,Credit Card,Bi-Weekly,26,14,1326,4216.68,26-35,Habitual Budget Buyers,High
1416,54,Male,Belt,Accessories,90,Illinois,M,Blue,Winter,3.7,No,Free Shipping,Yes,Yes,12,Credit Card,Every 3 Months,4,90,360,1339.2,51-70,Big-Ticket Occasionals,Moderate
1417,48,Male,Boots,Footwear,56,Idaho,L,Silver,Summer,3.4,No,Free Shipping,Yes,Yes,46,Cash,Quarterly,4,90,224,1290.24,36-50,Low Engagement,Moderate
1418,62,Male,Shorts,Clothing,25,Montana,S,Brown,Spring,4.6,No,Standard,Yes,Yes,21,Debit Card,Fortnightly,26,14,650,2769.0,51-70,Habitual Budget Buyers,High
1419,18,Male,Shirt,Clothing,75,Alabama,M,Violet,Summer,4.1,No,2-Day Shipping,Yes,Yes,23,Venmo,Every 3 Months,4,90,300,1314.0,18-25,Big-Ticket Occasionals,Moderate
1420,43,Male,Handbag,Accessories,75,Montana,M,Orange,Summer,2.6,No,Free Shipping,Yes,Yes,4,Debit Card,Quarterly,4,90,300,972.0000000000001,36-50,Big-Ticket Occasionals,Moderate
1421,22,Male,Jeans,Clothing,53,California,XL,Gray,Summer,4.6,No,Store Pickup,Yes,Yes,45,PayPal,Every 3 Months,4,90,212,1208.3999999999999,18-25,Low Engagement,Moderate
1422,68,Male,Dress,Clothing,100,Pennsylvania,S,Gold,Spring,3.0,No,Standard,Yes,Yes,24,Bank Transfer,Fortnightly,26,14,2600,11544.0,51-70,Premium Loyalists,Very High
1423,44,Male,Dress,Clothing,27,Texas,L,Charcoal,Fall,3.4,No,Free Shipping,Yes,Yes,3,PayPal,Bi-Weekly,26,14,702,2232.36,36-50,Habitual Budget Buyers,Moderate
1424,51,Male,Sandals,Footwear,60,Michigan,S,Black,Fall,3.5,No,Free Shipping,Yes,Yes,12,Venmo,Every 3 Months,4,90,240,892.8,51-70,Low Engagement,Moderate
1425,66,Male,Jacket,Outerwear,23,Connecticut,S,Indigo,Fall,3.5,No,Standard,Yes,Yes,34,Bank Transfer,Every 3 Months,4,90,92,463.68000000000006,51-70,Low Engagement,Low
1426,59,Male,Coat,Outerwear,40,Wyoming,S,White,Winter,3.7,No,Next Day Air,Yes,Yes,39,Credit Card,Annually,1,365,40,213.6,51-70,Low Engagement,Low
1427,60,Male,Pants,Clothing,38,Michigan,M,Yellow,Summer,4.8,No,Free Shipping,Yes,Yes,35,PayPal,Every 3 Months,4,90,152,775.1999999999999,51-70,Low Engagement,Low
1428,31,Male,Backpack,Accessories,90,South Dakota,S,Orange,Summer,4.9,No,Store Pickup,Yes,Yes,8,Credit Card,Annually,1,365,90,313.2,26-35,Big-Ticket Occasionals,Low
1429,20,Male,Blouse,Clothing,97,North Dakota,S,Green,Summer,4.9,No,Express,Yes,Yes,42,PayPal,Quarterly,4,90,388,2141.7599999999998,18-25,Big-Ticket Occasionals,Moderate
1430,24,Male,Skirt,Clothing,38,Maryland,L,Gold,Fall,4.7,No,Standard,Yes,Yes,6,Credit Card,Every 3 Months,4,90,152,510.72,18-25,Low Engagement,Low
1431,48,Male,Sandals,Footwear,30,Michigan,S,Orange,Summer,4.9,No,Free Shipping,Yes,Yes,3,Credit Card,Fortnightly,26,14,780,2480.4,36-50,Habitual Budget Buyers,Moderate
1432,39,Male,Pants,Clothing,88,South Dakota,M,Cyan,Fall,2.9,No,Express,Yes,Yes,29,Venmo,Quarterly,4,90,352,1668.48,36-50,Big-Ticket Occasionals,Moderate
1433,34,Male,Hat,Accessories,33,Florida,L,Black,Winter,4.4,No,Express,Yes,Yes,32,Debit Card,Quarterly,4,90,132,649.44,26-35,Low Engagement,Low
1434,70,Male,Hoodie,Clothing,60,Minnesota,L,Yellow,Winter,3.2,No,Next Day Air,Yes,Yes,45,Debit Card,Weekly,52,7,3120,17784.0,51-70,Habitual Budget Buyers,Very High
1435,59,Male,Sweater,Clothing,64,New York,L,Maroon,Summer,4.6,No,Free Shipping,Yes,Yes,21,Debit Card,Bi-Weekly,26,14,1664,7088.639999999999,51-70,Premium Loyalists,High
1436,45,Male,Scarf,Accessories,95,Oregon,XL,Black,Fall,4.0,No,Standard,Yes,Yes,41,Cash,Weekly,52,7,4940,26972.399999999998,36-50,Premium Loyalists,Very High
1437,35,Male,Sneakers,Footwear,83,Minnesota,M,Gray,Winter,3.7,No,Free Shipping,Yes,Yes,23,PayPal,Fortnightly,26,14,2158,9452.039999999999,26-35,Premium Loyalists,Very High
1438,69,Male,Boots,Footwear,97,Montana,XL,Orange,Winter,4.2,No,Free Shipping,Yes,Yes,14,Cash,Annually,1,365,97,372.48,51-70,Big-Ticket Occasionals,Low
1439,58,Male,Coat,Outerwear,38,Washington,M,Cyan,Spring,2.9,No,Standard,Yes,Yes,24,Debit Card,Monthly,12,30,456,2024.6399999999999,51-70,Low Engagement,Moderate
1440,25,Male,Boots,Footwear,48,New Mexico,M,Magenta,Summer,4.8,No,Next Day Air,Yes,Yes,25,Cash,Fortnightly,26,14,1248,5616.0,18-25,Habitual Budget Buyers,High
1441,27,Male,Sandals,Footwear,76,Arizona,M,Pink,Spring,4.4,No,Standard,Yes,Yes,13,Venmo,Monthly,12,30,912,3447.36,26-35,Big-Ticket Occasionals,High
1442,34,Male,Pants,Clothing,25,Nebraska,S,Turquoise,Summer,3.4,No,Free Shipping,Yes,Yes,3,Venmo,Every 3 Months,4,90,100,318.0,26-35,Low Engagement,Low
1443,53,Male,Hoodie,Clothing,92,Idaho,S,Violet,Spring,2.8,No,2-Day Shipping,Yes,Yes,42,Credit Card,Annually,1,365,92,507.84,51-70,Big-Ticket Occasionals,Low
1444,58,Male,Sandals,Footwear,47,Idaho,L,Teal,Fall,4.2,No,Next Day Air,Yes,Yes,2,Cash,Monthly,12,30,564,1759.68,51-70,Low Engagement,Moderate
1445,32,Male,Sweater,Clothing,36,Vermont,L,Pink,Fall,3.8,No,Express,Yes,Yes,26,Cash,Quarterly,4,90,144,656.64,26-35,Low Engagement,Low
1446,64,Male,Belt,Accessories,51,Arkansas,M,Gold,Fall,3.1,No,2-Day Shipping,Yes,Yes,24,Credit Card,Annually,1,365,51,226.44,51-70,Low Engagement,Low
1447,63,Male,Jeans,Clothing,35,Wyoming,XL,Red,Summer,3.2,No,Express,Yes,Yes,6,Credit Card,Quarterly,4,90,140,470.40000000000003,51-70,Low Engagement,Low
1448,23,Male,Hoodie,Clothing,57,New Mexico,S,Beige,Summer,3.0,No,Next Day Air,Yes,Yes,25,PayPal,Monthly,12,30,684,3078.0,18-25,Low Engagement,High
1449,64,Male,Boots,Footwear,95,West Virginia,M,Black,Summer,3.6,No,Free Shipping,Yes,Yes,11,Credit Card,Every 3 Months,4,90,380,1390.8,51-70,Big-Ticket Occasionals,Moderate
1450,18,Male,Socks,Clothing,41,New York,L,Lavender,Winter,2.5,No,Store Pickup,Yes,Yes,20,Cash,Every 3 Months,4,90,164,688.8,18-25,Low Engagement,Low
1451,25,Male,Dress,Clothing,44,Illinois,S,Teal,Winter,3.4,No,Free Shipping,Yes,Yes,25,Cash,Quarterly,4,90,176,792.0,18-25,Low Engagement,Low
1452,54,Male,Jacket,Outerwear,34,Utah,M,Maroon,Fall,2.5,No,Next Day Air,Yes,Yes,35,PayPal,Quarterly,4,90,136,693.6,51-70,Low Engagement,Low
1453,60,Male,Jacket,Outerwear,25,Colorado,L,Blue,Spring,4.7,No,2-Day Shipping,Yes,Yes,11,Bank Transfer,Quarterly,4,90,100,366.0,51-70,Low Engagement,Low
1454,36,Male,Boots,Footwear,93,Virginia,S,Teal,Winter,3.2,No,2-Day Shipping,Yes,Yes,41,Bank Transfer,Fortnightly,26,14,2418,13202.279999999999,36-50,Premium Loyalists,Very High
1455,66,Male,Sneakers,Footwear,50,Georgia,L,Maroon,Winter,2.9,No,Free Shipping,Yes,Yes,17,Credit Card,Annually,1,365,50,201.0,51-70,Low Engagement,Low
1456,60,Male,Pants,Clothing,79,Alabama,L,Silver,Fall,4.9,No,Express,Yes,Yes,1,PayPal,Every 3 Months,4,90,316,966.96,51-70,Big-Ticket Occasionals,Moderate
1457,59,Male,Coat,Outerwear,100,Montana,S,Olive,Spring,2.7,No,Store Pickup,Yes,Yes,30,PayPal,Every 3 Months,4,90,400,1920.0,51-70,Big-Ticket Occasionals,Moderate
1458,58,Male,Shirt,Clothing,57,Pennsylvania,S,Gray,Spring,4.7,No,Express,Yes,Yes,47,Venmo,Fortnightly,26,14,1482,8625.24,51-70,Habitual Budget Buyers,Very High
1459,35,Male,Sweater,Clothing,28,Missouri,M,Peach,Spring,2.9,No,2-Day Shipping,Yes,Yes,34,Venmo,Weekly,52,7,1456,7338.240000000001,26-35,Habitual Budget Buyers,Very High
1460,20,Male,Shoes,Footwear,35,Maine,L,Yellow,Winter,4.8,No,Express,Yes,Yes,18,Venmo,Fortnightly,26,14,910,3712.7999999999997,18-25,Habitual Budget Buyers,High
1461,70,Male,Boots,Footwear,85,Pennsylvania,L,Violet,Fall,4.6,No,Standard,Yes,Yes,33,Venmo,Bi-Weekly,26,14,2210,11005.800000000001,51-70,Premium Loyalists,Very High
1462,54,Male,Sunglasses,Accessories,95,Oregon,S,Red,Summer,5.0,No,2-Day Shipping,Yes,Yes,42,Venmo,Quarterly,4,90,380,2097.6,51-70,Big-Ticket Occasionals,Moderate
1463,38,Male,Sneakers,Footwear,90,Utah,S,Charcoal,Summer,4.8,No,2-Day Shipping,Yes,Yes,2,Venmo,Quarterly,4,90,360,1123.2,36-50,Big-Ticket Occasionals,Moderate
1464,54,Male,Jewelry,Accessories,49,Oklahoma,M,Beige,Summer,4.9,No,Store Pickup,Yes,Yes,1,Bank Transfer,Monthly,12,30,588,1799.28,51-70,Low Engagement,Moderate
1465,33,Male,Belt,Accessories,92,Montana,M,Peach,Winter,4.6,No,2-Day Shipping,Yes,Yes,23,Bank Transfer,Quarterly,4,90,368,1611.84,26-35,Big-Ticket Occasionals,Moderate
1466,46,Male,Gloves,Accessories,72,Nebraska,XL,Violet,Winter,3.9,No,Store Pickup,Yes,Yes,42,Cash,Bi-Weekly,26,14,1872,10333.439999999999,36-50,Premium Loyalists,Very High
1467,58,Male,Shorts,Clothing,71,Alabama,M,Green,Summer,4.5,No,Store Pickup,Yes,Yes,3,PayPal,Annually,1,365,71,225.78,51-70,Big-Ticket Occasionals,Low
1468,30,Male,Jewelry,Accessories,27,Ohio,XL,Olive,Winter,4.7,No,Store Pickup,Yes,Yes,16,Debit Card,Fortnightly,26,14,702,2779.92,26-35,Habitual Budget Buyers,High
1469,42,Male,Gloves,Accessories,39,Arkansas,S,Silver,Fall,3.9,No,Express,Yes,Yes,46,Cash,Fortnightly,26,14,1014,5840.639999999999,36-50,Habitual Budget Buyers,High
1470,28,Male,Jewelry,Accessories,98,Mississippi,M,Purple,Winter,4.4,No,Standard,Yes,Yes,31,PayPal,Every 3 Months,4,90,392,1905.1200000000001,26-35,Big-Ticket Occasionals,Moderate
1471,43,Male,Sandals,Footwear,27,California,M,Silver,Spring,3.9,No,Next Day Air,Yes,Yes,15,Cash,Every 3 Months,4,90,108,421.2,36-50,Low Engagement,Low
1472,31,Male,Jewelry,Accessories,71,Alaska,S,Gray,Spring,2.8,No,2-Day Shipping,Yes,Yes,48,Venmo,Every 3 Months,4,90,284,1669.92,26-35,Big-Ticket Occasionals,Moderate
1473,39,Male,Hat,Accessories,24,Indiana,L,Turquoise,Spring,3.5,No,Store Pickup,Yes,Yes,11,Cash,Weekly,52,7,1248,4567.68,36-50,Habitual Budget Buyers,High
1474,69,Male,Shorts,Clothing,63,Wisconsin,M,Violet,Fall,4.3,No,Express,Yes,Yes,20,Credit Card,Every 3 Months,4,90,252,1058.3999999999999,51-70,Big-Ticket Occasionals,Moderate
1475,31,Male,Sweater,Clothing,72,New Jersey,S,Pink,Fall,3.9,No,Next Day Air,Yes,Yes,6,Credit Card,Monthly,12,30,864,2903.0400000000004,26-35,Big-Ticket Occasionals,High
1476,44,Male,Blouse,Clothing,61,Rhode Island,M,Teal,Spring,4.0,No,Express,Yes,Yes,24,Cash,Monthly,12,30,732,3250.08,36-50,Big-Ticket Occasionals,High
1477,39,Male,Hat,Accessories,56,Wyoming,M,Magenta,Fall,4.1,No,Next Day Air,Yes,Yes,18,Credit Card,Monthly,12,30,672,2741.7599999999998,36-50,Low Engagement,High
1478,24,Male,Belt,Accessories,32,Oregon,XL,Silver,Summer,4.3,No,Standard,Yes,Yes,1,PayPal,Every 3 Months,4,90,128,391.68,18-25,Low Engagement,Low
1479,28,Male,Gloves,Accessories,23,Washington,M,Blue,Summer,4.2,No,Free Shipping,Yes,Yes,13,Venmo,Bi-Weekly,26,14,598,2260.44,26-35,Habitual Budget Buyers,Moderate
1480,48,Male,Coat,Outerwear,100,Washington,L,Black,Spring,4.0,No,Standard,Yes,Yes,2,Bank Transfer,Weekly,52,7,5200,16224.0,36-50,Premium Loyalists,Very High
1481,39,Male,Jewelry,Accessories,74,New Hampshire,M,Gold,Fall,3.6,No,Express,Yes,Yes,26,Cash,Quarterly,4,90,296,1349.76,36-50,Big-Ticket Occasionals,Moderate
1482,64,Male,Skirt,Clothing,33,Maryland,S,Gray,Spring,3.3,No,Standard,Yes,Yes,31,PayPal,Quarterly,4,90,132,641.5200000000001,51-70,Low Engagement,Low
1483,28,Male,Gloves,Accessories,67,Wisconsin,S,Magenta,Spring,4.1,No,2-Day Shipping,Yes,Yes,43,Bank Transfer,Weekly,52,7,3484,19440.719999999998,26-35,Premium Loyalists,Very High
1484,39,Male,Jewelry,Accessories,61,Massachusetts,S,Yellow,Summer,4.7,No,Next Day Air,Yes,Yes,12,Debit Card,Bi-Weekly,26,14,1586,5899.92,36-50,Premium Loyalists,High
1485,49,Male,Shorts,Clothing,46,Nebraska,M,Teal,Summer,4.4,No,Store Pickup,Yes,Yes,22,Venmo,Every 3 Months,4,90,184,794.88,36-50,Low Engagement,Low
1486,22,Male,Gloves,Accessories,56,Nebraska,L,Red,Spring,3.4,No,Standard,Yes,Yes,3,Cash,Fortnightly,26,14,1456,4630.08,18-25,Habitual Budget Buyers,High
1487,25,Male,Sneakers,Footwear,73,Idaho,S,Yellow,Spring,5.0,No,Free Shipping,Yes,Yes,23,Venmo,Every 3 Months,4,90,292,1278.96,18-25,Big-Ticket Occasionals,Moderate
1488,40,Male,Skirt,Clothing,44,Arizona,L,Black,Summer,4.6,No,Store Pickup,Yes,Yes,26,PayPal,Annually,1,365,44,200.64000000000001,36-50,Low Engagement,Low
1489,23,Male,Hat,Accessories,44,Hawaii,L,Pink,Winter,4.0,No,Standard,Yes,Yes,37,Credit Card,Weekly,52,7,2288,11943.36,18-25,Habitual Budget Buyers,Very High
1490,24,Male,Jewelry,Accessories,26,Missouri,XL,Magenta,Summer,4.1,No,Next Day Air,Yes,Yes,42,Venmo,Quarterly,4,90,104,574.0799999999999,18-25,Low Engagement,Low
1491,66,Male,Sneakers,Footwear,52,Louisiana,L,Olive,Spring,4.9,No,Express,Yes,Yes,15,Venmo,Bi-Weekly,26,14,1352,5272.8,51-70,Habitual Budget Buyers,High
1492,27,Male,Shirt,Clothing,54,Arkansas,S,Black,Summer,2.7,No,Free Shipping,Yes,Yes,10,Bank Transfer,Quarterly,4,90,216,777.6,26-35,Low Engagement,Low
1493,62,Male,Jacket,Outerwear,38,North Carolina,M,Maroon,Summer,4.5,No,Free Shipping,Yes,Yes,3,Venmo,Quarterly,4,90,152,483.36,51-70,Low Engagement,Low
1494,70,Male,Belt,Accessories,44,North Dakota,S,Gold,Fall,2.7,No,Standard,Yes,Yes,44,Credit Card,Quarterly,4,90,176,992.64,51-70,Low Engagement,Moderate
1495,43,Male,T-shirt,Clothing,76,Montana,M,Gray,Spring,3.0,No,Next Day Air,Yes,Yes,23,Bank Transfer,Fortnightly,26,14,1976,8654.88,36-50,Premium Loyalists,Very High
1496,45,Male,Jewelry,Accessories,23,Rhode Island,M,Brown,Winter,4.5,No,Next Day Air,Yes,Yes,6,PayPal,Weekly,52,7,1196,4018.5600000000004,36-50,Habitual Budget Buyers,High
1497,63,Male,T-shirt,Clothing,98,Idaho,M,Purple,Winter,5.0,No,Standard,Yes,Yes,9,Venmo,Bi-Weekly,26,14,2548,9019.92,51-70,Premium Loyalists,Very High
1498,69,Male,Jacket,Outerwear,33,Michigan,S,Magenta,Spring,3.8,No,2-Day Shipping,Yes,Yes,16,Debit Card,Every 3 Months,4,90,132,522.72,51-70,Low Engagement,Low
1499,59,Male,Sweater,Clothing,32,Illinois,M,Teal,Summer,3.1,No,Standard,Yes,Yes,46,Venmo,Fortnightly,26,14,832,4792.32,51-70,Habitual Budget Buyers,High
1500,19,Male,Boots,Footwear,85,Georgia,S,Olive,Fall,3.4,No,Free Shipping,Yes,Yes,24,Credit Card,Every 3 Months,4,90,340,1509.6,18-25,Big-Ticket Occasionals,Moderate
1501,63,Male,Jeans,Clothing,69,Alabama,L,Maroon,Summer,4.8,No,Next Day Air,Yes,Yes,22,Debit Card,Monthly,12,30,828,3576.96,51-70,Big-Ticket Occasionals,High
1502,37,Male,Jeans,Clothing,55,Alaska,XL,Silver,Spring,2.7,No,Standard,Yes,Yes,13,Debit Card,Every 3 Months,4,90,220,831.6,36-50,Low Engagement,Low
1503,37,Male,Pants,Clothing,66,Massachusetts,M,Black,Summer,3.2,No,Store Pickup,Yes,Yes,20,Cash,Fortnightly,26,14,1716,7207.2,36-50,Premium Loyalists,Very High
1504,50,Male,Jacket,Outerwear,30,Michigan,M,Maroon,Fall,3.9,No,2-Day Shipping,Yes,Yes,46,Cash,Quarterly,4,90,120,691.1999999999999,36-50,Low Engagement,Low
1505,60,Male,Jacket,Outerwear,80,Alaska,M,Teal,Winter,4.2,No,Next Day Air,Yes,Yes,10,Bank Transfer,Monthly,12,30,960,3456.0,51-70,Big-Ticket Occasionals,High
1506,46,Male,Belt,Accessories,20,North Dakota,M,Teal,Summer,3.0,No,Express,Yes,Yes,39,Cash,Monthly,12,30,240,1281.6,36-50,Low Engagement,Moderate
1507,35,Male,Shirt,Clothing,30,South Carolina,L,Beige,Fall,3.0,No,2-Day Shipping,Yes,Yes,44,PayPal,Quarterly,4,90,120,676.8,26-35,Low Engagement,Low
1508,66,Male,Dress,Clothing,86,Pennsylvania,S,Maroon,Winter,3.7,No,2-Day Shipping,Yes,Yes,7,Venmo,Annually,1,365,86,294.12,51-70,Big-Ticket Occasionals,Low
1509,35,Male,Blouse,Clothing,84,Colorado,L,Beige,Spring,4.4,No,Store Pickup,Yes,Yes,3,Cash,Every 3 Months,4,90,336,1068.48,26-35,Big-Ticket Occasionals,Moderate
1510,20,Male,Dress,Clothing,54,New Hampshire,XL,White,Summer,4.6,No,Free Shipping,Yes,Yes,44,Debit Card,Annually,1,365,54,304.56,18-25,Low Engagement,Low
1511,55,Male,Blouse,Clothing,30,Maryland,XL,Gray,Fall,3.0,No,Free Shipping,Yes,Yes,31,Venmo,Annually,1,365,30,145.8,51-70,Low Engagement,Low
1512,34,Male,Dress,Clothing,91,Georgia,M,Violet,Winter,3.6,No,Express,Yes,Yes,48,Credit Card,Weekly,52,7,4732,27824.16,26-35,Premium Loyalists,Very High
1513,60,Male,Sneakers,Footwear,23,Wisconsin,L,Silver,Winter,3.9,No,Standard,Yes,Yes,18,PayPal,Bi-Weekly,26,14,598,2439.8399999999997,51-70,Habitual Budget Buyers,Moderate
1514,22,Male,Socks,Clothing,35,Texas,M,Red,Spring,4.1,No,Free Shipping,Yes,Yes,27,Cash,Monthly,12,30,420,1940.4,18-25,Low Engagement,Moderate
1515,26,Male,Shoes,Footwear,90,Utah,L,Brown,Winter,3.9,No,2-Day Shipping,Yes,Yes,1,Venmo,Weekly,52,7,4680,14320.800000000001,26-35,Premium Loyalists,Very High
1516,39,Male,Jeans,Clothing,93,Indiana,S,Turquoise,Fall,3.9,No,2-Day Shipping,Yes,Yes,34,Cash,Weekly,52,7,4836,24373.440000000002,36-50,Premium Loyalists,Very High
1517,20,Male,Jeans,Clothing,68,Nevada,L,Indigo,Winter,4.5,No,Express,Yes,Yes,5,Bank Transfer,Bi-Weekly,26,14,1768,5834.400000000001,18-25,Premium Loyalists,High
1518,57,Male,Gloves,Accessories,41,New Hampshire,M,Violet,Spring,3.4,No,Standard,Yes,Yes,12,Cash,Quarterly,4,90,164,610.08,51-70,Low Engagement,Low
1519,68,Male,Belt,Accessories,73,New York,M,Yellow,Winter,4.1,No,Next Day Air,Yes,Yes,14,Venmo,Fortnightly,26,14,1898,7288.32,51-70,Premium Loyalists,Very High
1520,50,Male,Sunglasses,Accessories,73,Texas,L,Cyan,Fall,4.9,No,Next Day Air,Yes,Yes,40,PayPal,Weekly,52,7,3796,20498.4,36-50,Premium Loyalists,Very High
1521,21,Male,Hat,Accessories,66,Iowa,M,Brown,Summer,4.4,No,2-Day Shipping,Yes,Yes,39,Cash,Quarterly,4,90,264,1409.76,18-25,Big-Ticket Occasionals,Moderate
1522,29,Male,Backpack,Accessories,59,Washington,M,White,Summer,2.7,No,2-Day Shipping,Yes,Yes,50,Bank Transfer,Weekly,52,7,3068,18408.0,26-35,Habitual Budget Buyers,Very High
1523,38,Male,Shorts,Clothing,72,Tennessee,L,Yellow,Spring,4.8,No,Free Shipping,Yes,Yes,5,Debit Card,Monthly,12,30,864,2851.2000000000003,36-50,Big-Ticket Occasionals,High
1524,54,Male,Socks,Clothing,88,Georgia,M,White,Summer,3.3,No,2-Day Shipping,Yes,Yes,35,Debit Card,Annually,1,365,88,448.8,51-70,Big-Ticket Occasionals,Low
1525,22,Male,Socks,Clothing,76,Massachusetts,L,Pink,Summer,4.4,No,Free Shipping,Yes,Yes,6,Cash,Bi-Weekly,26,14,1976,6639.360000000001,18-25,Premium Loyalists,High
1526,29,Male,Belt,Accessories,31,Oregon,M,Indigo,Winter,4.6,No,2-Day Shipping,Yes,Yes,22,Cash,Fortnightly,26,14,806,3481.92,26-35,Habitual Budget Buyers,High
1527,41,Male,Jacket,Outerwear,22,Oklahoma,L,White,Summer,3.1,No,Next Day Air,Yes,Yes,27,PayPal,Monthly,12,30,264,1219.68,36-50,Low Engagement,Moderate
1528,26,Male,Hat,Accessories,75,Wisconsin,L,Red,Fall,4.5,No,2-Day Shipping,Yes,Yes,33,Debit Card,Fortnightly,26,14,1950,9711.0,26-35,Premium Loyalists,Very High
1529,69,Male,T-shirt,Clothing,75,Oregon,S,Red,Spring,4.0,No,Store Pickup,Yes,Yes,47,Venmo,Bi-Weekly,26,14,1950,11349.0,51-70,Premium Loyalists,Very High
1530,20,Male,Backpack,Accessories,63,Georgia,M,Lavender,Winter,3.1,No,Free Shipping,Yes,Yes,48,Credit Card,Bi-Weekly,26,14,1638,9631.44,18-25,Premium Loyalists,Very High
1531,59,Male,Coat,Outerwear,21,New Mexico,M,Teal,Spring,3.9,No,Next Day Air,Yes,Yes,22,Bank Transfer,Quarterly,4,90,84,362.88,51-70,Low Engagement,Low
1532,63,Male,Backpack,Accessories,83,Mississippi,S,Violet,Spring,4.5,No,Next Day Air,Yes,Yes,8,PayPal,Bi-Weekly,26,14,2158,7509.839999999999,51-70,Premium Loyalists,Very High
1533,68,Male,Jacket,Outerwear,46,Wisconsin,S,Silver,Winter,4.4,No,Next Day Air,Yes,Yes,5,PayPal,Every 3 Months,4,90,184,607.2,51-70,Low Engagement,Low
1534,50,Male,Shoes,Footwear,59,New Hampshire,M,Gold,Summer,3.6,No,2-Day Shipping,Yes,Yes,16,Bank Transfer,Quarterly,4,90,236,934.5600000000001,36-50,Low Engagement,Moderate
1535,55,Male,Blouse,Clothing,66,Wyoming,M,Green,Summer,3.4,No,Free Shipping,Yes,Yes,26,Venmo,Fortnightly,26,14,1716,7824.96,51-70,Premium Loyalists,Very High
1536,36,Male,Sandals,Footwear,74,West Virginia,S,Turquoise,Fall,4.0,No,2-Day Shipping,Yes,Yes,8,Venmo,Monthly,12,30,888,3090.24,36-50,Big-Ticket Occasionals,High
1537,18,Male,Sunglasses,Accessories,82,Michigan,M,Indigo,Summer,2.6,No,Store Pickup,Yes,Yes,17,Cash,Quarterly,4,90,328,1318.5600000000002,18-25,Big-Ticket Occasionals,Moderate
1538,68,Male,Shoes,Footwear,89,Alaska,L,Black,Spring,3.2,No,Next Day Air,Yes,Yes,50,Venmo,Annually,1,365,89,534.0,51-70,Big-Ticket Occasionals,Low
1539,56,Male,Dress,Clothing,65,Illinois,L,Charcoal,Fall,3.2,No,Standard,Yes,Yes,22,Venmo,Bi-Weekly,26,14,1690,7300.8,51-70,Premium Loyalists,Very High
1540,32,Male,Belt,Accessories,55,Hawaii,M,Turquoise,Spring,5.0,No,2-Day Shipping,Yes,Yes,19,Cash,Every 3 Months,4,90,220,910.8,26-35,Low Engagement,Moderate
1541,28,Male,Shorts,Clothing,95,Colorado,M,Red,Winter,2.9,No,Next Day Air,Yes,Yes,14,Bank Transfer,Monthly,12,30,1140,4377.6,26-35,Big-Ticket Occasionals,High
1542,24,Male,Handbag,Accessories,77,Illinois,S,Indigo,Winter,2.9,No,Store Pickup,Yes,Yes,35,Cash,Bi-Weekly,26,14,2002,10210.199999999999,18-25,Premium Loyalists,Very High
1543,59,Male,Blouse,Clothing,44,Hawaii,M,Maroon,Winter,3.5,No,Next Day Air,Yes,Yes,43,PayPal,Weekly,52,7,2288,12767.039999999999,51-70,Habitual Budget Buyers,Very High
1544,56,Male,Jeans,Clothing,89,Wisconsin,M,Indigo,Fall,4.0,No,Standard,Yes,Yes,24,Venmo,Annually,1,365,89,395.15999999999997,51-70,Big-Ticket Occasionals,Low
1545,30,Male,Jewelry,Accessories,24,Arkansas,M,Maroon,Spring,3.9,No,Standard,Yes,Yes,17,Debit Card,Bi-Weekly,26,14,624,2508.48,26-35,Habitual Budget Buyers,Moderate
1546,48,Male,Belt,Accessories,43,Delaware,M,Black,Winter,4.9,No,Store Pickup,Yes,Yes,49,Bank Transfer,Annually,1,365,43,255.42,36-50,Low Engagement,Low
1547,60,Male,Sneakers,Footwear,51,Oregon,XL,Purple,Summer,3.8,No,Express,Yes,Yes,17,Bank Transfer,Annually,1,365,51,205.02,51-70,Low Engagement,Low
1548,46,Male,Hat,Accessories,46,South Carolina,L,Teal,Summer,3.5,No,Standard,Yes,Yes,40,Cash,Quarterly,4,90,184,993.6,36-50,Low Engagement,Moderate
1549,69,Male,Dress,Clothing,32,Maryland,M,Silver,Summer,3.7,No,Store Pickup,Yes,Yes,43,Bank Transfer,Weekly,52,7,1664,9285.119999999999,51-70,Habitual Budget Buyers,Very High
1550,19,Male,Sneakers,Footwear,55,Kansas,M,Black,Spring,2.9,No,2-Day Shipping,Yes,Yes,19,Debit Card,Every 3 Months,4,90,220,910.8,18-25,Low Engagement,Moderate
1551,66,Male,Sunglasses,Accessories,26,Arkansas,S,Black,Summer,2.8,No,Free Shipping,Yes,Yes,40,Bank Transfer,Quarterly,4,90,104,561.6,51-70,Low Engagement,Low
1552,64,Male,Handbag,Accessories,29,Minnesota,M,Olive,Summer,3.7,No,2-Day Shipping,Yes,Yes,13,Credit Card,Monthly,12,30,348,1315.44,51-70,Low Engagement,Moderate
1553,54,Male,Blouse,Clothing,49,New Mexico,L,Purple,Spring,3.0,No,Express,Yes,Yes,20,Credit Card,Monthly,12,30,588,2469.6,51-70,Low Engagement,Moderate
1554,27,Male,Blouse,Clothing,45,Delaware,M,Indigo,Spring,4.8,No,Free Shipping,Yes,Yes,21,Debit Card,Quarterly,4,90,180,766.8,26-35,Low Engagement,Low
1555,64,Male,Shorts,Clothing,48,Utah,S,Lavender,Winter,2.7,No,Standard,Yes,Yes,18,Cash,Bi-Weekly,26,14,1248,5091.839999999999,51-70,Habitual Budget Buyers,High
1556,43,Male,Shorts,Clothing,47,Ohio,S,Cyan,Winter,4.5,No,Free Shipping,Yes,Yes,44,Cash,Quarterly,4,90,188,1060.32,36-50,Low Engagement,Moderate
1557,43,Male,Hoodie,Clothing,57,Alabama,M,Gold,Fall,2.7,No,Standard,Yes,Yes,26,Credit Card,Quarterly,4,90,228,1039.68,36-50,Low Engagement,Moderate
1558,27,Male,Backpack,Accessories,34,South Dakota,L,Magenta,Fall,3.5,No,Next Day Air,Yes,Yes,34,PayPal,Quarterly,4,90,136,685.44,26-35,Low Engagement,Low
1559,35,Male,Sunglasses,Accessories,75,New Mexico,XL,Teal,Fall,3.5,No,Express,Yes,Yes,24,Credit Card,Every 3 Months,4,90,300,1332.0,26-35,Big-Ticket Occasionals,Moderate
1560,43,Male,Scarf,Accessories,94,Oregon,L,Beige,Fall,4.5,No,Store Pickup,Yes,Yes,23,PayPal,Fortnightly,26,14,2444,10704.72,36-50,Premium Loyalists,Very High
1561,57,Male,Hat,Accessories,84,Oregon,M,Teal,Winter,3.8,No,Free Shipping,Yes,Yes,3,Debit Card,Weekly,52,7,4368,13890.240000000002,51-70,Premium Loyalists,Very High
1562,50,Male,Scarf,Accessories,38,Mississippi,M,Indigo,Summer,3.8,No,Standard,Yes,Yes,2,Bank Transfer,Quarterly,4,90,152,474.24,36-50,Low Engagement,Low
1563,37,Male,Scarf,Accessories,75,Alabama,M,Purple,Winter,3.2,No,Next Day Air,Yes,Yes,23,Venmo,Bi-Weekly,26,14,1950,8541.0,36-50,Premium Loyalists,Very High
1564,68,Male,Pants,Clothing,44,Kansas,M,Teal,Fall,4.3,No,Next Day Air,Yes,Yes,8,Cash,Weekly,52,7,2288,7962.24,51-70,Habitual Budget Buyers,Very High
1565,22,Male,Backpack,Accessories,33,California,XL,Turquoise,Summer,4.5,No,Next Day Air,Yes,Yes,30,Debit Card,Every 3 Months,4,90,132,633.6,18-25,Low Engagement,Low
1566,58,Male,Sunglasses,Accessories,93,Idaho,L,Peach,Fall,4.2,No,Free Shipping,Yes,Yes,48,PayPal,Annually,1,365,93,546.84,51-70,Big-Ticket Occasionals,Low
1567,48,Male,Sneakers,Footwear,99,Wyoming,S,Green,Winter,3.0,No,Free Shipping,Yes,Yes,21,Cash,Bi-Weekly,26,14,2574,10965.24,36-50,Premium Loyalists,Very High
1568,30,Male,Backpack,Accessories,33,Minnesota,M,Turquoise,Spring,4.1,No,Standard,Yes,Yes,9,Cash,Monthly,12,30,396,1401.84,26-35,Low Engagement,Moderate
1569,51,Male,Sneakers,Footwear,76,Washington,L,Yellow,Spring,4.6,No,Store Pickup,Yes,Yes,8,Debit Card,Monthly,12,30,912,3173.7599999999998,51-70,Big-Ticket Occasionals,High
1570,20,Male,Skirt,Clothing,63,Hawaii,M,Orange,Summer,2.9,No,Standard,Yes,Yes,29,Debit Card,Weekly,52,7,3276,15528.240000000002,18-25,Premium Loyalists,Very High
1571,30,Male,Pants,Clothing,41,Missouri,L,Brown,Winter,4.8,No,Next Day Air,Yes,Yes,3,Bank Transfer,Every 3 Months,4,90,164,521.52,26-35,Low Engagement,Low
1572,28,Male,Jewelry,Accessories,88,Colorado,L,Silver,Winter,4.5,No,Next Day Air,Yes,Yes,11,Bank Transfer,Fortnightly,26,14,2288,8374.08,26-35,Premium Loyalists,Very High
1573,37,Male,Skirt,Clothing,92,Washington,L,White,Summer,3.4,No,2-Day Shipping,Yes,Yes,16,Debit Card,Monthly,12,30,1104,4371.84,36-50,Big-Ticket Occasionals,High
1574,36,Male,T-shirt,Clothing,31,North Dakota,L,Indigo,Summer,4.3,No,2-Day Shipping,Yes,Yes,25,Debit Card,Weekly,52,7,1612,7254.0,36-50,Habitual Budget Buyers,Very High
1575,18,Male,Skirt,Clothing,25,Minnesota,S,Magenta,Spring,4.2,No,Free Shipping,Yes,Yes,32,PayPal,Bi-Weekly,26,14,650,3198.0000000000005,18-25,Habitual Budget Buyers,High
1576,52,Male,Shirt,Clothing,28,California,M,Turquoise,Spring,3.6,No,Next Day Air,Yes,Yes,28,Cash,Fortnightly,26,14,728,3407.04,51-70,Habitual Budget Buyers,High
1577,56,Male,Dress,Clothing,75,Michigan,M,White,Spring,3.7,No,2-Day Shipping,Yes,Yes,36,PayPal,Monthly,12,30,900,4644.0,51-70,Big-Ticket Occasionals,High
1578,68,Male,Boots,Footwear,34,Delaware,S,Olive,Spring,4.0,No,Standard,Yes,Yes,7,Venmo,Fortnightly,26,14,884,3023.28,51-70,Habitual Budget Buyers,High
1579,62,Male,Pants,Clothing,97,California,S,Maroon,Winter,4.9,No,2-Day Shipping,Yes,Yes,2,PayPal,Quarterly,4,90,388,1210.56,51-70,Big-Ticket Occasionals,Moderate
1580,35,Male,Jacket,Outerwear,80,Oklahoma,M,Violet,Summer,3.1,No,Free Shipping,Yes,Yes,6,Bank Transfer,Monthly,12,30,960,3225.6000000000004,26-35,Big-Ticket Occasionals,High
1581,65,Male,Sneakers,Footwear,71,North Dakota,L,Cyan,Summer,3.7,No,Standard,Yes,Yes,30,Cash,Annually,1,365,71,340.8,51-70,Big-Ticket Occasionals,Low
1582,69,Male,Jewelry,Accessories,77,Ohio,L,Teal,Fall,4.2,No,Free Shipping,Yes,Yes,46,Cash,Quarterly,4,90,308,1774.08,51-70,Big-Ticket Occasionals,Moderate
1583,28,Male,Belt,Accessories,41,Hawaii,L,Red,Spring,2.5,No,Next Day Air,Yes,Yes,39,Cash,Monthly,12,30,492,2627.28,26-35,Low Engagement,High
1584,37,Male,Scarf,Accessories,92,Maryland,XL,Yellow,Summer,4.3,No,Next Day Air,Yes,Yes,8,Venmo,Annually,1,365,92,320.15999999999997,36-50,Big-Ticket Occasionals,Low
1585,41,Male,Blouse,Clothing,95,Hawaii,S,Silver,Spring,3.1,No,Store Pickup,Yes,Yes,46,Credit Card,Quarterly,4,90,380,2188.7999999999997,36-50,Big-Ticket Occasionals,Moderate
1586,37,Male,Sweater,Clothing,25,Alabama,M,Charcoal,Fall,3.0,No,Next Day Air,Yes,Yes,40,Debit Card,Fortnightly,26,14,650,3510.0,36-50,Habitual Budget Buyers,High
1587,25,Male,Boots,Footwear,77,Oklahoma,M,Purple,Fall,4.0,No,Express,Yes,Yes,21,Bank Transfer,Weekly,52,7,4004,17057.04,18-25,Premium Loyalists,Very High
1588,41,Male,Socks,Clothing,99,Alabama,M,Beige,Summer,3.5,No,Free Shipping,Yes,Yes,33,Credit Card,Fortnightly,26,14,2574,12818.52,36-50,Premium Loyalists,Very High
1589,48,Male,Belt,Accessories,24,Vermont,L,Cyan,Winter,3.2,No,Next Day Air,Yes,Yes,3,Venmo,Monthly,12,30,288,915.84,36-50,Low Engagement,Moderate
1590,42,Male,Sneakers,Footwear,72,Ohio,M,Silver,Summer,2.7,No,Store Pickup,Yes,Yes,48,Cash,Weekly,52,7,3744,22014.72,36-50,Premium Loyalists,Very High
1591,54,Male,Jeans,Clothing,80,Wisconsin,S,Pink,Winter,3.0,No,Free Shipping,Yes,Yes,8,PayPal,Annually,1,365,80,278.4,51-70,Big-Ticket Occasionals,Low
1592,18,Male,Skirt,Clothing,100,South Dakota,L,Gold,Winter,2.9,No,Next Day Air,Yes,Yes,24,PayPal,Annually,1,365,100,444.0,18-25,Big-Ticket Occasionals,Low
1593,56,Male,Shoes,Footwear,83,Iowa,M,Cyan,Summer,3.3,No,Free Shipping,Yes,Yes,10,Bank Transfer,Every 3 Months,4,90,332,1195.2,51-70,Big-Ticket Occasionals,Moderate
1594,61,Male,Dress,Clothing,95,Maryland,M,Black,Spring,4.9,No,2-Day Shipping,Yes,Yes,25,Bank Transfer,Monthly,12,30,1140,5130.0,51-70,Big-Ticket Occasionals,High
1595,40,Male,Handbag,Accessories,41,Colorado,XL,Charcoal,Summer,3.7,No,Store Pickup,Yes,Yes,3,Cash,Fortnightly,26,14,1066,3389.88,36-50,Habitual Budget Buyers,High
1596,34,Male,Backpack,Accessories,35,Wisconsin,S,Magenta,Spring,3.5,No,Standard,Yes,Yes,45,Debit Card,Fortnightly,26,14,910,5187.0,26-35,Habitual Budget Buyers,High
1597,42,Male,Jewelry,Accessories,30,Mississippi,S,Pink,Fall,4.7,No,Store Pickup,Yes,Yes,15,Debit Card,Monthly,12,30,360,1404.0,36-50,Low Engagement,Moderate
1598,43,Male,Hat,Accessories,21,Mississippi,XL,Maroon,Winter,2.6,No,Store Pickup,Yes,Yes,34,Bank Transfer,Quarterly,4,90,84,423.36,36-50,Low Engagement,Low
1599,47,Male,Jewelry,Accessories,85,California,M,Teal,Fall,4.1,No,Express,Yes,Yes,21,Venmo,Bi-Weekly,26,14,2210,9414.6,36-50,Premium Loyalists,Very High
1600,48,Male,Shirt,Clothing,54,Delaware,M,Orange,Winter,2.8,No,2-Day Shipping,Yes,Yes,22,Debit Card,Bi-Weekly,26,14,1404,6065.28,36-50,Habitual Budget Buyers,High
1601,20,Male,Boots,Footwear,26,Montana,S,Yellow,Spring,4.7,No,Next Day Air,Yes,Yes,24,PayPal,Weekly,52,7,1352,6002.88,18-25,Habitual Budget Buyers,High
1602,65,Male,Shirt,Clothing,59,Indiana,XL,Red,Spring,2.9,No,Store Pickup,Yes,Yes,33,Credit Card,Monthly,12,30,708,3525.84,51-70,Low Engagement,High
1603,54,Male,Sunglasses,Accessories,48,West Virginia,S,Charcoal,Winter,2.8,No,Free Shipping,Yes,Yes,13,Venmo,Fortnightly,26,14,1248,4717.44,51-70,Habitual Budget Buyers,High
1604,23,Male,Shorts,Clothing,98,Iowa,L,Black,Summer,4.3,No,Next Day Air,Yes,Yes,17,Debit Card,Bi-Weekly,26,14,2548,10242.960000000001,18-25,Premium Loyalists,Very High
1605,18,Male,Sweater,Clothing,92,Maine,M,White,Summer,4.8,No,2-Day Shipping,Yes,Yes,25,Credit Card,Every 3 Months,4,90,368,1656.0,18-25,Big-Ticket Occasionals,Moderate
1606,70,Male,Belt,Accessories,46,Connecticut,M,Lavender,Winter,3.4,No,Next Day Air,Yes,Yes,15,Credit Card,Bi-Weekly,26,14,1196,4664.400000000001,51-70,Habitual Budget Buyers,High
1607,55,Male,T-shirt,Clothing,21,Kansas,S,White,Spring,4.3,No,Standard,Yes,Yes,4,PayPal,Fortnightly,26,14,546,1769.0400000000002,51-70,Habitual Budget Buyers,Moderate
1608,49,Male,Shorts,Clothing,72,Vermont,S,Gray,Fall,2.7,No,Free Shipping,Yes,Yes,43,Debit Card,Quarterly,4,90,288,1607.04,36-50,Big-Ticket Occasionals,Moderate
1609,26,Male,Sandals,Footwear,58,Nebraska,XL,Cyan,Fall,4.6,No,Next Day Air,Yes,Yes,12,Bank Transfer,Bi-Weekly,26,14,1508,5609.76,26-35,Habitual Budget Buyers,High
1610,33,Male,Shirt,Clothing,93,Nevada,S,Brown,Fall,4.1,No,Standard,Yes,Yes,3,Venmo,Monthly,12,30,1116,3548.88,26-35,Big-Ticket Occasionals,High
1611,20,Male,Socks,Clothing,31,Tennessee,L,Purple,Spring,3.4,No,2-Day Shipping,Yes,Yes,1,PayPal,Annually,1,365,31,94.86,18-25,Low Engagement,Low
1612,41,Male,Pants,Clothing,26,Arkansas,L,Yellow,Winter,4.5,No,Next Day Air,Yes,Yes,6,Debit Card,Monthly,12,30,312,1048.3200000000002,36-50,Low Engagement,Moderate
1613,18,Male,Skirt,Clothing,68,Wisconsin,M,Indigo,Summer,4.4,No,Standard,Yes,Yes,26,Venmo,Monthly,12,30,816,3720.96,18-25,Big-Ticket Occasionals,High
1614,26,Male,Jewelry,Accessories,31,Illinois,S,Black,Summer,4.0,No,Next Day Air,Yes,Yes,6,Credit Card,Fortnightly,26,14,806,2708.1600000000003,26-35,Habitual Budget Buyers,High
1615,30,Male,T-shirt,Clothing,41,Kansas,S,Gray,Summer,3.4,No,Free Shipping,Yes,Yes,22,Cash,Bi-Weekly,26,14,1066,4605.12,26-35,Habitual Budget Buyers,High
1616,64,Male,Jewelry,Accessories,62,New York,M,Indigo,Fall,3.2,No,Standard,Yes,Yes,45,Cash,Bi-Weekly,26,14,1612,9188.4,51-70,Premium Loyalists,Very High
1617,26,Male,Hat,Accessories,41,Colorado,M,Green,Spring,3.4,No,Standard,Yes,Yes,50,Cash,Quarterly,4,90,164,984.0,26-35,Low Engagement,Moderate
1618,43,Male,Blouse,Clothing,64,Wisconsin,M,Peach,Winter,4.3,No,Standard,Yes,Yes,50,Credit Card,Fortnightly,26,14,1664,9984.0,36-50,Premium Loyalists,Very High
1619,63,Male,Sandals,Footwear,72,Michigan,L,Purple,Summer,5.0,No,Standard,Yes,Yes,39,Debit Card,Quarterly,4,90,288,1537.92,51-70,Big-Ticket Occasionals,Moderate
1620,57,Male,Handbag,Accessories,78,Hawaii,L,Beige,Winter,3.5,No,Store Pickup,Yes,Yes,50,Venmo,Bi-Weekly,26,14,2028,12168.0,51-70,Premium Loyalists,Very High
1621,25,Male,Hat,Accessories,47,Virginia,M,Charcoal,Winter,3.1,No,2-Day Shipping,Yes,Yes,27,PayPal,Every 3 Months,4,90,188,868.5600000000001,18-25,Low Engagement,Moderate
1622,68,Male,Scarf,Accessories,46,Ohio,L,Gray,Summer,3.9,No,2-Day Shipping,Yes,Yes,38,Debit Card,Fortnightly,26,14,1196,6314.88,51-70,Habitual Budget Buyers,High
1623,31,Male,Shorts,Clothing,43,Missouri,S,Brown,Winter,4.0,No,Store Pickup,Yes,Yes,37,Bank Transfer,Every 3 Months,4,90,172,897.84,26-35,Low Engagement,Moderate
1624,64,Male,Backpack,Accessories,58,Indiana,M,Cyan,Summer,3.5,No,Next Day Air,Yes,Yes,50,Debit Card,Annually,1,365,58,348.0,51-70,Low Engagement,Low
1625,38,Male,Sweater,Clothing,32,Florida,M,White,Winter,3.6,No,Free Shipping,Yes,Yes,40,PayPal,Every 3 Months,4,90,128,691.2,36-50,Low Engagement,Low
1626,34,Male,Skirt,Clothing,45,Minnesota,L,Beige,Winter,3.0,No,Next Day Air,Yes,Yes,3,PayPal,Bi-Weekly,26,14,1170,3720.6000000000004,26-35,Habitual Budget Buyers,High
1627,32,Male,Sneakers,Footwear,35,Nevada,L,Orange,Summer,2.6,No,Next Day Air,Yes,Yes,45,Credit Card,Bi-Weekly,26,14,910,5187.0,26-35,Habitual Budget Buyers,High
1628,69,Male,Sunglasses,Accessories,21,Maine,M,Olive,Winter,2.9,No,Next Day Air,Yes,Yes,8,Credit Card,Annually,1,365,21,73.08,51-70,Low Engagement,Low
1629,45,Male,Dress,Clothing,64,Massachusetts,S,Teal,Winter,3.1,No,Next Day Air,Yes,Yes,7,Cash,Monthly,12,30,768,2626.5600000000004,36-50,Big-Ticket Occasionals,High
1630,35,Male,Blouse,Clothing,88,North Dakota,S,Silver,Spring,3.3,No,Next Day Air,Yes,Yes,13,Venmo,Quarterly,4,90,352,1330.56,26-35,Big-Ticket Occasionals,Moderate
1631,63,Male,Shoes,Footwear,48,New Jersey,M,Gold,Summer,2.9,No,Store Pickup,Yes,Yes,29,Venmo,Every 3 Months,4,90,192,910.08,51-70,Low Engagement,Moderate
1632,65,Male,Sweater,Clothing,36,Indiana,L,Violet,Summer,3.9,No,2-Day Shipping,Yes,Yes,7,Bank Transfer,Fortnightly,26,14,936,3201.1200000000003,51-70,Habitual Budget Buyers,High
1633,35,Male,Gloves,Accessories,28,Oregon,S,White,Summer,4.7,No,2-Day Shipping,Yes,Yes,50,Debit Card,Every 3 Months,4,90,112,672.0,26-35,Low Engagement,Low
1634,54,Male,Socks,Clothing,80,North Dakota,M,Peach,Spring,4.4,No,2-Day Shipping,Yes,Yes,33,Debit Card,Bi-Weekly,26,14,2080,10358.400000000001,51-70,Premium Loyalists,Very High
1635,28,Male,Coat,Outerwear,23,South Carolina,S,Orange,Summer,3.6,No,Store Pickup,Yes,Yes,30,Cash,Every 3 Months,4,90,92,441.6,26-35,Low Engagement,Low
1636,68,Male,Sunglasses,Accessories,24,North Carolina,L,Violet,Summer,3.2,No,Standard,Yes,Yes,40,Cash,Annually,1,365,24,129.6,51-70,Low Engagement,Low
1637,58,Male,Boots,Footwear,22,North Dakota,L,Green,Fall,4.0,No,Free Shipping,Yes,Yes,49,Cash,Fortnightly,26,14,572,3397.68,51-70,Habitual Budget Buyers,High
1638,35,Male,Dress,Clothing,21,Massachusetts,M,Peach,Spring,3.5,No,Next Day Air,Yes,Yes,32,Venmo,Fortnightly,26,14,546,2686.32,26-35,Habitual Budget Buyers,High
1639,68,Male,Jacket,Outerwear,51,Tennessee,M,Black,Spring,4.6,No,Free Shipping,Yes,Yes,18,Venmo,Weekly,52,7,2652,10820.16,51-70,Habitual Budget Buyers,Very High
1640,41,Male,Gloves,Accessories,65,Missouri,L,Blue,Summer,3.3,No,Free Shipping,Yes,Yes,50,PayPal,Annually,1,365,65,390.0,36-50,Big-Ticket Occasionals,Low
1641,65,Male,Scarf,Accessories,51,Tennessee,S,Magenta,Spring,4.0,No,2-Day Shipping,Yes,Yes,13,PayPal,Weekly,52,7,2652,10024.56,51-70,Habitual Budget Buyers,Very High
1642,50,Male,Hoodie,Clothing,32,Colorado,L,Violet,Summer,3.4,No,Free Shipping,Yes,Yes,1,Bank Transfer,Every 3 Months,4,90,128,391.68,36-50,Low Engagement,Low
1643,18,Male,Coat,Outerwear,70,Mississippi,M,Beige,Spring,4.2,No,Store Pickup,Yes,Yes,16,PayPal,Fortnightly,26,14,1820,7207.200000000001,18-25,Premium Loyalists,Very High
1644,38,Male,Scarf,Accessories,77,Ohio,L,Pink,Summer,3.9,No,2-Day Shipping,Yes,Yes,6,PayPal,Monthly,12,30,924,3104.6400000000003,36-50,Big-Ticket Occasionals,High
1645,68,Male,Coat,Outerwear,90,North Carolina,S,Beige,Summer,3.9,No,Next Day Air,Yes,Yes,21,Debit Card,Monthly,12,30,1080,4600.8,51-70,Premium Loyalists,High
1646,53,Male,Scarf,Accessories,36,Ohio,L,Green,Summer,2.8,No,Standard,Yes,Yes,36,Venmo,Every 3 Months,4,90,144,743.04,51-70,Low Engagement,Low
1647,58,Male,Handbag,Accessories,77,Nebraska,S,Silver,Summer,3.7,No,Standard,Yes,Yes,20,Bank Transfer,Every 3 Months,4,90,308,1293.6,51-70,Big-Ticket Occasionals,Moderate
1648,34,Male,Boots,Footwear,78,Hawaii,M,Purple,Summer,4.9,No,Store Pickup,Yes,Yes,8,Debit Card,Quarterly,4,90,312,1085.76,26-35,Big-Ticket Occasionals,Moderate
1649,36,Male,Pants,Clothing,69,Oklahoma,M,Gray,Summer,2.6,No,Express,Yes,Yes,22,Credit Card,Monthly,12,30,828,3576.96,36-50,Premium Loyalists,High
1650,58,Male,T-shirt,Clothing,63,Wisconsin,M,White,Summer,4.9,No,Free Shipping,Yes,Yes,3,Credit Card,Quarterly,4,90,252,801.36,51-70,Big-Ticket Occasionals,Low
1651,60,Male,Scarf,Accessories,36,Arkansas,M,Silver,Winter,3.4,No,Next Day Air,Yes,Yes,46,Credit Card,Fortnightly,26,14,936,5391.36,51-70,Habitual Budget Buyers,High
1652,59,Male,Coat,Outerwear,80,Texas,M,Blue,Winter,3.9,No,Standard,Yes,Yes,42,Debit Card,Monthly,12,30,960,5299.2,51-70,Premium Loyalists,High
1653,65,Male,Sweater,Clothing,35,New Mexico,M,Orange,Summer,4.0,No,Next Day Air,Yes,Yes,1,Bank Transfer,Fortnightly,26,14,910,2784.6,51-70,Habitual Budget Buyers,High
1654,31,Male,Belt,Accessories,93,Colorado,L,Silver,Winter,3.0,No,2-Day Shipping,Yes,Yes,29,Debit Card,Bi-Weekly,26,14,2418,11461.32,26-35,Premium Loyalists,Very High
1655,43,Male,Belt,Accessories,25,Indiana,L,Gray,Spring,2.6,No,Store Pickup,Yes,Yes,14,Credit Card,Quarterly,4,90,100,384.0,36-50,Low Engagement,Low
1656,37,Male,Sweater,Clothing,81,Arizona,L,Gold,Spring,3.2,No,Next Day Air,Yes,Yes,4,PayPal,Monthly,12,30,972,3149.28,36-50,Premium Loyalists,High
1657,21,Male,Blouse,Clothing,42,Indiana,L,Brown,Spring,2.6,No,2-Day Shipping,Yes,Yes,41,PayPal,Every 3 Months,4,90,168,917.28,18-25,Low Engagement,Moderate
1658,69,Male,Skirt,Clothing,36,Indiana,L,Turquoise,Spring,3.2,No,Store Pickup,Yes,Yes,4,Debit Card,Bi-Weekly,26,14,936,3032.6400000000003,51-70,Habitual Budget Buyers,High
1659,32,Male,Jewelry,Accessories,66,Alaska,S,Pink,Spring,4.1,No,Store Pickup,Yes,Yes,47,Cash,Weekly,52,7,3432,19974.239999999998,26-35,Premium Loyalists,Very High
1660,53,Male,Gloves,Accessories,37,Utah,M,Black,Fall,3.9,No,Next Day Air,Yes,Yes,44,Venmo,Annually,1,365,37,208.67999999999998,51-70,Low Engagement,Low
1661,59,Male,T-shirt,Clothing,45,Louisiana,L,Yellow,Winter,4.1,No,Standard,Yes,Yes,37,Venmo,Monthly,12,30,540,2818.8,51-70,Habitual Budget Buyers,High
1662,64,Male,Gloves,Accessories,86,Iowa,S,Beige,Summer,2.7,No,2-Day Shipping,Yes,Yes,21,Debit Card,Quarterly,4,90,344,1465.4399999999998,51-70,Big-Ticket Occasionals,Moderate
1663,63,Male,Sunglasses,Accessories,24,New Mexico,M,Olive,Winter,4.6,No,Free Shipping,Yes,Yes,46,Debit Card,Fortnightly,26,14,624,3594.24,51-70,Habitual Budget Buyers,High
1664,43,Male,Shirt,Clothing,22,Maine,XL,Gold,Summer,3.5,No,Standard,Yes,Yes,1,Cash,Bi-Weekly,26,14,572,1750.32,36-50,Habitual Budget Buyers,Moderate
1665,19,Male,Handbag,Accessories,53,Minnesota,M,Purple,Spring,5.0,No,Next Day Air,Yes,Yes,35,PayPal,Weekly,52,7,2756,14055.6,18-25,Habitual Budget Buyers,Very High
1666,40,Male,Jacket,Outerwear,41,New Mexico,L,Pink,Fall,3.4,No,Next Day Air,Yes,Yes,49,Venmo,Monthly,12,30,492,2922.48,36-50,Habitual Budget Buyers,High
1667,51,Male,Skirt,Clothing,64,Arkansas,M,Blue,Summer,3.1,No,Store Pickup,Yes,Yes,47,PayPal,Annually,1,365,64,372.48,51-70,Big-Ticket Occasionals,Low
1668,51,Male,Handbag,Accessories,40,Oklahoma,L,Brown,Winter,3.4,No,2-Day Shipping,Yes,Yes,24,Bank Transfer,Every 3 Months,4,90,160,710.4,51-70,Low Engagement,Low
1669,66,Male,Blouse,Clothing,33,Utah,L,Charcoal,Summer,4.0,No,Standard,Yes,Yes,28,Debit Card,Fortnightly,26,14,858,4015.44,51-70,Habitual Budget Buyers,High
1670,42,Male,T-shirt,Clothing,59,Wisconsin,L,Maroon,Winter,2.7,No,Store Pickup,Yes,Yes,22,Bank Transfer,Quarterly,4,90,236,1019.52,36-50,Low Engagement,Moderate
1671,22,Male,Pants,Clothing,73,Utah,L,Cyan,Fall,3.6,No,Free Shipping,Yes,Yes,20,Cash,Weekly,52,7,3796,15943.199999999999,18-25,Premium Loyalists,Very High
1672,31,Male,Hoodie,Clothing,22,Utah,M,Olive,Winter,4.0,No,Free Shipping,Yes,Yes,25,Bank Transfer,Weekly,52,7,1144,5148.0,26-35,Habitual Budget Buyers,High
1673,18,Male,Boots,Footwear,73,South Carolina,L,Gold,Fall,3.8,No,Free Shipping,Yes,Yes,15,Venmo,Quarterly,4,90,292,1138.8,18-25,Big-Ticket Occasionals,Moderate
1674,21,Male,Blouse,Clothing,62,Hawaii,M,Violet,Fall,3.4,No,Next Day Air,Yes,Yes,49,Venmo,Bi-Weekly,26,14,1612,9575.28,18-25,Premium Loyalists,Very High
1675,35,Male,Coat,Outerwear,56,Alaska,M,Peach,Winter,3.2,No,Free Shipping,Yes,Yes,10,Debit Card,Fortnightly,26,14,1456,5241.599999999999,26-35,Habitual Budget Buyers,High
1676,35,Male,Pants,Clothing,90,Colorado,M,Beige,Spring,4.7,No,Next Day Air,Yes,Yes,21,Credit Card,Annually,1,365,90,383.4,26-35,Big-Ticket Occasionals,Low
1677,27,Male,Sunglasses,Accessories,44,West Virginia,M,Cyan,Winter,3.1,No,Next Day Air,Yes,Yes,34,Bank Transfer,Weekly,52,7,2288,11531.52,26-35,Habitual Budget Buyers,Very High
1678,65,Male,Jeans,Clothing,35,Oregon,L,Silver,Summer,3.3,No,Next Day Air,No,No,41,Debit Card,Weekly,52,7,1820,9937.199999999999,51-70,Habitual Budget Buyers,Very High
1679,41,Male,Pants,Clothing,71,Ohio,S,Magenta,Summer,4.8,No,2-Day Shipping,No,No,30,Venmo,Fortnightly,26,14,1846,8860.800000000001,36-50,Premium Loyalists,Very High
1680,60,Male,Dress,Clothing,52,Massachusetts,S,Black,Fall,4.5,No,Next Day Air,No,No,24,Debit Card,Bi-Weekly,26,14,1352,6002.88,51-70,Habitual Budget Buyers,High
1681,61,Male,Shoes,Footwear,37,Louisiana,M,Olive,Summer,3.4,No,Store Pickup,No,No,6,Credit Card,Annually,1,365,37,124.32000000000001,51-70,Low Engagement,Low
1682,24,Male,Sneakers,Footwear,95,Virginia,L,Green,Winter,3.7,No,2-Day Shipping,No,No,14,Credit Card,Bi-Weekly,26,14,2470,9484.800000000001,18-25,Premium Loyalists,Very High
1683,65,Male,Socks,Clothing,97,New York,M,Yellow,Fall,4.9,No,2-Day Shipping,No,No,37,Credit Card,Bi-Weekly,26,14,2522,13164.84,51-70,Premium Loyalists,Very High
1684,23,Male,Coat,Outerwear,57,Arkansas,S,Lavender,Spring,3.5,No,Next Day Air,No,No,37,Venmo,Quarterly,4,90,228,1190.16,18-25,Low Engagement,Moderate
1685,30,Male,Shirt,Clothing,93,New Mexico,M,Indigo,Spring,4.6,No,Standard,No,No,28,PayPal,Weekly,52,7,4836,22632.48,26-35,Premium Loyalists,Very High
1686,33,Male,Blouse,Clothing,48,Minnesota,M,Pink,Winter,4.6,No,Standard,No,No,43,PayPal,Bi-Weekly,26,14,1248,6963.839999999999,26-35,Habitual Budget Buyers,High
1687,22,Male,Gloves,Accessories,75,Illinois,L,Red,Fall,4.2,No,Store Pickup,No,No,25,Cash,Annually,1,365,75,337.5,18-25,Big-Ticket Occasionals,Low
1688,67,Male,Skirt,Clothing,70,Georgia,S,Magenta,Winter,3.7,No,Free Shipping,No,No,4,PayPal,Annually,1,365,70,226.8,51-70,Big-Ticket Occasionals,Low
1689,28,Male,Handbag,Accessories,26,Mississippi,S,Peach,Winter,3.0,No,Next Day Air,No,No,13,Venmo,Fortnightly,26,14,676,2555.28,26-35,Habitual Budget Buyers,High
1690,32,Male,Shirt,Clothing,73,North Carolina,L,Turquoise,Winter,4.6,No,Store Pickup,No,No,32,Bank Transfer,Monthly,12,30,876,4309.92,26-35,Premium Loyalists,High
1691,40,Male,Coat,Outerwear,30,Nevada,M,Black,Summer,3.2,No,Free Shipping,No,No,1,Cash,Annually,1,365,30,91.8,36-50,Low Engagement,Low
1692,64,Male,Shoes,Footwear,61,Connecticut,L,Blue,Summer,3.5,No,Next Day Air,No,No,4,Cash,Annually,1,365,61,197.64000000000001,51-70,Big-Ticket Occasionals,Low
1693,56,Male,Handbag,Accessories,75,Utah,M,Beige,Winter,2.6,No,Standard,No,No,33,Cash,Bi-Weekly,26,14,1950,9711.0,51-70,Premium Loyalists,Very High
1694,63,Male,Jacket,Outerwear,88,Tennessee,XL,Olive,Fall,4.9,No,Standard,No,No,45,Bank Transfer,Fortnightly,26,14,2288,13041.599999999999,51-70,Premium Loyalists,Very High
1695,20,Male,Shirt,Clothing,67,Mississippi,M,Turquoise,Summer,2.7,No,Express,No,No,20,Debit Card,Fortnightly,26,14,1742,7316.4,18-25,Premium Loyalists,Very High
1696,54,Male,Hat,Accessories,95,Nebraska,S,Yellow,Fall,4.7,No,2-Day Shipping,No,No,1,PayPal,Fortnightly,26,14,2470,7558.2,51-70,Premium Loyalists,Very High
1697,31,Male,Sunglasses,Accessories,69,West Virginia,S,Turquoise,Spring,4.0,No,Free Shipping,No,No,7,Credit Card,Bi-Weekly,26,14,1794,6135.4800000000005,26-35,Premium Loyalists,High
1698,36,Male,Shirt,Clothing,87,South Carolina,L,Lavender,Fall,3.5,No,Next Day Air,No,No,48,Credit Card,Every 3 Months,4,90,348,2046.24,36-50,Big-Ticket Occasionals,Moderate
1699,25,Male,Belt,Accessories,41,Iowa,XL,Turquoise,Winter,4.8,No,Standard,No,No,46,Bank Transfer,Quarterly,4,90,164,944.64,18-25,Low Engagement,Moderate
1700,20,Male,Sweater,Clothing,67,North Dakota,L,Teal,Spring,4.0,No,Free Shipping,No,No,34,Debit Card,Annually,1,365,67,337.68,18-25,Big-Ticket Occasionals,Low
1701,62,Male,Hoodie,Clothing,70,West Virginia,L,Black,Fall,4.1,No,Express,No,No,36,Bank Transfer,Monthly,12,30,840,4334.4,51-70,Premium Loyalists,High
1702,69,Male,Handbag,Accessories,41,Mississippi,XL,Blue,Winter,3.8,No,Next Day Air,No,No,44,Debit Card,Every 3 Months,4,90,164,924.9599999999999,51-70,Low Engagement,Moderate
1703,54,Male,Jeans,Clothing,83,Alabama,XL,Yellow,Summer,5.0,No,Express,No,No,48,Bank Transfer,Weekly,52,7,4316,25378.079999999998,51-70,Premium Loyalists,Very High
1704,39,Male,Backpack,Accessories,22,California,M,Black,Spring,4.0,No,Next Day Air,No,No,12,Bank Transfer,Annually,1,365,22,81.84,36-50,Low Engagement,Low
1705,56,Male,Sneakers,Footwear,20,Idaho,M,Lavender,Summer,3.9,No,Store Pickup,No,No,19,Cash,Every 3 Months,4,90,80,331.2,51-70,Low Engagement,Low
1706,39,Male,Jewelry,Accessories,29,South Dakota,L,Cyan,Summer,3.4,No,2-Day Shipping,No,No,49,Venmo,Bi-Weekly,26,14,754,4478.76,36-50,Habitual Budget Buyers,High
1707,37,Male,Sunglasses,Accessories,87,North Dakota,M,Brown,Spring,3.0,No,Standard,No,No,25,Venmo,Fortnightly,26,14,2262,10179.0,36-50,Premium Loyalists,Very High
1708,25,Male,Shorts,Clothing,81,Nevada,L,Maroon,Fall,4.9,No,2-Day Shipping,No,No,25,Cash,Bi-Weekly,26,14,2106,9477.0,18-25,Premium Loyalists,Very High
1709,35,Male,Boots,Footwear,58,Florida,L,Cyan,Spring,3.2,No,Express,No,No,1,Credit Card,Quarterly,4,90,232,709.92,26-35,Low Engagement,Low
1710,45,Male,Skirt,Clothing,83,Indiana,M,Pink,Winter,3.8,No,Standard,No,No,19,Bank Transfer,Annually,1,365,83,343.61999999999995,36-50,Big-Ticket Occasionals,Low
1711,19,Male,Pants,Clothing,59,Arkansas,XL,Orange,Fall,3.8,No,Store Pickup,No,No,7,Credit Card,Quarterly,4,90,236,807.1200000000001,18-25,Low Engagement,Low
1712,21,Male,T-shirt,Clothing,93,North Carolina,M,Lavender,Spring,4.7,No,Express,No,No,19,Credit Card,Monthly,12,30,1116,4620.24,18-25,Premium Loyalists,High
1713,65,Male,T-shirt,Clothing,87,Illinois,S,Beige,Fall,3.8,No,2-Day Shipping,No,No,9,Cash,Fortnightly,26,14,2262,8007.48,51-70,Premium Loyalists,Very High
1714,49,Male,Jacket,Outerwear,22,Missouri,M,Pink,Winter,4.6,No,Free Shipping,No,No,37,PayPal,Quarterly,4,90,88,459.36,36-50,Low Engagement,Low
1715,30,Male,Jeans,Clothing,71,South Dakota,S,Charcoal,Summer,4.4,No,Standard,No,No,15,Cash,Monthly,12,30,852,3322.8,26-35,Premium Loyalists,High
1716,23,Male,Dress,Clothing,69,Idaho,XL,Gray,Spring,3.4,No,2-Day Shipping,No,No,30,PayPal,Bi-Weekly,26,14,1794,8611.2,18-25,Premium Loyalists,Very High
1717,69,Male,Blouse,Clothing,47,Connecticut,M,Cyan,Winter,4.7,No,Standard,No,No,30,Cash,Every 3 Months,4,90,188,902.4000000000001,51-70,Low Engagement,Moderate
1718,29,Male,Hoodie,Clothing,50,Hawaii,L,Orange,Summer,2.9,No,Express,No,No,16,Debit Card,Bi-Weekly,26,14,1300,5148.0,26-35,Habitual Budget Buyers,High
1719,54,Male,T-shirt,Clothing,96,Maryland,L,Pink,Winter,3.4,No,2-Day Shipping,No,No,14,PayPal,Every 3 Months,4,90,384,1474.56,51-70,Big-Ticket Occasionals,Moderate
1720,45,Male,Sweater,Clothing,39,Maryland,M,White,Winter,3.2,No,Free Shipping,No,No,8,Venmo,Quarterly,4,90,156,542.88,36-50,Low Engagement,Low
1721,25,Male,Shorts,Clothing,84,Massachusetts,S,Beige,Winter,2.8,No,Express,No,No,40,Debit Card,Bi-Weekly,26,14,2184,11793.6,18-25,Premium Loyalists,Very High
1722,34,Male,Jewelry,Accessories,28,Delaware,S,Magenta,Spring,4.3,No,Free Shipping,No,No,24,Credit Card,Monthly,12,30,336,1491.84,26-35,Habitual Budget Buyers,Moderate
1723,46,Male,T-shirt,Clothing,51,Massachusetts,L,Violet,Summer,3.3,No,Standard,No,No,14,Cash,Fortnightly,26,14,1326,5091.84,36-50,Habitual Budget Buyers,High
1724,70,Male,Scarf,Accessories,20,New York,XL,Gold,Spring,3.3,No,Standard,No,No,39,PayPal,Annually,1,365,20,106.8,51-70,Low Engagement,Low
1725,42,Male,Shoes,Footwear,72,Delaware,S,Teal,Winter,3.3,No,Free Shipping,No,No,21,PayPal,Weekly,52,7,3744,15949.439999999999,36-50,Premium Loyalists,Very High
1726,45,Male,Sunglasses,Accessories,33,Massachusetts,M,Indigo,Spring,3.0,No,Next Day Air,No,No,32,Venmo,Quarterly,4,90,132,649.44,36-50,Low Engagement,Low
1727,57,Male,Coat,Outerwear,28,Indiana,S,Olive,Summer,2.8,No,Express,No,No,45,Debit Card,Weekly,52,7,1456,8299.199999999999,51-70,Habitual Budget Buyers,Very High
1728,49,Male,Blouse,Clothing,53,Virginia,S,Violet,Spring,4.0,No,Express,No,No,19,PayPal,Monthly,12,30,636,2633.04,36-50,Habitual Budget Buyers,High
1729,23,Male,Jeans,Clothing,48,Wyoming,L,Black,Fall,4.3,No,Express,No,No,1,Debit Card,Every 3 Months,4,90,192,587.52,18-25,Low Engagement,Low
1730,47,Male,Shorts,Clothing,21,Illinois,M,Brown,Winter,3.8,No,Store Pickup,No,No,12,Venmo,Fortnightly,26,14,546,2031.12,36-50,Habitual Budget Buyers,Moderate
1731,23,Male,Shirt,Clothing,22,Alabama,S,Silver,Fall,4.2,No,Free Shipping,No,No,26,Credit Card,Weekly,52,7,1144,5216.64,18-25,Habitual Budget Buyers,High
1732,21,Male,Backpack,Accessories,87,Idaho,M,Gray,Fall,3.1,No,Next Day Air,No,No,12,Cash,Monthly,12,30,1044,3883.68,18-25,Premium Loyalists,High
1733,45,Male,Belt,Accessories,50,Rhode Island,S,Charcoal,Winter,2.6,No,Free Shipping,No,No,36,Cash,Every 3 Months,4,90,200,1032.0,36-50,Low Engagement,Moderate
1734,67,Male,Blouse,Clothing,85,New York,L,Black,Summer,3.4,No,Express,No,No,22,Credit Card,Annually,1,365,85,367.2,51-70,Big-Ticket Occasionals,Low
1735,31,Male,Jeans,Clothing,98,Missouri,L,Brown,Spring,3.1,No,Next Day Air,No,No,16,PayPal,Quarterly,4,90,392,1552.3200000000002,26-35,Big-Ticket Occasionals,Moderate
1736,58,Male,Dress,Clothing,34,Texas,M,Purple,Winter,3.6,No,Express,No,No,31,Venmo,Annually,1,365,34,165.24,51-70,Low Engagement,Low
1737,57,Male,Shorts,Clothing,61,Tennessee,M,Purple,Summer,2.6,No,2-Day Shipping,No,No,43,Cash,Quarterly,4,90,244,1361.52,51-70,Big-Ticket Occasionals,Moderate
1738,42,Male,Jewelry,Accessories,98,Ohio,L,Gray,Summer,4.2,No,Store Pickup,No,No,50,Venmo,Bi-Weekly,26,14,2548,15288.0,36-50,Premium Loyalists,Very High
1739,60,Male,Handbag,Accessories,61,Tennessee,M,Green,Spring,2.9,No,2-Day Shipping,No,No,37,Credit Card,Weekly,52,7,3172,16557.84,51-70,Premium Loyalists,Very High
1740,21,Male,Jewelry,Accessories,98,Minnesota,L,Silver,Winter,4.2,No,Express,No,No,23,Cash,Weekly,52,7,5096,22320.48,18-25,Premium Loyalists,Very High
1741,69,Male,Pants,Clothing,21,Wisconsin,L,Charcoal,Fall,3.3,No,Next Day Air,No,No,10,Bank Transfer,Every 3 Months,4,90,84,302.4,51-70,Low Engagement,Low
1742,41,Male,Pants,Clothing,51,Delaware,XL,Teal,Winter,3.6,No,Next Day Air,No,No,20,Bank Transfer,Monthly,12,30,612,2570.3999999999996,36-50,Habitual Budget Buyers,High
1743,51,Male,Sandals,Footwear,80,Kansas,XL,White,Spring,4.3,No,Express,No,No,18,Venmo,Every 3 Months,4,90,320,1305.6,51-70,Big-Ticket Occasionals,Moderate
1744,23,Male,Skirt,Clothing,72,Missouri,XL,Brown,Winter,3.3,No,Standard,No,No,3,Bank Transfer,Weekly,52,7,3744,11905.92,18-25,Premium Loyalists,Very High
1745,57,Male,Sunglasses,Accessories,63,Michigan,L,Teal,Winter,3.0,No,Standard,No,No,23,PayPal,Weekly,52,7,3276,14348.88,51-70,Premium Loyalists,Very High
1746,40,Male,Skirt,Clothing,27,West Virginia,L,Red,Winter,3.6,No,Store Pickup,No,No,27,Cash,Weekly,52,7,1404,6486.4800000000005,36-50,Habitual Budget Buyers,High
1747,65,Male,Handbag,Accessories,44,Alabama,L,Brown,Summer,3.1,No,Store Pickup,No,No,44,Bank Transfer,Fortnightly,26,14,1144,6452.16,51-70,Habitual Budget Buyers,High
1748,61,Male,Coat,Outerwear,23,New Hampshire,M,Yellow,Winter,2.9,No,Express,No,No,41,Venmo,Quarterly,4,90,92,502.31999999999994,51-70,Low Engagement,Low
1749,34,Male,Skirt,Clothing,93,Montana,L,Teal,Winter,3.9,No,2-Day Shipping,No,No,41,Bank Transfer,Annually,1,365,93,507.78,26-35,Big-Ticket Occasionals,Low
1750,43,Male,Hoodie,Clothing,70,Wyoming,L,Pink,Fall,3.2,No,2-Day Shipping,No,No,36,Debit Card,Every 3 Months,4,90,280,1444.8,36-50,Big-Ticket Occasionals,Moderate
1751,31,Male,Sunglasses,Accessories,85,Missouri,M,White,Fall,3.1,No,Express,No,No,38,Venmo,Every 3 Months,4,90,340,1795.2,26-35,Big-Ticket Occasionals,Moderate
1752,57,Male,Sweater,Clothing,40,Ohio,M,Silver,Winter,3.2,No,2-Day Shipping,No,No,34,Cash,Annually,1,365,40,201.60000000000002,51-70,Low Engagement,Low
1753,34,Male,Boots,Footwear,29,South Dakota,L,Blue,Winter,3.3,No,Store Pickup,No,No,14,Venmo,Quarterly,4,90,116,445.44,26-35,Low Engagement,Low
1754,25,Male,Skirt,Clothing,27,Colorado,L,Black,Fall,4.8,No,Next Day Air,No,No,23,Credit Card,Fortnightly,26,14,702,3074.7599999999998,18-25,Habitual Budget Buyers,High
1755,66,Male,Dress,Clothing,93,Massachusetts,S,Beige,Fall,3.8,No,2-Day Shipping,No,No,18,Credit Card,Fortnightly,26,14,2418,9865.439999999999,51-70,Premium Loyalists,Very High
1756,56,Male,Belt,Accessories,20,Delaware,XL,Charcoal,Spring,4.6,No,Next Day Air,No,No,45,Cash,Monthly,12,30,240,1368.0,51-70,Habitual Budget Buyers,Moderate
1757,49,Male,Jewelry,Accessories,55,New Hampshire,S,Cyan,Fall,2.8,No,Free Shipping,No,No,14,Bank Transfer,Weekly,52,7,2860,10982.4,36-50,Habitual Budget Buyers,Very High
1758,19,Male,Dress,Clothing,94,Michigan,L,Yellow,Fall,3.6,No,Standard,No,No,48,Debit Card,Annually,1,365,94,552.72,18-25,Big-Ticket Occasionals,Low
1759,27,Male,Hat,Accessories,56,Pennsylvania,M,Silver,Winter,4.3,No,Free Shipping,No,No,17,Venmo,Bi-Weekly,26,14,1456,5853.120000000001,26-35,Habitual Budget Buyers,High
1760,68,Male,Sweater,Clothing,58,Louisiana,L,Green,Spring,4.0,No,Next Day Air,No,No,1,PayPal,Weekly,52,7,3016,9228.960000000001,51-70,Habitual Budget Buyers,Very High
1761,20,Male,Skirt,Clothing,44,Minnesota,XL,Peach,Spring,3.5,No,Standard,No,No,39,PayPal,Weekly,52,7,2288,12217.92,18-25,Habitual Budget Buyers,Very High
1762,21,Male,Hoodie,Clothing,95,Hawaii,S,Green,Fall,4.9,No,2-Day Shipping,No,No,24,Cash,Weekly,52,7,4940,21933.6,18-25,Premium Loyalists,Very High
1763,36,Male,Sandals,Footwear,42,Idaho,M,Brown,Summer,3.1,No,Express,No,No,41,Bank Transfer,Fortnightly,26,14,1092,5962.32,36-50,Habitual Budget Buyers,High
1764,37,Male,Jewelry,Accessories,93,Vermont,M,Lavender,Winter,3.9,No,Store Pickup,No,No,28,PayPal,Annually,1,365,93,435.24,36-50,Big-Ticket Occasionals,Low
1765,61,Male,Dress,Clothing,56,Delaware,M,Charcoal,Summer,3.0,No,Store Pickup,No,No,34,Venmo,Quarterly,4,90,224,1128.96,51-70,Low Engagement,Moderate
1766,68,Male,Hoodie,Clothing,88,New Mexico,M,Orange,Spring,4.1,No,2-Day Shipping,No,No,41,Venmo,Quarterly,4,90,352,1921.9199999999998,51-70,Big-Ticket Occasionals,Moderate
1767,60,Male,Sweater,Clothing,54,Alaska,S,Cyan,Winter,4.3,No,2-Day Shipping,No,No,27,Cash,Bi-Weekly,26,14,1404,6486.4800000000005,51-70,Habitual Budget Buyers,High
1768,69,Male,Jewelry,Accessories,89,Minnesota,L,Lavender,Fall,3.8,No,2-Day Shipping,No,No,46,Debit Card,Fortnightly,26,14,2314,13328.64,51-70,Premium Loyalists,Very High
1769,25,Male,Sandals,Footwear,45,Nebraska,M,Indigo,Summer,3.9,No,2-Day Shipping,No,No,2,PayPal,Every 3 Months,4,90,180,561.6,18-25,Low Engagement,Low
1770,32,Male,Socks,Clothing,75,Alaska,L,Brown,Winter,4.3,No,Free Shipping,No,No,45,Cash,Monthly,12,30,900,5130.0,26-35,Premium Loyalists,High
1771,53,Male,Backpack,Accessories,22,Michigan,M,Pink,Fall,4.3,No,Express,No,No,34,Bank Transfer,Weekly,52,7,1144,5765.76,51-70,Habitual Budget Buyers,High
1772,46,Male,Shirt,Clothing,82,Indiana,XL,Turquoise,Fall,4.7,No,Store Pickup,No,No,9,Credit Card,Annually,1,365,82,290.28,36-50,Big-Ticket Occasionals,Low
1773,58,Male,Shoes,Footwear,34,Hawaii,M,Gold,Summer,3.1,No,2-Day Shipping,No,No,1,Bank Transfer,Annually,1,365,34,104.04,51-70,Low Engagement,Low
1774,21,Male,Coat,Outerwear,92,West Virginia,M,Blue,Summer,2.7,No,Free Shipping,No,No,17,PayPal,Annually,1,365,92,369.84000000000003,18-25,Big-Ticket Occasionals,Low
1775,46,Male,Sweater,Clothing,78,New York,M,Lavender,Spring,3.7,No,Express,No,No,6,PayPal,Weekly,52,7,4056,13628.160000000002,36-50,Premium Loyalists,Very High
1776,18,Male,Jacket,Outerwear,47,Iowa,M,Violet,Spring,3.3,No,2-Day Shipping,No,No,12,Cash,Bi-Weekly,26,14,1222,4545.84,18-25,Habitual Budget Buyers,High
1777,56,Male,Jacket,Outerwear,64,Arizona,L,Cyan,Summer,3.4,No,Free Shipping,No,No,10,Venmo,Every 3 Months,4,90,256,921.5999999999999,51-70,Big-Ticket Occasionals,Moderate
1778,18,Male,Sneakers,Footwear,44,Minnesota,L,Purple,Winter,4.7,No,Free Shipping,No,No,4,Cash,Fortnightly,26,14,1144,3706.5600000000004,18-25,Habitual Budget Buyers,High
1779,49,Male,Belt,Accessories,94,Texas,M,Red,Winter,4.9,No,Store Pickup,No,No,8,Debit Card,Bi-Weekly,26,14,2444,8505.119999999999,36-50,Premium Loyalists,Very High
1780,29,Male,Scarf,Accessories,62,Virginia,M,Charcoal,Winter,4.3,No,Free Shipping,No,No,41,Venmo,Weekly,52,7,3224,17603.039999999997,26-35,Premium Loyalists,Very High
1781,67,Male,Jewelry,Accessories,81,North Dakota,S,Gray,Summer,4.2,No,Next Day Air,No,No,49,Credit Card,Weekly,52,7,4212,25019.28,51-70,Premium Loyalists,Very High
1782,31,Male,T-shirt,Clothing,33,Iowa,M,Pink,Fall,3.7,No,Express,No,No,49,Bank Transfer,Quarterly,4,90,132,784.08,26-35,Low Engagement,Low
1783,52,Male,Pants,Clothing,88,Utah,M,Lavender,Fall,2.7,No,Next Day Air,No,No,40,Bank Transfer,Fortnightly,26,14,2288,12355.2,51-70,Premium Loyalists,Very High
1784,42,Male,Handbag,Accessories,49,Ohio,L,Lavender,Winter,3.3,No,Free Shipping,No,No,30,Credit Card,Monthly,12,30,588,2822.4,36-50,Habitual Budget Buyers,High
1785,32,Male,Backpack,Accessories,31,Louisiana,L,Yellow,Summer,4.8,No,Standard,No,No,4,Debit Card,Quarterly,4,90,124,401.76000000000005,26-35,Low Engagement,Low
1786,47,Male,Gloves,Accessories,29,Iowa,S,Peach,Fall,4.1,No,Next Day Air,No,No,22,Venmo,Monthly,12,30,348,1503.36,36-50,Habitual Budget Buyers,Moderate
1787,45,Male,Jacket,Outerwear,34,Maryland,M,Brown,Spring,4.6,No,2-Day Shipping,No,No,22,Venmo,Monthly,12,30,408,1762.56,36-50,Habitual Budget Buyers,Moderate
1788,20,Male,Sweater,Clothing,38,Montana,L,Gold,Fall,4.9,No,2-Day Shipping,No,No,10,Bank Transfer,Quarterly,4,90,152,547.1999999999999,18-25,Low Engagement,Low
1789,66,Male,Blouse,Clothing,41,Illinois,L,Pink,Summer,3.1,No,Store Pickup,No,No,23,Cash,Bi-Weekly,26,14,1066,4669.08,51-70,Habitual Budget Buyers,High
1790,52,Male,Blouse,Clothing,34,Arizona,L,Peach,Spring,3.0,No,2-Day Shipping,No,No,43,Debit Card,Quarterly,4,90,136,758.88,51-70,Low Engagement,Low
1791,50,Male,Gloves,Accessories,26,North Carolina,S,Violet,Summer,3.7,No,Store Pickup,No,No,31,PayPal,Bi-Weekly,26,14,676,3285.36,36-50,Habitual Budget Buyers,High
1792,62,Male,Jeans,Clothing,98,Montana,S,Purple,Winter,4.0,No,Store Pickup,No,No,38,Cash,Annually,1,365,98,517.44,51-70,Big-Ticket Occasionals,Low
1793,38,Male,Sneakers,Footwear,59,Iowa,M,Peach,Fall,3.0,No,Express,No,No,22,Debit Card,Every 3 Months,4,90,236,1019.52,36-50,Low Engagement,Moderate
1794,65,Male,Hat,Accessories,92,Iowa,S,White,Fall,3.8,No,Store Pickup,No,No,45,Cash,Every 3 Months,4,90,368,2097.6,51-70,Big-Ticket Occasionals,Moderate
1795,60,Male,Backpack,Accessories,40,Ohio,L,Indigo,Spring,3.7,No,Express,No,No,21,Debit Card,Fortnightly,26,14,1040,4430.4,51-70,Habitual Budget Buyers,High
1796,68,Male,Jeans,Clothing,20,Wisconsin,S,Violet,Fall,4.0,No,2-Day Shipping,No,No,9,Debit Card,Fortnightly,26,14,520,1840.8,51-70,Habitual Budget Buyers,Moderate
1797,62,Male,Skirt,Clothing,35,South Carolina,S,Brown,Spring,3.1,No,Store Pickup,No,No,34,Venmo,Weekly,52,7,1820,9172.800000000001,51-70,Habitual Budget Buyers,Very High
1798,62,Male,Belt,Accessories,35,Oregon,L,Maroon,Spring,3.9,No,2-Day Shipping,No,No,26,Venmo,Weekly,52,7,1820,8299.2,51-70,Habitual Budget Buyers,Very High
1799,40,Male,Dress,Clothing,82,North Dakota,L,Magenta,Winter,3.7,No,Express,No,No,1,Cash,Weekly,52,7,4264,13047.84,36-50,Premium Loyalists,Very High
1800,32,Male,Hoodie,Clothing,48,California,M,Charcoal,Fall,3.9,No,Express,No,No,47,Venmo,Weekly,52,7,2496,14526.72,26-35,Habitual Budget Buyers,Very High
1801,22,Male,Coat,Outerwear,58,Mississippi,XL,Indigo,Winter,2.7,No,Express,No,No,30,Credit Card,Weekly,52,7,3016,14476.800000000001,18-25,Habitual Budget Buyers,Very High
1802,33,Male,Sweater,Clothing,57,New Jersey,M,Turquoise,Spring,3.9,No,Express,No,No,48,Debit Card,Fortnightly,26,14,1482,8714.16,26-35,Habitual Budget Buyers,Very High
1803,57,Male,Shorts,Clothing,96,Rhode Island,L,Turquoise,Winter,2.6,No,Store Pickup,No,No,31,Venmo,Bi-Weekly,26,14,2496,12130.560000000001,51-70,Premium Loyalists,Very High
1804,60,Male,Sneakers,Footwear,97,New Hampshire,S,Gray,Summer,3.5,No,Free Shipping,No,No,33,Venmo,Fortnightly,26,14,2522,12559.560000000001,51-70,Premium Loyalists,Very High
1805,30,Male,Sweater,Clothing,42,Louisiana,L,Peach,Winter,4.4,No,Next Day Air,No,No,39,Credit Card,Weekly,52,7,2184,11662.56,26-35,Habitual Budget Buyers,Very High
1806,41,Male,T-shirt,Clothing,62,Arizona,L,Gold,Spring,4.9,No,Store Pickup,No,No,46,Debit Card,Weekly,52,7,3224,18570.239999999998,36-50,Premium Loyalists,Very High
1807,58,Male,Handbag,Accessories,67,Rhode Island,M,Green,Fall,3.9,No,Standard,No,No,24,Venmo,Annually,1,365,67,297.48,51-70,Big-Ticket Occasionals,Low
1808,34,Male,Sneakers,Footwear,46,Vermont,L,Gold,Summer,3.5,No,Standard,No,No,37,Venmo,Fortnightly,26,14,1196,6243.12,26-35,Habitual Budget Buyers,High
1809,67,Male,Jacket,Outerwear,71,Tennessee,M,Lavender,Spring,4.3,No,Next Day Air,No,No,7,Debit Card,Monthly,12,30,852,2913.84,51-70,Premium Loyalists,High
1810,58,Male,Backpack,Accessories,99,Alaska,S,Blue,Fall,3.4,No,Free Shipping,No,No,6,Debit Card,Fortnightly,26,14,2574,8648.640000000001,51-70,Premium Loyalists,Very High
1811,41,Male,Jeans,Clothing,28,Maryland,M,Magenta,Fall,2.7,No,Standard,No,No,16,Cash,Bi-Weekly,26,14,728,2882.88,36-50,Habitual Budget Buyers,High
1812,42,Male,Belt,Accessories,77,Wisconsin,L,Blue,Summer,3.6,No,Standard,No,No,33,Bank Transfer,Annually,1,365,77,383.46000000000004,36-50,Big-Ticket Occasionals,Low
1813,50,Male,Boots,Footwear,63,Nevada,S,Blue,Summer,4.9,No,Express,No,No,18,PayPal,Bi-Weekly,26,14,1638,6683.039999999999,36-50,Premium Loyalists,High
1814,40,Male,Shorts,Clothing,62,Illinois,M,Olive,Spring,3.5,No,Free Shipping,No,No,24,PayPal,Weekly,52,7,3224,14314.56,36-50,Premium Loyalists,Very High
1815,32,Male,Jeans,Clothing,92,Montana,M,White,Summer,3.8,No,Free Shipping,No,No,24,Cash,Quarterly,4,90,368,1633.92,26-35,Big-Ticket Occasionals,Moderate
1816,51,Male,Shoes,Footwear,72,New Mexico,L,White,Winter,4.5,No,2-Day Shipping,No,No,48,Credit Card,Every 3 Months,4,90,288,1693.44,51-70,Big-Ticket Occasionals,Moderate
1817,26,Male,Hat,Accessories,79,Virginia,M,Purple,Summer,4.0,No,Express,No,No,4,Cash,Weekly,52,7,4108,13309.92,26-35,Premium Loyalists,Very High
1818,32,Male,T-shirt,Clothing,27,Delaware,M,White,Summer,4.7,No,Free Shipping,No,No,20,Cash,Weekly,52,7,1404,5896.799999999999,26-35,Habitual Budget Buyers,High
1819,58,Male,Sunglasses,Accessories,39,North Carolina,M,White,Fall,3.8,No,Express,No,No,47,Debit Card,Every 3 Months,4,90,156,907.92,51-70,Low Engagement,Moderate
1820,51,Male,Socks,Clothing,86,Nevada,S,Peach,Spring,4.5,No,Next Day Air,No,No,50,Cash,Quarterly,4,90,344,2064.0,51-70,Big-Ticket Occasionals,Moderate
1821,19,Male,Shirt,Clothing,94,Washington,XL,Gold,Fall,5.0,No,Express,No,No,31,PayPal,Monthly,12,30,1128,5482.08,18-25,Premium Loyalists,High
1822,57,Male,Shorts,Clothing,53,Maine,M,Teal,Spring,2.8,No,Express,No,No,29,PayPal,Quarterly,4,90,212,1004.88,51-70,Low Engagement,Moderate
1823,66,Male,Shirt,Clothing,85,Connecticut,S,Cyan,Summer,4.4,No,Standard,No,No,4,Cash,Annually,1,365,85,275.40000000000003,51-70,Big-Ticket Occasionals,Low
1824,62,Male,Socks,Clothing,50,Louisiana,L,Pink,Fall,4.7,No,Free Shipping,No,No,40,Bank Transfer,Bi-Weekly,26,14,1300,7020.0,51-70,Habitual Budget Buyers,High
1825,58,Male,Pants,Clothing,47,Illinois,XL,Magenta,Winter,3.8,No,Express,No,No,31,Cash,Monthly,12,30,564,2741.04,51-70,Habitual Budget Buyers,High
1826,23,Male,Boots,Footwear,75,South Dakota,M,Pink,Winter,4.9,No,Next Day Air,No,No,41,Credit Card,Weekly,52,7,3900,21293.999999999996,18-25,Premium Loyalists,Very High
1827,45,Male,T-shirt,Clothing,60,Indiana,M,Turquoise,Winter,4.2,No,Express,No,No,44,Debit Card,Annually,1,365,60,338.4,36-50,Low Engagement,Low
1828,20,Male,T-shirt,Clothing,36,Vermont,S,Pink,Spring,4.9,No,2-Day Shipping,No,No,31,Bank Transfer,Weekly,52,7,1872,9097.92,18-25,Habitual Budget Buyers,Very High
1829,33,Male,Coat,Outerwear,80,New Hampshire,L,Gray,Spring,3.9,No,Express,No,No,45,Cash,Every 3 Months,4,90,320,1824.0,26-35,Big-Ticket Occasionals,Moderate
1830,30,Male,Hat,Accessories,96,Oregon,M,White,Spring,4.9,No,2-Day Shipping,No,No,50,Credit Card,Quarterly,4,90,384,2304.0,26-35,Big-Ticket Occasionals,Moderate
1831,50,Male,Sunglasses,Accessories,80,Kansas,M,Blue,Winter,4.8,No,Express,No,No,7,Venmo,Annually,1,365,80,273.6,36-50,Big-Ticket Occasionals,Low
1832,62,Male,Blouse,Clothing,71,Maine,M,Cyan,Summer,3.3,No,Free Shipping,No,No,5,Bank Transfer,Every 3 Months,4,90,284,937.2,51-70,Big-Ticket Occasionals,Moderate
1833,69,Male,Jewelry,Accessories,29,Louisiana,M,Blue,Fall,4.6,No,Free Shipping,No,No,48,Cash,Monthly,12,30,348,2046.24,51-70,Habitual Budget Buyers,Moderate
1834,34,Male,Jewelry,Accessories,53,Louisiana,M,Yellow,Spring,4.5,No,2-Day Shipping,No,No,19,PayPal,Fortnightly,26,14,1378,5704.919999999999,26-35,Habitual Budget Buyers,High
1835,49,Male,Skirt,Clothing,35,Indiana,M,Charcoal,Summer,4.1,No,2-Day Shipping,No,No,39,Venmo,Fortnightly,26,14,910,4859.4,36-50,Habitual Budget Buyers,High
1836,65,Male,Scarf,Accessories,75,Kentucky,M,Lavender,Fall,3.2,No,2-Day Shipping,No,No,45,Credit Card,Quarterly,4,90,300,1710.0,51-70,Big-Ticket Occasionals,Moderate
1837,66,Male,Pants,Clothing,52,South Carolina,M,Teal,Fall,4.2,No,2-Day Shipping,No,No,35,Credit Card,Monthly,12,30,624,3182.4,51-70,Habitual Budget Buyers,High
1838,41,Male,Hat,Accessories,77,Montana,M,Beige,Winter,4.8,No,Free Shipping,No,No,8,Venmo,Monthly,12,30,924,3215.52,36-50,Premium Loyalists,High
1839,37,Male,Gloves,Accessories,24,Vermont,L,Blue,Fall,4.1,No,Next Day Air,No,No,11,Credit Card,Quarterly,4,90,96,351.36,36-50,Low Engagement,Low
1840,32,Male,Shirt,Clothing,78,Mississippi,XL,Purple,Winter,3.7,No,Store Pickup,No,No,32,Cash,Annually,1,365,78,383.76000000000005,26-35,Big-Ticket Occasionals,Low
1841,42,Male,Sandals,Footwear,98,Wyoming,M,Gold,Winter,2.6,No,Store Pickup,No,No,46,Bank Transfer,Every 3 Months,4,90,392,2257.92,36-50,Big-Ticket Occasionals,Moderate
1842,31,Male,Socks,Clothing,57,Vermont,L,Blue,Winter,3.0,No,Standard,No,No,7,PayPal,Every 3 Months,4,90,228,779.7600000000001,26-35,Low Engagement,Low
1843,61,Male,Handbag,Accessories,78,Alabama,M,Black,Summer,4.4,No,Express,No,No,1,Debit Card,Annually,1,365,78,238.68,51-70,Big-Ticket Occasionals,Low
1844,36,Male,Jacket,Outerwear,76,Kentucky,M,Charcoal,Fall,4.7,No,Next Day Air,No,No,32,Credit Card,Monthly,12,30,912,4487.04,36-50,Premium Loyalists,High
1845,60,Male,Shorts,Clothing,26,South Dakota,M,Purple,Spring,2.7,No,2-Day Shipping,No,No,31,Credit Card,Annually,1,365,26,126.36000000000001,51-70,Low Engagement,Low
1846,51,Male,Sandals,Footwear,78,Delaware,M,Orange,Winter,2.8,No,2-Day Shipping,No,No,39,Bank Transfer,Quarterly,4,90,312,1666.08,51-70,Big-Ticket Occasionals,Moderate
1847,68,Male,Scarf,Accessories,53,Wisconsin,M,Yellow,Summer,2.9,No,Standard,No,No,9,Venmo,Quarterly,4,90,212,750.4799999999999,51-70,Low Engagement,Low
1848,46,Male,Sandals,Footwear,100,Arizona,XL,Cyan,Summer,4.4,No,Free Shipping,No,No,49,Credit Card,Weekly,52,7,5200,30888.0,36-50,Premium Loyalists,Very High
1849,19,Male,Jeans,Clothing,73,Maine,XL,Yellow,Winter,2.7,No,Express,No,No,34,Cash,Every 3 Months,4,90,292,1471.68,18-25,Big-Ticket Occasionals,Moderate
1850,30,Male,Skirt,Clothing,40,New Mexico,M,Maroon,Winter,4.5,No,Store Pickup,No,No,35,Bank Transfer,Monthly,12,30,480,2448.0,26-35,Habitual Budget Buyers,Moderate
1851,51,Male,Gloves,Accessories,76,Wyoming,S,Black,Winter,2.8,No,Store Pickup,No,No,50,Debit Card,Weekly,52,7,3952,23712.0,51-70,Premium Loyalists,Very High
1852,28,Male,Skirt,Clothing,80,Delaware,S,Lavender,Fall,3.1,No,Free Shipping,No,No,4,Bank Transfer,Fortnightly,26,14,2080,6739.200000000001,26-35,Premium Loyalists,High
1853,41,Male,Sweater,Clothing,80,Pennsylvania,XL,Violet,Winter,3.8,No,Store Pickup,No,No,32,Cash,Weekly,52,7,4160,20467.2,36-50,Premium Loyalists,Very High
1854,29,Male,Blouse,Clothing,67,North Dakota,XL,Olive,Spring,2.9,No,Express,No,No,11,PayPal,Fortnightly,26,14,1742,6375.72,26-35,Premium Loyalists,High
1855,25,Male,Sweater,Clothing,61,Kentucky,M,Teal,Spring,3.8,No,Express,No,No,49,Credit Card,Annually,1,365,61,362.34,18-25,Big-Ticket Occasionals,Low
1856,60,Male,Shirt,Clothing,76,Rhode Island,XL,Teal,Spring,4.7,No,Standard,No,No,9,Cash,Annually,1,365,76,269.03999999999996,51-70,Big-Ticket Occasionals,Low
1857,63,Male,Jewelry,Accessories,55,Arizona,XL,Beige,Summer,3.2,No,Free Shipping,No,No,30,PayPal,Bi-Weekly,26,14,1430,6864.0,51-70,Habitual Budget Buyers,High
1858,51,Male,T-shirt,Clothing,85,Colorado,L,Maroon,Summer,4.0,No,Next Day Air,No,No,33,Cash,Monthly,12,30,1020,5079.6,51-70,Premium Loyalists,High
1859,22,Male,Scarf,Accessories,69,Maine,S,Peach,Spring,4.9,No,2-Day Shipping,No,No,8,Debit Card,Annually,1,365,69,240.11999999999998,18-25,Big-Ticket Occasionals,Low
1860,54,Male,Belt,Accessories,26,New Jersey,L,Beige,Summer,3.7,No,Store Pickup,No,No,29,Debit Card,Fortnightly,26,14,676,3204.2400000000002,51-70,Habitual Budget Buyers,High
1861,18,Male,T-shirt,Clothing,64,Kansas,M,Silver,Summer,4.8,No,Next Day Air,No,No,4,Credit Card,Monthly,12,30,768,2488.32,18-25,Premium Loyalists,Moderate
1862,29,Male,Sneakers,Footwear,60,South Dakota,S,Peach,Fall,3.6,No,Standard,No,No,19,Debit Card,Monthly,12,30,720,2980.7999999999997,26-35,Habitual Budget Buyers,High
1863,59,Male,Gloves,Accessories,36,New Hampshire,M,Turquoise,Winter,4.6,No,Express,No,No,10,PayPal,Fortnightly,26,14,936,3369.6,51-70,Habitual Budget Buyers,High
1864,25,Male,Sandals,Footwear,21,Connecticut,L,Orange,Spring,4.3,No,2-Day Shipping,No,No,39,Debit Card,Monthly,12,30,252,1345.68,18-25,Habitual Budget Buyers,Moderate
1865,19,Male,Backpack,Accessories,72,Wyoming,S,Cyan,Fall,3.2,No,2-Day Shipping,No,No,21,Venmo,Quarterly,4,90,288,1226.8799999999999,18-25,Big-Ticket Occasionals,Moderate
1866,56,Male,Pants,Clothing,62,Missouri,S,Silver,Summer,3.8,No,Store Pickup,No,No,12,Bank Transfer,Monthly,12,30,744,2767.68,51-70,Premium Loyalists,High
1867,31,Male,T-shirt,Clothing,44,Alaska,XL,Gold,Winter,4.2,No,Standard,No,No,9,Credit Card,Fortnightly,26,14,1144,4049.7599999999998,26-35,Habitual Budget Buyers,High
1868,45,Male,Skirt,Clothing,52,Delaware,M,Brown,Fall,3.4,No,2-Day Shipping,No,No,20,Venmo,Quarterly,4,90,208,873.5999999999999,36-50,Low Engagement,Moderate
1869,23,Male,Gloves,Accessories,58,Indiana,M,Silver,Spring,4.7,No,Next Day Air,No,No,44,Cash,Fortnightly,26,14,1508,8505.119999999999,18-25,Habitual Budget Buyers,Very High
1870,18,Male,Blouse,Clothing,77,West Virginia,S,Beige,Spring,3.9,No,2-Day Shipping,No,No,16,Debit Card,Every 3 Months,4,90,308,1219.68,18-25,Big-Ticket Occasionals,Moderate
1871,43,Male,Blouse,Clothing,99,Wyoming,L,Violet,Spring,4.3,No,Store Pickup,No,No,27,Debit Card,Fortnightly,26,14,2574,11891.880000000001,36-50,Premium Loyalists,Very High
1872,56,Male,Jeans,Clothing,96,Illinois,XL,Violet,Fall,2.7,No,Standard,No,No,14,Cash,Every 3 Months,4,90,384,1474.56,51-70,Big-Ticket Occasionals,Moderate
1873,43,Male,T-shirt,Clothing,64,Alaska,M,Lavender,Summer,4.6,No,Standard,No,No,24,Credit Card,Monthly,12,30,768,3409.92,36-50,Premium Loyalists,High
1874,64,Male,Sweater,Clothing,44,Wisconsin,XL,Red,Fall,2.9,No,Express,No,No,49,Bank Transfer,Weekly,52,7,2288,13590.72,51-70,Habitual Budget Buyers,Very High
1875,67,Male,Pants,Clothing,33,Indiana,L,Purple,Fall,3.6,No,Free Shipping,No,No,14,Cash,Weekly,52,7,1716,6589.4400000000005,51-70,Habitual Budget Buyers,High
1876,63,Male,Boots,Footwear,71,Tennessee,M,Brown,Winter,3.9,No,Next Day Air,No,No,6,Credit Card,Quarterly,4,90,284,954.2400000000001,51-70,Big-Ticket Occasionals,Moderate
1877,54,Male,Skirt,Clothing,36,Illinois,M,Gray,Fall,2.6,No,Standard,No,No,20,Venmo,Quarterly,4,90,144,604.8,51-70,Low Engagement,Low
1878,69,Male,Gloves,Accessories,62,Pennsylvania,L,Pink,Fall,3.6,No,Express,No,No,3,Credit Card,Annually,1,365,62,197.16,51-70,Big-Ticket Occasionals,Low
1879,34,Male,Socks,Clothing,29,Oklahoma,L,Magenta,Summer,3.4,No,Store Pickup,No,No,5,Credit Card,Monthly,12,30,348,1148.4,26-35,Habitual Budget Buyers,Moderate
1880,56,Male,T-shirt,Clothing,33,Tennessee,L,Charcoal,Spring,3.5,No,Express,No,No,46,Cash,Bi-Weekly,26,14,858,4942.08,51-70,Habitual Budget Buyers,High
1881,34,Male,Blouse,Clothing,33,New Jersey,L,Yellow,Fall,3.1,No,2-Day Shipping,No,No,8,Debit Card,Monthly,12,30,396,1378.08,26-35,Habitual Budget Buyers,Moderate
1882,58,Male,Blouse,Clothing,41,New Jersey,M,Red,Winter,4.3,No,Standard,No,No,13,Cash,Bi-Weekly,26,14,1066,4029.48,51-70,Habitual Budget Buyers,High
1883,44,Male,Scarf,Accessories,54,Tennessee,L,Blue,Winter,5.0,No,Store Pickup,No,No,25,Bank Transfer,Quarterly,4,90,216,972.0,36-50,Low Engagement,Moderate
1884,25,Male,Backpack,Accessories,58,Georgia,M,Cyan,Spring,4.9,No,Store Pickup,No,No,39,Debit Card,Fortnightly,26,14,1508,8052.72,18-25,Habitual Budget Buyers,Very High
1885,27,Male,Shorts,Clothing,30,Arizona,S,Pink,Summer,4.3,No,Next Day Air,No,No,15,Bank Transfer,Bi-Weekly,26,14,780,3042.0,26-35,Habitual Budget Buyers,High
1886,26,Male,Jewelry,Accessories,53,Nevada,S,Maroon,Winter,4.4,No,Standard,No,No,35,Cash,Monthly,12,30,636,3243.6,26-35,Habitual Budget Buyers,High
1887,18,Male,Gloves,Accessories,91,Arkansas,L,Beige,Spring,4.4,No,Next Day Air,No,No,46,Cash,Bi-Weekly,26,14,2366,13628.16,18-25,Premium Loyalists,Very High
1888,64,Male,Hoodie,Clothing,44,North Dakota,XL,Gold,Fall,3.5,No,Express,No,No,3,PayPal,Monthly,12,30,528,1679.0400000000002,51-70,Habitual Budget Buyers,Moderate
1889,62,Male,Hoodie,Clothing,89,South Dakota,XL,Turquoise,Winter,3.4,No,Free Shipping,No,No,48,Credit Card,Weekly,52,7,4628,27212.64,51-70,Premium Loyalists,Very High
1890,59,Male,Skirt,Clothing,57,North Carolina,L,Peach,Spring,2.5,No,Next Day Air,No,No,27,Bank Transfer,Weekly,52,7,2964,13693.68,51-70,Habitual Budget Buyers,Very High
1891,36,Male,Sunglasses,Accessories,57,Hawaii,M,Lavender,Spring,3.4,No,Store Pickup,No,No,5,Credit Card,Weekly,52,7,2964,9781.2,36-50,Habitual Budget Buyers,Very High
1892,69,Male,Jewelry,Accessories,74,New Hampshire,M,Gray,Summer,2.6,No,Next Day Air,No,No,48,Debit Card,Quarterly,4,90,296,1740.48,51-70,Big-Ticket Occasionals,Moderate
1893,39,Male,Jacket,Outerwear,30,California,M,Blue,Fall,4.6,No,2-Day Shipping,No,No,12,Venmo,Weekly,52,7,1560,5803.2,36-50,Habitual Budget Buyers,High
1894,28,Male,Dress,Clothing,20,Delaware,L,Red,Summer,3.7,No,Express,No,No,10,PayPal,Fortnightly,26,14,520,1872.0,26-35,Habitual Budget Buyers,Moderate
1895,42,Male,Hoodie,Clothing,90,Arizona,M,Purple,Fall,2.5,No,Free Shipping,No,No,48,Debit Card,Bi-Weekly,26,14,2340,13759.199999999999,36-50,Premium Loyalists,Very High
1896,31,Male,Jeans,Clothing,61,Washington,L,Indigo,Fall,4.5,No,Express,No,No,3,Debit Card,Monthly,12,30,732,2327.76,26-35,Premium Loyalists,Moderate
1897,57,Male,Sandals,Footwear,51,Nevada,M,Gold,Fall,2.9,No,Standard,No,No,19,Venmo,Monthly,12,30,612,2533.68,51-70,Habitual Budget Buyers,High
1898,53,Male,Sunglasses,Accessories,97,Alaska,L,Teal,Winter,2.9,No,Free Shipping,No,No,11,Debit Card,Fortnightly,26,14,2522,9230.52,51-70,Premium Loyalists,Very High
1899,59,Male,Pants,Clothing,97,Texas,L,Magenta,Fall,3.5,No,Next Day Air,No,No,25,Venmo,Monthly,12,30,1164,5238.0,51-70,Premium Loyalists,High
1900,32,Male,Shorts,Clothing,40,New York,L,Maroon,Winter,4.2,No,Store Pickup,No,No,42,PayPal,Weekly,52,7,2080,11481.599999999999,26-35,Habitual Budget Buyers,Very High
1901,65,Male,Jewelry,Accessories,85,Iowa,S,Blue,Summer,3.3,No,Free Shipping,No,No,34,Cash,Quarterly,4,90,340,1713.6000000000001,51-70,Big-Ticket Occasionals,Moderate
1902,56,Male,Socks,Clothing,76,Arizona,S,Beige,Winter,3.9,No,Store Pickup,No,No,50,Cash,Quarterly,4,90,304,1824.0,51-70,Big-Ticket Occasionals,Moderate
1903,31,Male,Sandals,Footwear,22,New Mexico,S,Olive,Spring,5.0,No,Store Pickup,No,No,21,Venmo,Monthly,12,30,264,1124.6399999999999,26-35,Habitual Budget Buyers,Moderate
1904,59,Male,Pants,Clothing,63,North Carolina,M,Gold,Summer,3.3,No,Standard,No,No,37,Bank Transfer,Weekly,52,7,3276,17100.72,51-70,Premium Loyalists,Very High
1905,22,Male,T-shirt,Clothing,71,Nevada,S,Silver,Spring,4.2,No,Free Shipping,No,No,46,Cash,Monthly,12,30,852,4907.5199999999995,18-25,Premium Loyalists,High
1906,47,Male,Boots,Footwear,35,Idaho,M,Teal,Summer,4.9,No,2-Day Shipping,No,No,14,Bank Transfer,Fortnightly,26,14,910,3494.4,36-50,Habitual Budget Buyers,High
1907,23,Male,Backpack,Accessories,30,Vermont,M,Green,Spring,4.6,No,2-Day Shipping,No,No,24,PayPal,Fortnightly,26,14,780,3463.2,18-25,Habitual Budget Buyers,High
1908,69,Male,Skirt,Clothing,74,New Mexico,L,Orange,Fall,4.8,No,Store Pickup,No,No,36,Credit Card,Every 3 Months,4,90,296,1527.36,51-70,Big-Ticket Occasionals,Moderate
1909,18,Male,Scarf,Accessories,71,Georgia,XL,Charcoal,Winter,2.7,No,Next Day Air,No,No,19,Debit Card,Bi-Weekly,26,14,1846,7642.44,18-25,Premium Loyalists,Very High
1910,50,Male,Sweater,Clothing,84,Kentucky,S,Black,Spring,4.3,No,Store Pickup,No,No,12,Credit Card,Monthly,12,30,1008,3749.7599999999998,36-50,Premium Loyalists,High
1911,29,Male,Sandals,Footwear,38,New York,S,Yellow,Fall,3.8,No,Express,No,No,13,Debit Card,Quarterly,4,90,152,574.5600000000001,26-35,Low Engagement,Low
1912,65,Male,Jewelry,Accessories,81,Arizona,M,Gray,Spring,4.9,No,Express,No,No,32,Debit Card,Bi-Weekly,26,14,2106,10361.52,51-70,Premium Loyalists,Very High
1913,29,Male,Sweater,Clothing,56,Colorado,S,Charcoal,Winter,3.4,No,2-Day Shipping,No,No,5,Credit Card,Bi-Weekly,26,14,1456,4804.8,26-35,Habitual Budget Buyers,High
1914,49,Male,Skirt,Clothing,48,Kentucky,M,Peach,Winter,3.6,No,Express,No,No,29,Cash,Annually,1,365,48,227.52,36-50,Low Engagement,Low
1915,28,Male,Shorts,Clothing,97,Alaska,L,Green,Fall,3.4,No,Standard,No,No,40,Credit Card,Fortnightly,26,14,2522,13618.800000000001,26-35,Premium Loyalists,Very High
1916,51,Male,Backpack,Accessories,74,Alabama,M,Magenta,Fall,4.7,No,2-Day Shipping,No,No,44,Cash,Weekly,52,7,3848,21702.719999999998,51-70,Premium Loyalists,Very High
1917,26,Male,Hoodie,Clothing,50,Connecticut,S,Beige,Winter,3.0,No,Next Day Air,No,No,3,Debit Card,Bi-Weekly,26,14,1300,4134.0,26-35,Habitual Budget Buyers,High
1918,38,Male,Skirt,Clothing,71,Hawaii,L,Black,Winter,3.4,No,Free Shipping,No,No,35,PayPal,Bi-Weekly,26,14,1846,9414.6,36-50,Premium Loyalists,Very High
1919,35,Male,Skirt,Clothing,33,Idaho,S,Purple,Summer,4.6,No,Standard,No,No,33,Debit Card,Monthly,12,30,396,1972.0800000000002,26-35,Habitual Budget Buyers,Moderate
1920,34,Male,Backpack,Accessories,56,Virginia,M,Olive,Summer,3.1,No,Express,No,No,20,PayPal,Bi-Weekly,26,14,1456,6115.2,26-35,Habitual Budget Buyers,High
1921,51,Male,Blouse,Clothing,84,Connecticut,M,Purple,Spring,2.8,No,Standard,No,No,40,Cash,Every 3 Months,4,90,336,1814.4,51-70,Big-Ticket Occasionals,Moderate
1922,47,Male,Shirt,Clothing,36,Michigan,M,Green,Fall,3.5,No,Store Pickup,No,No,13,Venmo,Annually,1,365,36,136.08,36-50,Low Engagement,Low
1923,18,Male,Gloves,Accessories,63,Kentucky,S,Peach,Summer,4.6,No,Standard,No,No,9,PayPal,Monthly,12,30,756,2676.24,18-25,Premium Loyalists,High
1924,64,Male,Sandals,Footwear,36,Nebraska,XL,Blue,Summer,4.3,No,Standard,No,No,7,Cash,Annually,1,365,36,123.12000000000002,51-70,Low Engagement,Low
1925,30,Male,Jacket,Outerwear,63,Michigan,M,Gray,Fall,4.8,No,Free Shipping,No,No,42,PayPal,Quarterly,4,90,252,1391.04,26-35,Big-Ticket Occasionals,Moderate
1926,59,Male,Sneakers,Footwear,32,Utah,L,Black,Winter,2.9,No,Express,No,No,44,Credit Card,Fortnightly,26,14,832,4692.48,51-70,Habitual Budget Buyers,High
1927,66,Male,Backpack,Accessories,93,New Mexico,M,Silver,Spring,3.0,No,Express,No,No,6,PayPal,Annually,1,365,93,312.48,51-70,Big-Ticket Occasionals,Low
1928,40,Male,Pants,Clothing,29,Florida,M,Pink,Summer,2.9,No,Standard,No,No,8,Cash,Every 3 Months,4,90,116,403.67999999999995,36-50,Low Engagement,Low
1929,25,Male,Sunglasses,Accessories,92,Mississippi,S,Lavender,Summer,3.7,No,Standard,No,No,10,PayPal,Weekly,52,7,4784,17222.399999999998,18-25,Premium Loyalists,Very High
1930,59,Male,Jeans,Clothing,33,Hawaii,L,Brown,Fall,4.7,No,Standard,No,No,46,Venmo,Quarterly,4,90,132,760.3199999999999,51-70,Low Engagement,Low
1931,66,Male,Pants,Clothing,52,North Carolina,L,Turquoise,Spring,3.5,No,Store Pickup,No,No,26,Cash,Weekly,52,7,2704,12330.24,51-70,Habitual Budget Buyers,Very High
1932,54,Male,Jewelry,Accessories,42,Illinois,S,Olive,Spring,2.7,No,Store Pickup,No,No,6,Debit Card,Every 3 Months,4,90,168,564.48,51-70,Low Engagement,Low
1933,42,Male,Hoodie,Clothing,36,Maryland,M,White,Spring,5.0,No,Free Shipping,No,No,47,Credit Card,Every 3 Months,4,90,144,838.0799999999999,36-50,Low Engagement,Low
1934,48,Male,Sandals,Footwear,67,Montana,L,Violet,Summer,4.1,No,Next Day Air,No,No,28,Venmo,Annually,1,365,67,313.56,36-50,Big-Ticket Occasionals,Low
1935,34,Male,Jacket,Outerwear,43,Michigan,L,Gold,Winter,2.7,No,Free Shipping,No,No,23,Bank Transfer,Annually,1,365,43,188.34,26-35,Low Engagement,Low
1936,19,Male,Blouse,Clothing,68,North Carolina,XL,Violet,Spring,4.8,No,Free Shipping,No,No,45,Cash,Fortnightly,26,14,1768,10077.6,18-25,Premium Loyalists,Very High
1937,70,Male,Jewelry,Accessories,60,Minnesota,S,Teal,Summer,4.3,No,2-Day Shipping,No,No,44,PayPal,Every 3 Months,4,90,240,1353.6,51-70,Low Engagement,Moderate
1938,43,Male,Socks,Clothing,53,Delaware,M,Olive,Summer,4.5,No,2-Day Shipping,No,No,11,Bank Transfer,Monthly,12,30,636,2327.7599999999998,36-50,Habitual Budget Buyers,Moderate
1939,46,Male,Jeans,Clothing,23,Kentucky,L,Blue,Spring,3.8,No,Standard,No,No,39,Debit Card,Bi-Weekly,26,14,598,3193.32,36-50,Habitual Budget Buyers,High
1940,66,Male,Gloves,Accessories,57,Ohio,L,Magenta,Winter,3.7,No,Store Pickup,No,No,20,PayPal,Every 3 Months,4,90,228,957.5999999999999,51-70,Low Engagement,Moderate
1941,50,Male,Hat,Accessories,89,Alaska,L,Gray,Fall,3.9,No,2-Day Shipping,No,No,48,PayPal,Fortnightly,26,14,2314,13606.32,36-50,Premium Loyalists,Very High
1942,55,Male,Shoes,Footwear,99,Vermont,XL,Peach,Winter,3.3,No,Standard,No,No,46,Credit Card,Quarterly,4,90,396,2280.96,51-70,Big-Ticket Occasionals,Moderate
1943,63,Male,Pants,Clothing,28,Alabama,M,Cyan,Fall,3.4,No,Express,No,No,22,PayPal,Monthly,12,30,336,1451.52,51-70,Habitual Budget Buyers,Moderate
1944,32,Male,Socks,Clothing,53,Wisconsin,L,Violet,Summer,3.8,No,Next Day Air,No,No,45,Cash,Annually,1,365,53,302.09999999999997,26-35,Low Engagement,Low
1945,30,Male,Hoodie,Clothing,45,Arkansas,M,Gold,Winter,2.7,No,Free Shipping,No,No,49,Cash,Every 3 Months,4,90,180,1069.2,26-35,Low Engagement,Moderate
1946,35,Male,Hoodie,Clothing,38,Georgia,M,Gold,Winter,2.9,No,2-Day Shipping,No,No,9,Credit Card,Every 3 Months,4,90,152,538.0799999999999,26-35,Low Engagement,Low
1947,59,Male,Pants,Clothing,49,Louisiana,M,White,Summer,4.5,No,Standard,No,No,41,Credit Card,Quarterly,4,90,196,1070.1599999999999,51-70,Low Engagement,Moderate
1948,59,Male,Shirt,Clothing,32,New York,M,Gray,Summer,2.6,No,Store Pickup,No,No,2,PayPal,Monthly,12,30,384,1198.08,51-70,Habitual Budget Buyers,Moderate
1949,54,Male,T-shirt,Clothing,37,Connecticut,L,Brown,Winter,3.1,No,Next Day Air,No,No,39,PayPal,Bi-Weekly,26,14,962,5137.08,51-70,Habitual Budget Buyers,High
1950,63,Male,Dress,Clothing,80,Nebraska,L,Gray,Winter,4.7,No,Store Pickup,No,No,12,PayPal,Quarterly,4,90,320,1190.4,51-70,Big-Ticket Occasionals,Moderate
1951,43,Male,Backpack,Accessories,78,Arkansas,L,Blue,Summer,4.6,No,Free Shipping,No,No,26,PayPal,Every 3 Months,4,90,312,1422.72,36-50,Big-Ticket Occasionals,Moderate
1952,33,Male,Gloves,Accessories,53,Connecticut,L,Gold,Summer,2.7,No,Next Day Air,No,No,32,Bank Transfer,Bi-Weekly,26,14,1378,6779.76,26-35,Habitual Budget Buyers,High
1953,57,Male,Shoes,Footwear,82,Maryland,L,Yellow,Summer,4.6,No,2-Day Shipping,No,No,50,Cash,Bi-Weekly,26,14,2132,12792.0,51-70,Premium Loyalists,Very High
1954,25,Male,Skirt,Clothing,33,Colorado,XL,Green,Spring,4.8,No,Standard,No,No,3,PayPal,Fortnightly,26,14,858,2728.44,18-25,Habitual Budget Buyers,High
1955,26,Male,Gloves,Accessories,77,Colorado,M,Pink,Winter,4.2,No,Free Shipping,No,No,3,Venmo,Quarterly,4,90,308,979.44,26-35,Big-Ticket Occasionals,Moderate
1956,50,Male,Hoodie,Clothing,56,Maine,M,Pink,Winter,4.9,No,Express,No,No,37,Cash,Monthly,12,30,672,3507.84,36-50,Habitual Budget Buyers,High
1957,70,Male,Socks,Clothing,37,Oklahoma,M,Pink,Winter,4.9,No,Express,No,No,20,Credit Card,Fortnightly,26,14,962,4040.3999999999996,51-70,Habitual Budget Buyers,High
1958,68,Male,Gloves,Accessories,54,South Carolina,M,Cyan,Spring,4.5,No,Store Pickup,No,No,26,Cash,Bi-Weekly,26,14,1404,6402.24,51-70,Habitual Budget Buyers,High
1959,39,Male,Shorts,Clothing,67,Nevada,M,Gray,Winter,2.7,No,Store Pickup,No,No,47,Cash,Quarterly,4,90,268,1559.76,36-50,Big-Ticket Occasionals,Moderate
1960,46,Male,Shoes,Footwear,90,Colorado,M,White,Fall,3.1,No,Store Pickup,No,No,7,Credit Card,Every 3 Months,4,90,360,1231.2,36-50,Big-Ticket Occasionals,Moderate
1961,57,Male,Jeans,Clothing,72,Massachusetts,L,Red,Summer,3.3,No,2-Day Shipping,No,No,40,Credit Card,Annually,1,365,72,388.8,51-70,Big-Ticket Occasionals,Low
1962,47,Male,Boots,Footwear,59,Nevada,L,Black,Summer,2.6,No,Free Shipping,No,No,45,Debit Card,Quarterly,4,90,236,1345.2,36-50,Low Engagement,Moderate
1963,40,Male,Hat,Accessories,45,Iowa,M,Silver,Fall,4.4,No,Standard,No,No,20,PayPal,Fortnightly,26,14,1170,4914.0,36-50,Habitual Budget Buyers,High
1964,52,Male,Shorts,Clothing,30,Michigan,L,Pink,Spring,3.9,No,Standard,No,No,11,Credit Card,Weekly,52,7,1560,5709.599999999999,51-70,Habitual Budget Buyers,High
1965,40,Male,Pants,Clothing,51,West Virginia,S,Cyan,Summer,4.6,No,Express,No,No,50,Debit Card,Monthly,12,30,612,3672.0,36-50,Habitual Budget Buyers,High
1966,67,Male,Sweater,Clothing,90,Indiana,M,White,Fall,4.9,No,Express,No,No,25,Debit Card,Quarterly,4,90,360,1620.0,51-70,Big-Ticket Occasionals,Moderate
1967,67,Male,Jacket,Outerwear,95,Indiana,XL,Purple,Winter,3.7,No,Express,No,No,5,Credit Card,Fortnightly,26,14,2470,8151.000000000001,51-70,Premium Loyalists,Very High
1968,37,Male,Dress,Clothing,81,Georgia,L,Yellow,Fall,3.7,No,Standard,No,No,4,Venmo,Annually,1,365,81,262.44,36-50,Big-Ticket Occasionals,Low
1969,67,Male,Shirt,Clothing,70,Minnesota,S,Blue,Spring,4.2,No,Standard,No,No,25,Credit Card,Weekly,52,7,3640,16380.0,51-70,Premium Loyalists,Very High
1970,64,Male,Dress,Clothing,32,Louisiana,S,Cyan,Winter,3.5,No,Next Day Air,No,No,11,Bank Transfer,Fortnightly,26,14,832,3045.12,51-70,Habitual Budget Buyers,High
1971,28,Male,Belt,Accessories,94,Maryland,M,Indigo,Spring,2.9,No,Next Day Air,No,No,4,Credit Card,Bi-Weekly,26,14,2444,7918.56,26-35,Premium Loyalists,Very High
1972,54,Male,Hat,Accessories,29,Pennsylvania,XL,Indigo,Spring,3.4,No,Next Day Air,No,No,1,Venmo,Monthly,12,30,348,1064.88,51-70,Habitual Budget Buyers,Moderate
1973,54,Male,Backpack,Accessories,31,Louisiana,M,Silver,Summer,3.3,No,Express,No,No,48,PayPal,Every 3 Months,4,90,124,729.12,51-70,Low Engagement,Low
1974,24,Male,Skirt,Clothing,20,Maryland,XL,Red,Fall,4.5,No,Standard,No,No,9,Venmo,Every 3 Months,4,90,80,283.2,18-25,Low Engagement,Low
1975,27,Male,Gloves,Accessories,44,Tennessee,M,Peach,Winter,4.6,No,2-Day Shipping,No,No,2,PayPal,Fortnightly,26,14,1144,3569.28,26-35,Habitual Budget Buyers,High
1976,53,Male,Jacket,Outerwear,77,Illinois,L,Turquoise,Fall,2.9,No,Express,No,No,4,Cash,Quarterly,4,90,308,997.9200000000001,51-70,Big-Ticket Occasionals,Moderate
1977,32,Male,Handbag,Accessories,51,Wyoming,M,Pink,Spring,3.2,No,Next Day Air,No,No,43,PayPal,Fortnightly,26,14,1326,7399.08,26-35,Habitual Budget Buyers,Very High
1978,24,Male,Sandals,Footwear,49,Florida,M,Teal,Summer,2.6,No,Free Shipping,No,No,32,Bank Transfer,Annually,1,365,49,241.08,18-25,Low Engagement,Low
1979,45,Male,Sunglasses,Accessories,78,Massachusetts,L,Magenta,Spring,3.8,No,Store Pickup,No,No,1,Cash,Quarterly,4,90,312,954.72,36-50,Big-Ticket Occasionals,Moderate
1980,49,Male,Jeans,Clothing,98,Tennessee,L,Blue,Spring,2.8,No,Store Pickup,No,No,38,Debit Card,Fortnightly,26,14,2548,13453.44,36-50,Premium Loyalists,Very High
1981,51,Male,Sandals,Footwear,94,Iowa,M,Green,Winter,4.4,No,Store Pickup,No,No,25,PayPal,Fortnightly,26,14,2444,10998.0,51-70,Premium Loyalists,Very High
1982,69,Male,Shoes,Footwear,91,Michigan,L,Violet,Summer,4.7,No,Express,No,No,42,PayPal,Quarterly,4,90,364,2009.2799999999997,51-70,Big-Ticket Occasionals,Moderate
1983,41,Male,Sunglasses,Accessories,77,Kansas,M,Turquoise,Summer,2.7,No,2-Day Shipping,No,No,32,PayPal,Monthly,12,30,924,4546.08,36-50,Premium Loyalists,High
1984,59,Male,Scarf,Accessories,97,Georgia,M,Pink,Summer,2.6,No,Next Day Air,No,No,21,Debit Card,Quarterly,4,90,388,1652.8799999999999,51-70,Big-Ticket Occasionals,Moderate
1985,26,Male,Skirt,Clothing,58,West Virginia,M,Black,Summer,3.4,No,2-Day Shipping,No,No,26,PayPal,Fortnightly,26,14,1508,6876.4800000000005,26-35,Habitual Budget Buyers,High
1986,23,Male,Gloves,Accessories,97,Tennessee,M,Gold,Spring,3.9,No,2-Day Shipping,No,No,6,Credit Card,Fortnightly,26,14,2522,8473.92,18-25,Premium Loyalists,Very High
1987,62,Male,Coat,Outerwear,48,Arkansas,L,Green,Summer,3.4,No,2-Day Shipping,No,No,14,Venmo,Quarterly,4,90,192,737.28,51-70,Low Engagement,Low
1988,69,Male,Belt,Accessories,23,Vermont,XL,White,Summer,3.4,No,Express,No,No,4,Cash,Quarterly,4,90,92,298.08000000000004,51-70,Low Engagement,Low
1989,46,Male,Pants,Clothing,79,Virginia,M,Gold,Winter,3.9,No,Free Shipping,No,No,26,Bank Transfer,Weekly,52,7,4108,18732.48,36-50,Premium Loyalists,Very High
1990,35,Male,Jewelry,Accessories,42,Maryland,S,Charcoal,Spring,4.0,No,Express,No,No,39,PayPal,Bi-Weekly,26,14,1092,5831.28,26-35,Habitual Budget Buyers,High
1991,32,Male,Backpack,Accessories,95,Connecticut,L,White,Spring,3.4,No,2-Day Shipping,No,No,15,PayPal,Annually,1,365,95,370.5,26-35,Big-Ticket Occasionals,Low
1992,46,Male,Sneakers,Footwear,29,Missouri,M,Brown,Summer,3.7,No,Next Day Air,No,No,1,Venmo,Every 3 Months,4,90,116,354.96,36-50,Low Engagement,Low
1993,33,Male,Hoodie,Clothing,98,New Jersey,L,Gold,Winter,4.9,No,2-Day Shipping,No,No,28,Venmo,Monthly,12,30,1176,5503.68,26-35,Premium Loyalists,High
1994,32,Male,Blouse,Clothing,96,Arkansas,S,Purple,Spring,5.0,No,Express,No,No,17,Cash,Weekly,52,7,4992,20067.84,26-35,Premium Loyalists,Very High
1995,33,Male,Sunglasses,Accessories,66,Nevada,M,Brown,Fall,2.9,No,Next Day Air,No,No,24,Credit Card,Weekly,52,7,3432,15238.08,26-35,Premium Loyalists,Very High
1996,67,Male,Boots,Footwear,80,Missouri,S,Teal,Spring,3.0,No,Standard,No,No,29,Debit Card,Quarterly,4,90,320,1516.8000000000002,51-70,Big-Ticket Occasionals,Moderate
1997,67,Male,Sneakers,Footwear,27,South Dakota,L,Indigo,Summer,3.3,No,Next Day Air,No,No,18,Cash,Every 3 Months,4,90,108,440.64,51-70,Low Engagement,Low
1998,42,Male,Backpack,Accessories,25,Connecticut,M,Purple,Fall,4.7,No,Express,No,No,10,Debit Card,Bi-Weekly,26,14,650,2340.0,36-50,Habitual Budget Buyers,Moderate
1999,20,Male,Pants,Clothing,45,Vermont,M,Orange,Fall,3.4,No,2-Day Shipping,No,No,19,Cash,Quarterly,4,90,180,745.1999999999999,18-25,Low Engagement,Low
2000,39,Male,Socks,Clothing,89,Tennessee,L,Indigo,Winter,4.6,No,2-Day Shipping,No,No,26,Debit Card,Monthly,12,30,1068,4870.08,36-50,Premium Loyalists,High
2001,26,Male,Belt,Accessories,27,California,M,Lavender,Winter,3.6,No,2-Day Shipping,No,No,25,Cash,Bi-Weekly,26,14,702,3159.0,26-35,Habitual Budget Buyers,High
2002,51,Male,Sunglasses,Accessories,90,Wyoming,S,Purple,Winter,2.6,No,Free Shipping,No,No,2,Debit Card,Fortnightly,26,14,2340,7300.8,51-70,Premium Loyalists,Very High
2003,31,Male,Shirt,Clothing,65,New York,M,Red,Summer,2.7,No,Express,No,No,19,PayPal,Every 3 Months,4,90,260,1076.3999999999999,26-35,Big-Ticket Occasionals,Moderate
2004,68,Male,Sneakers,Footwear,72,Maine,S,Blue,Spring,3.1,No,Express,No,No,32,Cash,Quarterly,4,90,288,1416.96,51-70,Big-Ticket Occasionals,Moderate
2005,44,Male,Shoes,Footwear,70,Georgia,L,Blue,Fall,3.2,No,2-Day Shipping,No,No,13,Cash,Bi-Weekly,26,14,1820,6879.6,36-50,Premium Loyalists,High
2006,18,Male,Sandals,Footwear,82,Tennessee,M,Cyan,Winter,3.4,No,Store Pickup,No,No,30,PayPal,Fortnightly,26,14,2132,10233.6,18-25,Premium Loyalists,Very High
2007,58,Male,Scarf,Accessories,97,New Mexico,S,Pink,Fall,4.4,No,Express,No,No,2,Credit Card,Annually,1,365,97,302.64,51-70,Big-Ticket Occasionals,Low
2008,26,Male,Shirt,Clothing,25,Virginia,M,Silver,Summer,3.2,No,2-Day Shipping,No,No,8,PayPal,Quarterly,4,90,100,348.0,26-35,Low Engagement,Low
2009,57,Male,Skirt,Clothing,48,Florida,M,Gray,Spring,2.5,No,Free Shipping,No,No,27,PayPal,Every 3 Months,4,90,192,887.04,51-70,Low Engagement,Moderate
2010,37,Male,Boots,Footwear,99,Alabama,M,Indigo,Summer,3.8,No,Next Day Air,No,No,26,Venmo,Bi-Weekly,26,14,2574,11737.44,36-50,Premium Loyalists,Very High
2011,24,Male,Sweater,Clothing,21,Texas,M,Maroon,Summer,4.4,No,2-Day Shipping,No,No,3,Debit Card,Bi-Weekly,26,14,546,1736.2800000000002,18-25,Habitual Budget Buyers,Moderate
2012,57,Male,Sandals,Footwear,94,West Virginia,M,Beige,Spring,3.7,No,Express,No,No,4,Bank Transfer,Monthly,12,30,1128,3654.7200000000003,51-70,Premium Loyalists,High
2013,48,Male,Jeans,Clothing,53,Nevada,L,Green,Fall,3.2,No,Store Pickup,No,No,5,Cash,Fortnightly,26,14,1378,4547.400000000001,36-50,Habitual Budget Buyers,High
2014,39,Male,Backpack,Accessories,70,Virginia,M,Peach,Winter,4.9,No,Standard,No,No,25,Debit Card,Quarterly,4,90,280,1260.0,36-50,Big-Ticket Occasionals,Moderate
2015,51,Male,Skirt,Clothing,26,Wisconsin,L,Black,Summer,3.9,No,Standard,No,No,47,PayPal,Bi-Weekly,26,14,676,3934.3199999999997,51-70,Habitual Budget Buyers,High
2016,57,Male,Belt,Accessories,82,Virginia,S,Pink,Summer,4.5,No,Next Day Air,No,No,8,Credit Card,Fortnightly,26,14,2132,7419.36,51-70,Premium Loyalists,Very High
2017,53,Male,Shoes,Footwear,47,Maine,S,Violet,Winter,3.4,No,Standard,No,No,20,Debit Card,Fortnightly,26,14,1222,5132.4,51-70,Habitual Budget Buyers,High
2018,70,Male,Socks,Clothing,32,Massachusetts,S,Green,Winter,4.1,No,Next Day Air,No,No,42,Bank Transfer,Every 3 Months,4,90,128,706.56,51-70,Low Engagement,Low
2019,60,Male,Backpack,Accessories,97,Arkansas,S,Gold,Fall,4.5,No,Store Pickup,No,No,20,Bank Transfer,Weekly,52,7,5044,21184.8,51-70,Premium Loyalists,Very High
2020,31,Male,Shirt,Clothing,68,Idaho,S,Red,Winter,4.7,No,Store Pickup,No,No,23,Cash,Fortnightly,26,14,1768,7743.84,26-35,Premium Loyalists,Very High
2021,41,Male,Sweater,Clothing,23,Pennsylvania,M,Beige,Winter,4.8,No,Next Day Air,No,No,26,Cash,Quarterly,4,90,92,419.52,36-50,Low Engagement,Low
2022,62,Male,Handbag,Accessories,33,Maine,M,Green,Winter,4.4,No,Standard,No,No,48,Venmo,Quarterly,4,90,132,776.16,51-70,Low Engagement,Low
2023,59,Male,Jewelry,Accessories,38,Alabama,S,Black,Winter,4.0,No,Store Pickup,No,No,16,Cash,Bi-Weekly,26,14,988,3912.48,51-70,Habitual Budget Buyers,High
2024,46,Male,Socks,Clothing,68,Idaho,S,Teal,Winter,4.1,No,Store Pickup,No,No,28,Cash,Bi-Weekly,26,14,1768,8274.24,36-50,Premium Loyalists,Very High
2025,62,Male,Socks,Clothing,23,Arkansas,L,Silver,Fall,3.7,No,Express,No,No,39,PayPal,Weekly,52,7,1196,6386.64,51-70,Habitual Budget Buyers,High
2026,42,Male,Shirt,Clothing,29,Delaware,M,Turquoise,Summer,3.0,No,Express,No,No,43,Debit Card,Fortnightly,26,14,754,4207.32,36-50,Habitual Budget Buyers,High
2027,37,Male,Scarf,Accessories,35,Maine,M,Orange,Winter,3.6,No,Express,No,No,45,Bank Transfer,Every 3 Months,4,90,140,798.0,36-50,Low Engagement,Low
2028,50,Male,Shoes,Footwear,73,Nebraska,S,Gold,Fall,4.8,No,Standard,No,No,50,Credit Card,Every 3 Months,4,90,292,1752.0,36-50,Big-Ticket Occasionals,Moderate
2029,29,Male,Shoes,Footwear,84,Ohio,XL,Purple,Fall,3.7,No,2-Day Shipping,No,No,10,Venmo,Bi-Weekly,26,14,2184,7862.4,26-35,Premium Loyalists,Very High
2030,25,Male,Scarf,Accessories,23,Montana,M,Pink,Spring,4.6,No,Next Day Air,No,No,40,PayPal,Quarterly,4,90,92,496.8,18-25,Low Engagement,Low
2031,66,Male,Sunglasses,Accessories,67,New Mexico,S,Green,Summer,2.8,No,Standard,No,No,38,Credit Card,Monthly,12,30,804,4245.12,51-70,Premium Loyalists,High
2032,21,Male,Socks,Clothing,51,North Carolina,L,Charcoal,Spring,4.0,No,Standard,No,No,2,Credit Card,Monthly,12,30,612,1909.44,18-25,Habitual Budget Buyers,Moderate
2033,46,Male,Blouse,Clothing,36,South Carolina,M,Maroon,Winter,4.2,No,Next Day Air,No,No,13,Cash,Annually,1,365,36,136.08,36-50,Low Engagement,Low
2034,57,Male,Jeans,Clothing,55,Illinois,L,Olive,Summer,3.6,No,Express,No,No,33,Venmo,Annually,1,365,55,273.90000000000003,51-70,Low Engagement,Low
2035,61,Male,Shorts,Clothing,30,Alabama,M,Peach,Spring,2.9,No,Store Pickup,No,No,27,PayPal,Monthly,12,30,360,1663.2,51-70,Habitual Budget Buyers,Moderate
2036,53,Male,T-shirt,Clothing,70,Oklahoma,S,Yellow,Summer,4.1,No,Express,No,No,43,Bank Transfer,Weekly,52,7,3640,20311.199999999997,51-70,Premium Loyalists,Very High
2037,37,Male,Blouse,Clothing,63,Minnesota,S,Lavender,Winter,3.1,No,Next Day Air,No,No,46,Cash,Weekly,52,7,3276,18869.76,36-50,Premium Loyalists,Very High
2038,39,Male,Belt,Accessories,87,Illinois,S,Green,Summer,4.3,No,Express,No,No,7,Venmo,Bi-Weekly,26,14,2262,7736.040000000001,36-50,Premium Loyalists,Very High
2039,53,Male,Blouse,Clothing,70,Arkansas,L,Orange,Spring,4.4,No,Next Day Air,No,No,35,Credit Card,Fortnightly,26,14,1820,9282.0,51-70,Premium Loyalists,Very High
2040,35,Male,T-shirt,Clothing,51,Minnesota,M,Olive,Spring,3.1,No,Next Day Air,No,No,31,Debit Card,Bi-Weekly,26,14,1326,6444.360000000001,26-35,Habitual Budget Buyers,High
2041,69,Male,Jewelry,Accessories,25,South Carolina,XL,Gray,Spring,2.9,No,Free Shipping,No,No,42,Venmo,Quarterly,4,90,100,552.0,51-70,Low Engagement,Low
2042,66,Male,Jacket,Outerwear,32,New York,S,Lavender,Winter,3.2,No,Next Day Air,No,No,14,PayPal,Bi-Weekly,26,14,832,3194.88,51-70,Habitual Budget Buyers,High
2043,19,Male,Shoes,Footwear,52,Alabama,M,Red,Spring,4.0,No,2-Day Shipping,No,No,35,Venmo,Monthly,12,30,624,3182.4,18-25,Habitual Budget Buyers,High
2044,47,Male,Gloves,Accessories,33,New York,M,Charcoal,Summer,2.7,No,Standard,No,No,49,PayPal,Weekly,52,7,1716,10193.039999999999,36-50,Habitual Budget Buyers,Very High
2045,49,Male,Jeans,Clothing,68,Missouri,L,Orange,Spring,3.0,No,Free Shipping,No,No,17,PayPal,Fortnightly,26,14,1768,7107.360000000001,36-50,Premium Loyalists,High
2046,31,Male,Jewelry,Accessories,20,Georgia,M,Red,Fall,4.4,No,Express,No,No,26,PayPal,Quarterly,4,90,80,364.8,26-35,Low Engagement,Low
2047,39,Male,Pants,Clothing,32,Oklahoma,M,Maroon,Winter,2.8,No,Free Shipping,No,No,30,Cash,Every 3 Months,4,90,128,614.4000000000001,36-50,Low Engagement,Low
2048,58,Male,Jewelry,Accessories,82,Connecticut,M,Silver,Summer,3.1,No,Store Pickup,No,No,32,Cash,Annually,1,365,82,403.44000000000005,51-70,Big-Ticket Occasionals,Low
2049,45,Male,Sneakers,Footwear,64,Michigan,XL,Pink,Winter,3.9,No,Express,No,No,35,Bank Transfer,Quarterly,4,90,256,1305.6,36-50,Big-Ticket Occasionals,Moderate
2050,68,Male,Boots,Footwear,24,Rhode Island,L,Blue,Fall,2.7,No,Standard,No,No,15,Venmo,Annually,1,365,24,93.60000000000001,51-70,Low Engagement,Low
2051,35,Male,Hat,Accessories,96,Mississippi,M,Teal,Summer,3.4,No,Store Pickup,No,No,10,Debit Card,Annually,1,365,96,345.59999999999997,26-35,Big-Ticket Occasionals,Low
2052,65,Male,T-shirt,Clothing,94,Massachusetts,L,Black,Spring,3.8,No,Free Shipping,No,No,14,Credit Card,Monthly,12,30,1128,4331.52,51-70,Premium Loyalists,High
2053,45,Male,Backpack,Accessories,48,New Hampshire,M,Gray,Winter,3.7,No,2-Day Shipping,No,No,30,Bank Transfer,Annually,1,365,48,230.4,36-50,Low Engagement,Low
2054,19,Male,Sunglasses,Accessories,60,Wyoming,S,Purple,Spring,4.5,No,2-Day Shipping,No,No,16,Credit Card,Fortnightly,26,14,1560,6177.6,18-25,Habitual Budget Buyers,High
2055,65,Male,Sweater,Clothing,56,New Jersey,XL,Gold,Spring,2.9,No,Express,No,No,14,PayPal,Annually,1,365,56,215.04,51-70,Low Engagement,Low
2056,28,Male,Handbag,Accessories,33,Texas,M,Silver,Fall,3.4,No,2-Day Shipping,No,No,28,Bank Transfer,Weekly,52,7,1716,8030.88,26-35,Habitual Budget Buyers,Very High
2057,55,Male,Backpack,Accessories,46,Minnesota,L,Blue,Spring,4.4,No,2-Day Shipping,No,No,29,PayPal,Monthly,12,30,552,2616.48,51-70,Habitual Budget Buyers,High
2058,66,Male,Socks,Clothing,37,South Dakota,L,Yellow,Spring,4.2,No,Standard,No,No,5,PayPal,Every 3 Months,4,90,148,488.40000000000003,51-70,Low Engagement,Low
2059,29,Male,Shirt,Clothing,98,Washington,M,Brown,Winter,3.3,No,Store Pickup,No,No,17,Bank Transfer,Quarterly,4,90,392,1575.8400000000001,26-35,Big-Ticket Occasionals,Moderate
2060,56,Male,Shorts,Clothing,50,California,XL,Beige,Spring,3.7,No,Express,No,No,50,PayPal,Weekly,52,7,2600,15600.0,51-70,Habitual Budget Buyers,Very High
2061,21,Male,Belt,Accessories,63,Wisconsin,M,Blue,Fall,3.2,No,Next Day Air,No,No,23,Bank Transfer,Quarterly,4,90,252,1103.76,18-25,Big-Ticket Occasionals,Moderate
2062,32,Male,Sweater,Clothing,70,Michigan,S,Magenta,Summer,2.6,No,Store Pickup,No,No,22,Debit Card,Annually,1,365,70,302.4,26-35,Big-Ticket Occasionals,Low
2063,54,Male,Coat,Outerwear,63,South Carolina,L,Silver,Fall,2.8,No,Standard,No,No,15,Cash,Quarterly,4,90,252,982.8000000000001,51-70,Big-Ticket Occasionals,Moderate
2064,61,Male,Shorts,Clothing,86,Indiana,M,Cyan,Fall,2.9,No,Standard,No,No,32,Cash,Monthly,12,30,1032,5077.4400000000005,51-70,Premium Loyalists,High
2065,31,Male,Shoes,Footwear,99,Arkansas,M,Green,Summer,4.0,No,2-Day Shipping,No,No,5,Bank Transfer,Monthly,12,30,1188,3920.4,26-35,Premium Loyalists,High
2066,27,Male,Sneakers,Footwear,40,Oregon,M,Blue,Spring,2.9,No,Free Shipping,No,No,6,Bank Transfer,Bi-Weekly,26,14,1040,3494.4000000000005,26-35,Habitual Budget Buyers,High
2067,64,Male,Sneakers,Footwear,92,Illinois,M,Olive,Fall,4.7,No,Store Pickup,No,No,44,Debit Card,Fortnightly,26,14,2392,13490.88,51-70,Premium Loyalists,Very High
2068,60,Male,Pants,Clothing,21,Maryland,XL,Beige,Fall,3.1,No,2-Day Shipping,No,No,23,Cash,Fortnightly,26,14,546,2391.48,51-70,Habitual Budget Buyers,Moderate
2069,70,Male,Jewelry,Accessories,81,Vermont,XL,Black,Summer,3.9,No,Store Pickup,No,No,44,Venmo,Monthly,12,30,972,5482.08,51-70,Premium Loyalists,High
2070,36,Male,T-shirt,Clothing,82,Texas,M,Indigo,Fall,3.4,No,Free Shipping,No,No,3,Debit Card,Quarterly,4,90,328,1043.04,36-50,Big-Ticket Occasionals,Moderate
2071,56,Male,Jewelry,Accessories,88,Nebraska,XL,Red,Spring,3.1,No,Express,No,No,14,Cash,Monthly,12,30,1056,4055.04,51-70,Premium Loyalists,High
2072,69,Male,Jacket,Outerwear,100,South Carolina,S,Yellow,Fall,4.8,No,Store Pickup,No,No,37,PayPal,Quarterly,4,90,400,2088.0,51-70,Big-Ticket Occasionals,Moderate
2073,39,Male,Backpack,Accessories,66,Massachusetts,M,Beige,Winter,3.9,No,Next Day Air,No,No,22,Bank Transfer,Weekly,52,7,3432,14826.24,36-50,Premium Loyalists,Very High
2074,38,Male,Belt,Accessories,25,Texas,S,Green,Winter,3.5,No,Next Day Air,No,No,2,PayPal,Every 3 Months,4,90,100,312.0,36-50,Low Engagement,Low
2075,36,Male,Scarf,Accessories,53,Florida,M,White,Summer,3.1,No,Free Shipping,No,No,44,Debit Card,Fortnightly,26,14,1378,7771.919999999999,36-50,Habitual Budget Buyers,Very High
2076,46,Male,Sweater,Clothing,28,South Carolina,S,Turquoise,Fall,4.7,No,Express,No,No,49,Debit Card,Monthly,12,30,336,1995.84,36-50,Habitual Budget Buyers,Moderate
2077,59,Male,Gloves,Accessories,23,Florida,S,Indigo,Fall,4.6,No,Free Shipping,No,No,22,Debit Card,Bi-Weekly,26,14,598,2583.36,51-70,Habitual Budget Buyers,High
2078,64,Male,Scarf,Accessories,34,Nebraska,L,Orange,Fall,3.3,No,Free Shipping,No,No,26,Bank Transfer,Annually,1,365,34,155.04,51-70,Low Engagement,Low
2079,49,Male,Dress,Clothing,42,Hawaii,M,Blue,Spring,3.2,No,Next Day Air,No,No,40,Debit Card,Weekly,52,7,2184,11793.6,36-50,Habitual Budget Buyers,Very High
2080,32,Male,Jeans,Clothing,24,Montana,L,Violet,Summer,3.1,No,Next Day Air,No,No,16,PayPal,Quarterly,4,90,96,380.16,26-35,Low Engagement,Low
2081,29,Male,Sunglasses,Accessories,47,South Dakota,S,Gray,Fall,3.5,No,Free Shipping,No,No,17,Debit Card,Bi-Weekly,26,14,1222,4912.4400000000005,26-35,Habitual Budget Buyers,High
2082,24,Male,Coat,Outerwear,78,Alabama,S,Cyan,Spring,4.3,No,Standard,No,No,48,Bank Transfer,Bi-Weekly,26,14,2028,11924.64,18-25,Premium Loyalists,Very High
2083,41,Male,Jeans,Clothing,89,Arkansas,M,Yellow,Summer,2.9,No,Free Shipping,No,No,28,Venmo,Every 3 Months,4,90,356,1666.0800000000002,36-50,Big-Ticket Occasionals,Moderate
2084,41,Male,Scarf,Accessories,59,Mississippi,L,Orange,Fall,2.7,No,Store Pickup,No,No,26,Credit Card,Fortnightly,26,14,1534,6995.04,36-50,Habitual Budget Buyers,High
2085,32,Male,Blouse,Clothing,94,Vermont,S,Brown,Summer,4.0,No,Standard,No,No,43,Bank Transfer,Quarterly,4,90,376,2098.08,26-35,Big-Ticket Occasionals,Moderate
2086,69,Male,Jeans,Clothing,49,New York,M,Teal,Fall,4.6,No,Free Shipping,No,No,38,Debit Card,Weekly,52,7,2548,13453.44,51-70,Habitual Budget Buyers,Very High
2087,65,Male,Dress,Clothing,89,North Dakota,L,Beige,Summer,4.7,No,2-Day Shipping,No,No,36,Cash,Every 3 Months,4,90,356,1836.96,51-70,Big-Ticket Occasionals,Moderate
2088,54,Male,Hat,Accessories,91,Wisconsin,M,Blue,Summer,4.7,No,Standard,No,No,1,Credit Card,Weekly,52,7,4732,14479.92,51-70,Premium Loyalists,Very High
2089,39,Male,Sandals,Footwear,89,California,L,Orange,Spring,4.0,No,Standard,No,No,49,Debit Card,Annually,1,365,89,528.66,36-50,Big-Ticket Occasionals,Low
2090,37,Male,Jacket,Outerwear,57,Maryland,L,Gold,Spring,3.6,No,Free Shipping,No,No,41,Credit Card,Every 3 Months,4,90,228,1244.8799999999999,36-50,Low Engagement,Moderate
2091,51,Male,Socks,Clothing,71,Massachusetts,S,Teal,Winter,3.4,No,Free Shipping,No,No,21,Debit Card,Monthly,12,30,852,3629.52,51-70,Premium Loyalists,High
2092,26,Male,Jeans,Clothing,97,Washington,XL,Beige,Fall,3.0,No,Next Day Air,No,No,24,Bank Transfer,Quarterly,4,90,388,1722.72,26-35,Big-Ticket Occasionals,Moderate
2093,42,Male,Sandals,Footwear,45,Minnesota,M,Silver,Fall,2.6,No,Next Day Air,No,No,27,Bank Transfer,Weekly,52,7,2340,10810.800000000001,36-50,Habitual Budget Buyers,Very High
2094,21,Male,Dress,Clothing,91,Washington,M,Maroon,Spring,4.2,No,Store Pickup,No,No,4,Debit Card,Annually,1,365,91,294.84000000000003,18-25,Big-Ticket Occasionals,Low
2095,53,Male,Socks,Clothing,25,South Carolina,M,Indigo,Spring,3.4,No,Standard,No,No,19,Venmo,Annually,1,365,25,103.49999999999999,51-70,Low Engagement,Low
2096,36,Male,Hoodie,Clothing,63,New Mexico,M,Gray,Fall,4.0,No,Store Pickup,No,No,1,Bank Transfer,Fortnightly,26,14,1638,5012.28,36-50,Premium Loyalists,High
2097,21,Male,Dress,Clothing,52,North Carolina,L,Blue,Summer,4.7,No,Free Shipping,No,No,27,Debit Card,Annually,1,365,52,240.24,18-25,Low Engagement,Low
2098,33,Male,Sneakers,Footwear,43,Iowa,S,Cyan,Winter,3.9,No,Next Day Air,No,No,5,Credit Card,Weekly,52,7,2236,7378.8,26-35,Habitual Budget Buyers,Very High
2099,49,Male,T-shirt,Clothing,28,Louisiana,M,White,Summer,3.3,No,2-Day Shipping,No,No,20,Venmo,Quarterly,4,90,112,470.4,36-50,Low Engagement,Low
2100,31,Male,T-shirt,Clothing,78,Oklahoma,L,Green,Summer,2.9,No,Express,No,No,50,PayPal,Annually,1,365,78,468.0,26-35,Big-Ticket Occasionals,Low
2101,68,Male,Sweater,Clothing,31,Michigan,M,Silver,Spring,4.4,No,Free Shipping,No,No,36,Cash,Fortnightly,26,14,806,4158.96,51-70,Habitual Budget Buyers,High
2102,49,Male,Shirt,Clothing,23,Oregon,M,Blue,Winter,3.6,No,Next Day Air,No,No,12,Bank Transfer,Bi-Weekly,26,14,598,2224.56,36-50,Habitual Budget Buyers,Moderate
2103,23,Male,Hat,Accessories,25,Idaho,M,Brown,Spring,4.5,No,Store Pickup,No,No,23,Cash,Monthly,12,30,300,1314.0,18-25,Habitual Budget Buyers,Moderate
2104,30,Male,Pants,Clothing,86,Indiana,S,Red,Summer,3.7,No,Store Pickup,No,No,21,Venmo,Weekly,52,7,4472,19050.719999999998,26-35,Premium Loyalists,Very High
2105,53,Male,Shoes,Footwear,88,New Mexico,M,Gold,Spring,2.8,No,Free Shipping,No,No,47,Venmo,Weekly,52,7,4576,26632.32,51-70,Premium Loyalists,Very High
2106,65,Male,Gloves,Accessories,35,South Carolina,M,Silver,Spring,4.5,No,Free Shipping,No,No,38,Venmo,Bi-Weekly,26,14,910,4804.8,51-70,Habitual Budget Buyers,High
2107,60,Male,Jewelry,Accessories,34,Vermont,M,Gray,Fall,4.4,No,Standard,No,No,40,Credit Card,Every 3 Months,4,90,136,734.4,51-70,Low Engagement,Low
2108,46,Male,Pants,Clothing,75,Delaware,M,Black,Winter,3.3,No,Standard,No,No,35,PayPal,Quarterly,4,90,300,1530.0,36-50,Big-Ticket Occasionals,Moderate
2109,54,Male,Hoodie,Clothing,46,North Dakota,XL,Beige,Winter,4.2,No,Express,No,No,4,Credit Card,Quarterly,4,90,184,596.1600000000001,51-70,Low Engagement,Low
2110,59,Male,Jewelry,Accessories,31,California,L,Peach,Fall,2.7,No,Free Shipping,No,No,28,Venmo,Every 3 Months,4,90,124,580.32,51-70,Low Engagement,Low
2111,52,Male,Socks,Clothing,93,Montana,L,Cyan,Spring,3.9,No,Store Pickup,No,No,36,Debit Card,Every 3 Months,4,90,372,1919.52,51-70,Big-Ticket Occasionals,Moderate
2112,41,Male,Sunglasses,Accessories,85,Missouri,XL,Pink,Spring,2.6,No,Free Shipping,No,No,15,Bank Transfer,Annually,1,365,85,331.5,36-50,Big-Ticket Occasionals,Low
2113,43,Male,Belt,Accessories,68,Tennessee,M,Lavender,Fall,4.5,No,2-Day Shipping,No,No,7,Cash,Fortnightly,26,14,1768,6046.56,36-50,Premium Loyalists,High
2114,63,Male,Dress,Clothing,40,Virginia,M,Brown,Spring,2.7,No,Store Pickup,No,No,29,PayPal,Every 3 Months,4,90,160,758.4000000000001,51-70,Low Engagement,Low
2115,37,Male,Shirt,Clothing,51,Vermont,M,Magenta,Winter,2.9,No,Standard,No,No,12,Debit Card,Annually,1,365,51,189.72,36-50,Low Engagement,Low
2116,44,Male,Scarf,Accessories,85,Rhode Island,M,Violet,Winter,3.4,No,Store Pickup,No,No,16,Bank Transfer,Bi-Weekly,26,14,2210,8751.6,36-50,Premium Loyalists,Very High
2117,67,Male,Jacket,Outerwear,23,Kansas,M,Teal,Summer,2.9,No,Express,No,No,50,Debit Card,Bi-Weekly,26,14,598,3588.0,51-70,Habitual Budget Buyers,High
2118,27,Male,Dress,Clothing,28,Colorado,L,Brown,Summer,3.8,No,Free Shipping,No,No,11,Debit Card,Annually,1,365,28,102.48,26-35,Low Engagement,Low
2119,60,Male,Socks,Clothing,44,Georgia,M,Olive,Fall,4.2,No,2-Day Shipping,No,No,28,Debit Card,Quarterly,4,90,176,823.6800000000001,51-70,Low Engagement,Low
2120,58,Male,Jewelry,Accessories,57,Nebraska,M,Indigo,Spring,3.5,No,Store Pickup,No,No,36,Venmo,Bi-Weekly,26,14,1482,7647.12,51-70,Habitual Budget Buyers,Very High
2121,53,Male,Scarf,Accessories,98,Missouri,S,Red,Fall,3.1,No,Next Day Air,No,No,38,PayPal,Quarterly,4,90,392,2069.76,51-70,Big-Ticket Occasionals,Moderate
2122,43,Male,Backpack,Accessories,68,Alaska,M,Olive,Winter,3.5,No,2-Day Shipping,No,No,32,Bank Transfer,Monthly,12,30,816,4014.7200000000003,36-50,Premium Loyalists,High
2123,32,Male,Jacket,Outerwear,36,Virginia,L,Teal,Fall,4.0,No,Express,No,No,42,Debit Card,Weekly,52,7,1872,10333.439999999999,26-35,Habitual Budget Buyers,Very High
2124,54,Male,Coat,Outerwear,71,Nebraska,L,Cyan,Spring,3.7,No,Express,No,No,22,Debit Card,Bi-Weekly,26,14,1846,7974.719999999999,51-70,Premium Loyalists,Very High
2125,47,Male,Skirt,Clothing,60,Rhode Island,M,Teal,Fall,4.2,No,Next Day Air,No,No,22,Venmo,Quarterly,4,90,240,1036.8,36-50,Low Engagement,Moderate
2126,57,Male,Coat,Outerwear,87,New Hampshire,M,Beige,Fall,4.8,No,Store Pickup,No,No,31,PayPal,Quarterly,4,90,348,1691.2800000000002,51-70,Big-Ticket Occasionals,Moderate
2127,63,Male,Shoes,Footwear,38,Alabama,XL,Magenta,Winter,4.1,No,Express,No,No,28,Credit Card,Monthly,12,30,456,2134.08,51-70,Habitual Budget Buyers,Moderate
2128,70,Male,Boots,Footwear,45,North Carolina,M,Indigo,Spring,4.5,No,2-Day Shipping,No,No,40,Debit Card,Weekly,52,7,2340,12636.0,51-70,Habitual Budget Buyers,Very High
2129,62,Male,Coat,Outerwear,47,New Mexico,L,Cyan,Fall,2.7,No,2-Day Shipping,No,No,21,PayPal,Weekly,52,7,2444,10411.439999999999,51-70,Habitual Budget Buyers,Very High
2130,40,Male,Skirt,Clothing,57,Minnesota,L,Orange,Fall,2.8,No,Store Pickup,No,No,12,PayPal,Every 3 Months,4,90,228,848.16,36-50,Low Engagement,Low
2131,25,Male,Backpack,Accessories,68,Arizona,L,Violet,Summer,3.7,No,Free Shipping,No,No,33,Credit Card,Annually,1,365,68,338.64000000000004,18-25,Big-Ticket Occasionals,Low
2132,19,Male,Shorts,Clothing,52,Montana,M,Red,Fall,3.6,No,Express,No,No,9,Bank Transfer,Fortnightly,26,14,1352,4786.08,18-25,Habitual Budget Buyers,High
2133,25,Male,Skirt,Clothing,87,Vermont,M,Magenta,Fall,4.7,No,2-Day Shipping,No,No,15,Debit Card,Weekly,52,7,4524,17643.600000000002,18-25,Premium Loyalists,Very High
2134,21,Male,Hat,Accessories,34,Maine,M,Olive,Summer,3.8,No,Standard,No,No,13,Bank Transfer,Annually,1,365,34,128.52,18-25,Low Engagement,Low
2135,55,Male,Sandals,Footwear,41,Virginia,XL,Maroon,Winter,2.9,No,Standard,No,No,35,Credit Card,Fortnightly,26,14,1066,5436.599999999999,51-70,Habitual Budget Buyers,High
2136,34,Male,Sunglasses,Accessories,94,California,S,Yellow,Winter,4.6,No,Next Day Air,No,No,1,Debit Card,Every 3 Months,4,90,376,1150.56,26-35,Big-Ticket Occasionals,Moderate
2137,47,Male,Sunglasses,Accessories,93,New York,M,Red,Summer,2.8,No,Standard,No,No,25,Bank Transfer,Fortnightly,26,14,2418,10881.0,36-50,Premium Loyalists,Very High
2138,27,Male,Socks,Clothing,51,Indiana,XL,Purple,Winter,4.6,No,2-Day Shipping,No,No,20,Credit Card,Every 3 Months,4,90,204,856.8,26-35,Low Engagement,Low
2139,67,Male,Sweater,Clothing,42,Mississippi,M,Teal,Fall,2.8,No,Next Day Air,No,No,36,Venmo,Quarterly,4,90,168,866.88,51-70,Low Engagement,Moderate
2140,40,Male,Boots,Footwear,95,New York,M,Red,Winter,3.0,No,Free Shipping,No,No,33,Cash,Weekly,52,7,4940,24601.2,36-50,Premium Loyalists,Very High
2141,53,Male,Handbag,Accessories,90,New Mexico,M,Brown,Fall,3.7,No,Standard,No,No,36,Cash,Fortnightly,26,14,2340,12074.4,51-70,Premium Loyalists,Very High
2142,24,Male,Dress,Clothing,98,Kentucky,M,Peach,Winter,4.1,No,2-Day Shipping,No,No,32,PayPal,Annually,1,365,98,482.16,18-25,Big-Ticket Occasionals,Low
2143,47,Male,Hat,Accessories,39,North Dakota,M,Maroon,Winter,4.3,No,Next Day Air,No,No,21,Venmo,Quarterly,4,90,156,664.56,36-50,Low Engagement,Low
2144,53,Male,Sandals,Footwear,66,Arkansas,L,Red,Fall,3.8,No,Next Day Air,No,No,48,Venmo,Bi-Weekly,26,14,1716,10090.08,51-70,Premium Loyalists,Very High
2145,47,Male,Shoes,Footwear,23,Maryland,L,Orange,Winter,3.7,No,Free Shipping,No,No,25,PayPal,Quarterly,4,90,92,414.0,36-50,Low Engagement,Low
2146,38,Male,Skirt,Clothing,73,Connecticut,S,White,Winter,4.8,No,Standard,No,No,32,PayPal,Annually,1,365,73,359.16,36-50,Big-Ticket Occasionals,Low
2147,48,Male,Sunglasses,Accessories,23,Utah,XL,White,Summer,4.6,No,Standard,No,No,45,PayPal,Every 3 Months,4,90,92,524.4,36-50,Low Engagement,Low
2148,47,Male,Skirt,Clothing,43,Missouri,S,Charcoal,Fall,4.8,No,Standard,No,No,4,Cash,Fortnightly,26,14,1118,3622.32,36-50,Habitual Budget Buyers,High
2149,19,Male,T-shirt,Clothing,45,Nebraska,XL,Turquoise,Winter,4.6,No,2-Day Shipping,No,No,19,PayPal,Bi-Weekly,26,14,1170,4843.799999999999,18-25,Habitual Budget Buyers,High
2150,38,Male,Sandals,Footwear,21,Hawaii,L,Orange,Winter,4.0,No,Standard,No,No,1,Bank Transfer,Weekly,52,7,1092,3341.52,36-50,Habitual Budget Buyers,High
2151,57,Male,Shirt,Clothing,40,Illinois,M,Orange,Spring,2.6,No,2-Day Shipping,No,No,12,Cash,Weekly,52,7,2080,7737.6,51-70,Habitual Budget Buyers,Very High
2152,70,Male,Jeans,Clothing,58,Vermont,L,Brown,Fall,2.6,No,2-Day Shipping,No,No,18,Venmo,Monthly,12,30,696,2839.68,51-70,Habitual Budget Buyers,High
2153,38,Male,Shorts,Clothing,48,New Jersey,L,Magenta,Summer,4.5,No,Next Day Air,No,No,43,Bank Transfer,Bi-Weekly,26,14,1248,6963.839999999999,36-50,Habitual Budget Buyers,High
2154,35,Male,Shirt,Clothing,94,Kentucky,M,Violet,Fall,4.2,No,Free Shipping,No,No,31,PayPal,Annually,1,365,94,456.84000000000003,26-35,Big-Ticket Occasionals,Low
2155,46,Male,Scarf,Accessories,74,Wyoming,M,Violet,Spring,3.4,No,Store Pickup,No,No,33,Cash,Every 3 Months,4,90,296,1474.0800000000002,36-50,Big-Ticket Occasionals,Moderate
2156,32,Male,Handbag,Accessories,51,Hawaii,L,Yellow,Fall,3.7,No,Store Pickup,No,No,46,PayPal,Monthly,12,30,612,3525.12,26-35,Habitual Budget Buyers,High
2157,38,Male,Skirt,Clothing,83,Missouri,M,Maroon,Winter,3.6,No,Next Day Air,No,No,41,Debit Card,Bi-Weekly,26,14,2158,11782.679999999998,36-50,Premium Loyalists,Very High
2158,41,Male,Handbag,Accessories,68,Mississippi,L,Turquoise,Winter,4.0,No,Next Day Air,No,No,41,Venmo,Fortnightly,26,14,1768,9653.279999999999,36-50,Premium Loyalists,Very High
2159,19,Male,Gloves,Accessories,84,Massachusetts,XL,Olive,Spring,4.6,No,Standard,No,No,9,Bank Transfer,Fortnightly,26,14,2184,7731.36,18-25,Premium Loyalists,Very High
2160,18,Male,Shirt,Clothing,58,Louisiana,M,Peach,Fall,3.0,No,Free Shipping,No,No,34,Cash,Annually,1,365,58,292.32000000000005,18-25,Low Engagement,Low
2161,45,Male,Blouse,Clothing,92,West Virginia,L,Charcoal,Winter,3.3,No,Express,No,No,21,PayPal,Annually,1,365,92,391.91999999999996,36-50,Big-Ticket Occasionals,Low
2162,23,Male,Dress,Clothing,69,Washington,S,Peach,Summer,3.8,No,Express,No,No,5,Debit Card,Fortnightly,26,14,1794,5920.200000000001,18-25,Premium Loyalists,High
2163,60,Male,Shorts,Clothing,48,Oregon,S,Black,Summer,2.7,No,Free Shipping,No,No,32,PayPal,Weekly,52,7,2496,12280.320000000002,51-70,Habitual Budget Buyers,Very High
2164,52,Male,Shoes,Footwear,60,New York,L,Gray,Spring,4.5,No,Express,No,No,44,Bank Transfer,Monthly,12,30,720,4060.7999999999997,51-70,Habitual Budget Buyers,High
2165,42,Male,Sandals,Footwear,20,Iowa,S,Olive,Winter,4.8,No,Next Day Air,No,No,46,PayPal,Bi-Weekly,26,14,520,2995.2,36-50,Habitual Budget Buyers,High
2166,29,Male,Pants,Clothing,55,Idaho,M,Turquoise,Summer,4.2,No,Express,No,No,42,Credit Card,Every 3 Months,4,90,220,1214.3999999999999,26-35,Low Engagement,Moderate
2167,31,Male,Jacket,Outerwear,88,New Jersey,S,Purple,Spring,3.5,No,Express,No,No,50,Credit Card,Bi-Weekly,26,14,2288,13728.0,26-35,Premium Loyalists,Very High
2168,30,Male,Skirt,Clothing,48,Ohio,L,Green,Winter,4.9,No,Standard,No,No,33,Venmo,Fortnightly,26,14,1248,6215.040000000001,26-35,Habitual Budget Buyers,High
2169,23,Male,Handbag,Accessories,74,Connecticut,M,Beige,Spring,4.1,No,Next Day Air,No,No,32,Cash,Quarterly,4,90,296,1456.3200000000002,18-25,Big-Ticket Occasionals,Moderate
2170,31,Male,Coat,Outerwear,42,Florida,M,Brown,Fall,2.9,No,Next Day Air,No,No,32,Bank Transfer,Bi-Weekly,26,14,1092,5372.64,26-35,Habitual Budget Buyers,High
2171,40,Male,Sweater,Clothing,32,South Carolina,M,Turquoise,Fall,4.0,No,Next Day Air,No,No,37,Venmo,Every 3 Months,4,90,128,668.16,36-50,Low Engagement,Low
2172,39,Male,Shorts,Clothing,98,Missouri,M,Yellow,Summer,4.6,No,Store Pickup,No,No,9,Cash,Fortnightly,26,14,2548,9019.92,36-50,Premium Loyalists,Very High
2173,28,Male,Skirt,Clothing,89,Rhode Island,S,Lavender,Fall,2.8,No,Store Pickup,No,No,6,PayPal,Fortnightly,26,14,2314,7775.040000000001,26-35,Premium Loyalists,Very High
2174,23,Male,Gloves,Accessories,97,Delaware,S,Cyan,Summer,5.0,No,2-Day Shipping,No,No,36,Venmo,Quarterly,4,90,388,2002.08,18-25,Big-Ticket Occasionals,Moderate
2175,42,Male,Backpack,Accessories,49,Colorado,S,Olive,Spring,2.9,No,Store Pickup,No,No,1,Cash,Annually,1,365,49,149.94,36-50,Low Engagement,Low
2176,68,Male,Dress,Clothing,50,Nebraska,M,Silver,Spring,3.3,No,Free Shipping,No,No,48,Credit Card,Fortnightly,26,14,1300,7644.0,51-70,Habitual Budget Buyers,Very High
2177,24,Male,Belt,Accessories,91,Vermont,S,Red,Winter,3.4,No,2-Day Shipping,No,No,44,Debit Card,Quarterly,4,90,364,2052.96,18-25,Big-Ticket Occasionals,Moderate
2178,24,Male,Gloves,Accessories,93,Montana,XL,Green,Winter,3.0,No,Express,No,No,9,PayPal,Bi-Weekly,26,14,2418,8559.72,18-25,Premium Loyalists,Very High
2179,21,Male,Jewelry,Accessories,98,Florida,M,Gold,Summer,4.7,No,Standard,No,No,32,Venmo,Annually,1,365,98,482.16,18-25,Big-Ticket Occasionals,Low
2180,49,Male,Socks,Clothing,82,Delaware,L,Lavender,Fall,2.9,No,Next Day Air,No,No,14,PayPal,Monthly,12,30,984,3778.56,36-50,Premium Loyalists,High
2181,41,Male,Coat,Outerwear,37,Connecticut,M,Yellow,Summer,4.1,No,Store Pickup,No,No,43,Cash,Quarterly,4,90,148,825.8399999999999,36-50,Low Engagement,Low
2182,22,Male,Handbag,Accessories,63,Hawaii,M,Black,Fall,3.2,No,Free Shipping,No,No,32,Bank Transfer,Bi-Weekly,26,14,1638,8058.960000000001,18-25,Premium Loyalists,Very High
2183,42,Male,Blouse,Clothing,99,New Mexico,M,Maroon,Winter,2.7,No,Store Pickup,No,No,26,Venmo,Bi-Weekly,26,14,2574,11737.44,36-50,Premium Loyalists,Very High
2184,30,Male,Shorts,Clothing,37,Kansas,M,Maroon,Spring,4.7,No,Store Pickup,No,No,2,Cash,Monthly,12,30,444,1385.28,26-35,Habitual Budget Buyers,Moderate
2185,38,Male,Shoes,Footwear,34,Nevada,S,Gold,Spring,3.2,No,Free Shipping,No,No,16,PayPal,Every 3 Months,4,90,136,538.5600000000001,36-50,Low Engagement,Low
2186,40,Male,Shorts,Clothing,32,North Carolina,M,Violet,Winter,2.5,No,Express,No,No,50,Debit Card,Every 3 Months,4,90,128,768.0,36-50,Low Engagement,Low
2187,55,Male,Sandals,Footwear,23,New Mexico,XL,Teal,Winter,4.3,No,Next Day Air,No,No,6,PayPal,Every 3 Months,4,90,92,309.12,51-70,Low Engagement,Low
2188,37,Male,Blouse,Clothing,78,Idaho,M,Violet,Spring,4.4,No,Free Shipping,No,No,20,PayPal,Annually,1,365,78,327.59999999999997,36-50,Big-Ticket Occasionals,Low
2189,41,Male,Coat,Outerwear,54,California,M,Brown,Winter,4.7,No,Next Day Air,No,No,9,Credit Card,Weekly,52,7,2808,9940.32,36-50,Habitual Budget Buyers,Very High
2190,38,Male,Blouse,Clothing,94,Wisconsin,XL,Brown,Fall,4.0,No,Express,No,No,47,Credit Card,Bi-Weekly,26,14,2444,14224.08,36-50,Premium Loyalists,Very High
2191,42,Male,Belt,Accessories,75,Alaska,S,Maroon,Spring,4.6,No,Express,No,No,33,Credit Card,Annually,1,365,75,373.50000000000006,36-50,Big-Ticket Occasionals,Low
2192,26,Male,Blouse,Clothing,69,Pennsylvania,S,Maroon,Summer,3.8,No,Next Day Air,No,No,46,Cash,Bi-Weekly,26,14,1794,10333.44,26-35,Premium Loyalists,Very High
2193,41,Male,Scarf,Accessories,35,Virginia,L,Yellow,Winter,3.2,No,Next Day Air,No,No,9,Credit Card,Monthly,12,30,420,1486.8,36-50,Habitual Budget Buyers,Moderate
2194,27,Male,Shirt,Clothing,78,California,L,Turquoise,Spring,5.0,No,Express,No,No,8,PayPal,Monthly,12,30,936,3257.2799999999997,26-35,Premium Loyalists,High
2195,61,Male,Socks,Clothing,29,Kentucky,M,Silver,Summer,3.5,No,Standard,No,No,48,Bank Transfer,Quarterly,4,90,116,682.08,51-70,Low Engagement,Low
2196,58,Male,Jeans,Clothing,62,New York,M,Brown,Fall,3.7,No,Next Day Air,No,No,2,Cash,Monthly,12,30,744,2321.28,51-70,Premium Loyalists,Moderate
2197,25,Male,Dress,Clothing,58,Vermont,M,Gray,Spring,4.8,No,Next Day Air,No,No,31,PayPal,Weekly,52,7,3016,14657.76,18-25,Habitual Budget Buyers,Very High
2198,33,Male,Boots,Footwear,88,Pennsylvania,M,Indigo,Summer,3.7,No,2-Day Shipping,No,No,40,Venmo,Monthly,12,30,1056,5702.400000000001,26-35,Premium Loyalists,High
2199,57,Male,Scarf,Accessories,80,New York,L,Turquoise,Summer,3.5,No,Free Shipping,No,No,35,Venmo,Monthly,12,30,960,4896.0,51-70,Premium Loyalists,High
2200,39,Male,Scarf,Accessories,47,North Carolina,M,Maroon,Summer,4.9,No,Store Pickup,No,No,40,Debit Card,Monthly,12,30,564,3045.6,36-50,Habitual Budget Buyers,High
2201,60,Male,Gloves,Accessories,51,Wyoming,L,Charcoal,Summer,4.7,No,Next Day Air,No,No,27,Debit Card,Every 3 Months,4,90,204,942.48,51-70,Low Engagement,Moderate
2202,39,Male,Pants,Clothing,25,Ohio,L,Peach,Spring,4.9,No,2-Day Shipping,No,No,10,Venmo,Annually,1,365,25,90.0,36-50,Low Engagement,Low
2203,42,Male,Dress,Clothing,36,Alabama,M,Red,Summer,4.3,No,Next Day Air,No,No,23,Credit Card,Weekly,52,7,1872,8199.36,36-50,Habitual Budget Buyers,Very High
2204,53,Male,Dress,Clothing,79,Rhode Island,M,Indigo,Winter,3.1,No,Free Shipping,No,No,32,Cash,Quarterly,4,90,316,1554.72,51-70,Big-Ticket Occasionals,Moderate
2205,20,Male,Jeans,Clothing,41,Oregon,S,Lavender,Winter,3.4,No,2-Day Shipping,No,No,6,Debit Card,Monthly,12,30,492,1653.1200000000001,18-25,Habitual Budget Buyers,Moderate
2206,46,Male,Sweater,Clothing,68,North Dakota,XL,Red,Fall,2.7,No,Express,No,No,27,PayPal,Weekly,52,7,3536,16336.32,36-50,Premium Loyalists,Very High
2207,46,Male,Sandals,Footwear,51,Illinois,L,Green,Spring,2.6,No,Store Pickup,No,No,25,Bank Transfer,Fortnightly,26,14,1326,5967.0,36-50,Habitual Budget Buyers,High
2208,69,Male,Handbag,Accessories,38,New Mexico,M,Gray,Fall,2.9,No,Next Day Air,No,No,11,Credit Card,Annually,1,365,38,139.07999999999998,51-70,Low Engagement,Low
2209,28,Male,Scarf,Accessories,46,Colorado,XL,Violet,Summer,2.7,No,2-Day Shipping,No,No,23,PayPal,Monthly,12,30,552,2417.7599999999998,26-35,Habitual Budget Buyers,Moderate
2210,42,Male,Sandals,Footwear,20,Utah,XL,Beige,Summer,4.5,No,2-Day Shipping,No,No,44,Bank Transfer,Quarterly,4,90,80,451.2,36-50,Low Engagement,Low
2211,30,Male,Sunglasses,Accessories,25,Virginia,M,Orange,Summer,3.1,No,Store Pickup,No,No,35,PayPal,Fortnightly,26,14,650,3315.0,26-35,Habitual Budget Buyers,High
2212,50,Male,Sweater,Clothing,89,Maine,L,Purple,Winter,3.2,No,Free Shipping,No,No,45,Debit Card,Every 3 Months,4,90,356,2029.1999999999998,36-50,Big-Ticket Occasionals,Moderate
2213,59,Male,Pants,Clothing,77,Nebraska,M,Brown,Winter,3.3,No,Next Day Air,No,No,22,Bank Transfer,Quarterly,4,90,308,1330.56,51-70,Big-Ticket Occasionals,Moderate
2214,54,Male,Hat,Accessories,94,Hawaii,M,Maroon,Fall,2.9,No,Express,No,No,18,Debit Card,Quarterly,4,90,376,1534.08,51-70,Big-Ticket Occasionals,Moderate
2215,50,Male,Belt,Accessories,100,Idaho,L,Gold,Fall,4.1,No,Standard,No,No,20,Debit Card,Weekly,52,7,5200,21840.0,36-50,Premium Loyalists,Very High
2216,25,Male,Sandals,Footwear,96,West Virginia,M,Indigo,Winter,2.7,No,Express,No,No,28,Credit Card,Fortnightly,26,14,2496,11681.28,18-25,Premium Loyalists,Very High
2217,41,Male,Pants,Clothing,36,Vermont,XL,Silver,Winter,4.0,No,Store Pickup,No,No,15,Venmo,Bi-Weekly,26,14,936,3650.4,36-50,Habitual Budget Buyers,High
2218,35,Male,Jewelry,Accessories,27,Indiana,XL,Red,Fall,2.6,No,Store Pickup,No,No,42,Bank Transfer,Fortnightly,26,14,702,3875.0399999999995,26-35,Habitual Budget Buyers,High
2219,67,Male,Sunglasses,Accessories,67,Idaho,M,Magenta,Winter,3.5,No,Store Pickup,No,No,20,Debit Card,Quarterly,4,90,268,1125.6,51-70,Big-Ticket Occasionals,Moderate
2220,33,Male,Blouse,Clothing,91,Minnesota,S,Purple,Fall,2.8,No,Store Pickup,No,No,16,Bank Transfer,Fortnightly,26,14,2366,9369.36,26-35,Premium Loyalists,Very High
2221,19,Male,Belt,Accessories,62,Wyoming,XL,Beige,Fall,4.5,No,Store Pickup,No,No,47,Cash,Annually,1,365,62,360.84,18-25,Big-Ticket Occasionals,Low
2222,25,Male,Shorts,Clothing,88,Kansas,XL,White,Fall,3.0,No,Free Shipping,No,No,34,Credit Card,Annually,1,365,88,443.52000000000004,18-25,Big-Ticket Occasionals,Low
2223,32,Male,Pants,Clothing,66,Georgia,M,Teal,Summer,4.4,No,Store Pickup,No,No,30,Credit Card,Weekly,52,7,3432,16473.600000000002,26-35,Premium Loyalists,Very High
2224,30,Male,Sandals,Footwear,65,Kansas,M,Gray,Fall,4.7,No,Next Day Air,No,No,5,PayPal,Quarterly,4,90,260,858.0000000000001,26-35,Big-Ticket Occasionals,Moderate
2225,18,Male,Gloves,Accessories,25,Nebraska,L,Charcoal,Winter,4.3,No,Standard,No,No,38,Cash,Quarterly,4,90,100,528.0,18-25,Low Engagement,Low
2226,38,Male,Belt,Accessories,64,Washington,S,Olive,Spring,4.8,No,Free Shipping,No,No,18,Credit Card,Annually,1,365,64,261.12,36-50,Big-Ticket Occasionals,Low
2227,22,Male,Shirt,Clothing,72,Missouri,L,Blue,Spring,4.8,No,Store Pickup,No,No,28,Cash,Annually,1,365,72,336.96000000000004,18-25,Big-Ticket Occasionals,Low
2228,40,Male,Scarf,Accessories,74,Washington,S,Gray,Summer,4.4,No,Next Day Air,No,No,42,Credit Card,Fortnightly,26,14,1924,10620.48,36-50,Premium Loyalists,Very High
2229,54,Male,Gloves,Accessories,50,Kansas,M,Green,Fall,3.7,No,Free Shipping,No,No,5,Credit Card,Weekly,52,7,2600,8580.0,51-70,Habitual Budget Buyers,Very High
2230,70,Male,Pants,Clothing,97,Minnesota,M,Silver,Fall,3.9,No,Express,No,No,50,Venmo,Monthly,12,30,1164,6984.0,51-70,Premium Loyalists,High
2231,52,Male,Sneakers,Footwear,36,Colorado,S,Teal,Spring,3.8,No,Express,No,No,33,Venmo,Fortnightly,26,14,936,4661.280000000001,51-70,Habitual Budget Buyers,High
2232,34,Male,Jacket,Outerwear,49,Utah,M,Beige,Fall,4.1,No,Store Pickup,No,No,1,Credit Card,Weekly,52,7,2548,7796.88,26-35,Habitual Budget Buyers,Very High
2233,65,Male,Shoes,Footwear,64,North Carolina,L,Lavender,Spring,4.0,No,Store Pickup,No,No,14,Cash,Fortnightly,26,14,1664,6389.76,51-70,Premium Loyalists,High
2234,38,Male,Blouse,Clothing,31,Florida,XL,Gray,Summer,4.5,No,Express,No,No,48,Credit Card,Monthly,12,30,372,2187.36,36-50,Habitual Budget Buyers,Moderate
2235,35,Male,Boots,Footwear,66,New Hampshire,S,Yellow,Winter,4.0,No,Express,No,No,26,Cash,Weekly,52,7,3432,15649.92,26-35,Premium Loyalists,Very High
2236,40,Male,Socks,Clothing,82,Illinois,M,Gray,Spring,4.5,No,2-Day Shipping,No,No,44,Credit Card,Annually,1,365,82,462.47999999999996,36-50,Big-Ticket Occasionals,Low
2237,23,Male,T-shirt,Clothing,88,Louisiana,M,Yellow,Winter,2.7,No,Standard,No,No,18,Debit Card,Fortnightly,26,14,2288,9335.039999999999,18-25,Premium Loyalists,Very High
2238,45,Male,Sandals,Footwear,34,Alabama,S,Black,Summer,3.8,No,Next Day Air,No,No,31,Venmo,Every 3 Months,4,90,136,660.96,36-50,Low Engagement,Low
2239,40,Male,Sneakers,Footwear,84,Florida,L,Beige,Winter,3.8,No,Standard,No,No,18,Debit Card,Weekly,52,7,4368,17821.44,36-50,Premium Loyalists,Very High
2240,42,Male,Jewelry,Accessories,96,Alabama,L,Indigo,Summer,3.8,No,2-Day Shipping,No,No,41,Credit Card,Every 3 Months,4,90,384,2096.64,36-50,Big-Ticket Occasionals,Moderate
2241,57,Male,Sandals,Footwear,71,California,L,Green,Winter,4.3,No,Next Day Air,No,No,18,Debit Card,Every 3 Months,4,90,284,1158.7199999999998,51-70,Big-Ticket Occasionals,Moderate
2242,18,Male,Jacket,Outerwear,77,Maryland,M,Purple,Summer,3.5,No,Free Shipping,No,No,3,Bank Transfer,Bi-Weekly,26,14,2002,6366.360000000001,18-25,Premium Loyalists,High
2243,18,Male,Skirt,Clothing,66,Nevada,M,Orange,Spring,3.8,No,Next Day Air,No,No,5,Credit Card,Bi-Weekly,26,14,1716,5662.8,18-25,Premium Loyalists,High
2244,56,Male,Shirt,Clothing,21,Massachusetts,M,Teal,Winter,3.7,No,2-Day Shipping,No,No,13,Debit Card,Annually,1,365,21,79.38,51-70,Low Engagement,Low
2245,35,Male,Shorts,Clothing,37,South Carolina,M,Gold,Summer,4.8,No,2-Day Shipping,No,No,22,PayPal,Annually,1,365,37,159.84,26-35,Low Engagement,Low
2246,49,Male,Socks,Clothing,90,Delaware,L,Gray,Fall,4.9,No,Free Shipping,No,No,45,PayPal,Fortnightly,26,14,2340,13338.0,36-50,Premium Loyalists,Very High
2247,49,Male,Jacket,Outerwear,96,Hawaii,M,Cyan,Fall,4.3,No,Store Pickup,No,No,39,PayPal,Every 3 Months,4,90,384,2050.56,36-50,Big-Ticket Occasionals,Moderate
2248,34,Male,Jewelry,Accessories,37,Florida,L,Teal,Summer,4.4,No,Next Day Air,No,No,18,Venmo,Annually,1,365,37,150.95999999999998,26-35,Low Engagement,Low
2249,63,Male,T-shirt,Clothing,66,Rhode Island,M,Violet,Winter,3.4,No,Free Shipping,No,No,19,PayPal,Fortnightly,26,14,1716,7104.24,51-70,Premium Loyalists,High
2250,42,Male,Gloves,Accessories,45,Wyoming,XL,Indigo,Spring,4.3,No,Next Day Air,No,No,29,Debit Card,Weekly,52,7,2340,11091.6,36-50,Habitual Budget Buyers,Very High
2251,41,Male,Shoes,Footwear,89,Colorado,L,Pink,Summer,4.6,No,Store Pickup,No,No,19,Credit Card,Weekly,52,7,4628,19159.92,36-50,Premium Loyalists,Very High
2252,26,Male,Shoes,Footwear,94,Virginia,L,Gold,Fall,3.8,No,Free Shipping,No,No,22,Debit Card,Monthly,12,30,1128,4872.96,26-35,Premium Loyalists,High
2253,48,Male,Shoes,Footwear,96,Nebraska,S,Maroon,Summer,3.9,No,Express,No,No,21,Bank Transfer,Annually,1,365,96,408.96,36-50,Big-Ticket Occasionals,Low
2254,62,Male,Hoodie,Clothing,31,Oklahoma,M,Brown,Spring,2.6,No,Store Pickup,No,No,22,PayPal,Monthly,12,30,372,1607.04,51-70,Habitual Budget Buyers,Moderate
2255,24,Male,Belt,Accessories,79,North Dakota,M,Gold,Winter,4.2,No,Store Pickup,No,No,44,PayPal,Every 3 Months,4,90,316,1782.24,18-25,Big-Ticket Occasionals,Moderate
2256,48,Male,Coat,Outerwear,39,Michigan,L,Teal,Spring,4.6,No,Store Pickup,No,No,42,Bank Transfer,Quarterly,4,90,156,861.1199999999999,36-50,Low Engagement,Moderate
2257,31,Male,Blouse,Clothing,22,California,M,Turquoise,Fall,5.0,No,Standard,No,No,33,Credit Card,Quarterly,4,90,88,438.24,26-35,Low Engagement,Low
2258,41,Male,Skirt,Clothing,32,Tennessee,L,Olive,Fall,4.2,No,Standard,No,No,6,Bank Transfer,Annually,1,365,32,107.52000000000001,36-50,Low Engagement,Low
2259,24,Male,T-shirt,Clothing,71,Ohio,L,Cyan,Winter,4.3,No,Store Pickup,No,No,44,Credit Card,Every 3 Months,4,90,284,1601.76,18-25,Big-Ticket Occasionals,Moderate
2260,60,Male,Jeans,Clothing,96,Florida,XL,Beige,Spring,3.3,No,Free Shipping,No,No,24,Cash,Annually,1,365,96,426.24,51-70,Big-Ticket Occasionals,Low
2261,38,Male,Scarf,Accessories,82,Missouri,M,Blue,Fall,4.9,No,Express,No,No,16,PayPal,Quarterly,4,90,328,1298.88,36-50,Big-Ticket Occasionals,Moderate
2262,58,Male,Backpack,Accessories,76,South Carolina,L,Gold,Spring,4.4,No,Standard,No,No,12,Bank Transfer,Fortnightly,26,14,1976,7350.72,51-70,Premium Loyalists,Very High
2263,53,Male,Backpack,Accessories,22,Arizona,M,Green,Winter,3.1,No,2-Day Shipping,No,No,50,PayPal,Monthly,12,30,264,1584.0,51-70,Habitual Budget Buyers,Moderate
2264,44,Male,Scarf,Accessories,40,Indiana,XL,Green,Winter,3.5,No,Store Pickup,No,No,42,Cash,Quarterly,4,90,160,883.1999999999999,36-50,Low Engagement,Moderate
2265,51,Male,Hat,Accessories,92,North Dakota,M,Turquoise,Summer,3.9,No,2-Day Shipping,No,No,50,PayPal,Monthly,12,30,1104,6624.0,51-70,Premium Loyalists,High
2266,36,Male,Coat,Outerwear,94,Montana,XL,Yellow,Fall,3.9,No,Store Pickup,No,No,10,PayPal,Quarterly,4,90,376,1353.6,36-50,Big-Ticket Occasionals,Moderate
2267,20,Male,Dress,Clothing,44,Missouri,M,Yellow,Fall,4.3,No,Store Pickup,No,No,32,Debit Card,Weekly,52,7,2288,11256.960000000001,18-25,Habitual Budget Buyers,Very High
2268,32,Male,Gloves,Accessories,49,Kentucky,S,Blue,Spring,3.8,No,Express,No,No,37,Venmo,Weekly,52,7,2548,13300.56,26-35,Habitual Budget Buyers,Very High
2269,66,Male,Sweater,Clothing,26,Georgia,L,Charcoal,Spring,2.7,No,2-Day Shipping,No,No,15,Bank Transfer,Monthly,12,30,312,1216.8,51-70,Habitual Budget Buyers,Moderate
2270,49,Male,Skirt,Clothing,38,Kentucky,M,Yellow,Fall,4.4,No,Store Pickup,No,No,27,Credit Card,Annually,1,365,38,175.56,36-50,Low Engagement,Low
2271,27,Male,Blouse,Clothing,72,Georgia,L,Purple,Spring,3.5,No,Express,No,No,7,Venmo,Weekly,52,7,3744,12804.480000000001,26-35,Premium Loyalists,Very High
2272,29,Male,Dress,Clothing,99,Alaska,M,Green,Summer,3.4,No,Free Shipping,No,No,49,PayPal,Quarterly,4,90,396,2352.24,26-35,Big-Ticket Occasionals,Moderate
2273,29,Male,Jacket,Outerwear,38,Maine,L,Charcoal,Spring,4.0,No,Standard,No,No,44,PayPal,Monthly,12,30,456,2571.8399999999997,26-35,Habitual Budget Buyers,High
2274,55,Male,Coat,Outerwear,96,New Mexico,L,Silver,Winter,4.8,No,Express,No,No,13,PayPal,Bi-Weekly,26,14,2496,9434.88,51-70,Premium Loyalists,Very High
2275,57,Male,Dress,Clothing,27,New York,L,Turquoise,Spring,4.5,No,Next Day Air,No,No,38,PayPal,Fortnightly,26,14,702,3706.56,51-70,Habitual Budget Buyers,High
2276,29,Male,Shorts,Clothing,24,Oklahoma,M,Gray,Winter,4.4,No,Standard,No,No,10,Debit Card,Weekly,52,7,1248,4492.8,26-35,Habitual Budget Buyers,High
2277,31,Male,Jeans,Clothing,82,Wyoming,L,Red,Summer,4.1,No,2-Day Shipping,No,No,25,Debit Card,Weekly,52,7,4264,19188.0,26-35,Premium Loyalists,Very High
2278,25,Male,Hat,Accessories,56,Alabama,M,Beige,Summer,4.6,No,Next Day Air,No,No,18,Credit Card,Quarterly,4,90,224,913.92,18-25,Low Engagement,Moderate
2279,61,Male,Gloves,Accessories,25,Maryland,M,Maroon,Fall,3.8,No,Store Pickup,No,No,6,Cash,Every 3 Months,4,90,100,336.00000000000006,51-70,Low Engagement,Low
2280,53,Male,Sneakers,Footwear,67,West Virginia,L,Indigo,Spring,2.9,No,Free Shipping,No,No,35,Bank Transfer,Quarterly,4,90,268,1366.8,51-70,Big-Ticket Occasionals,Moderate
2281,22,Male,Shoes,Footwear,21,Kentucky,M,Red,Summer,2.8,No,Standard,No,No,31,Credit Card,Fortnightly,26,14,546,2653.5600000000004,18-25,Habitual Budget Buyers,High
2282,28,Male,Hoodie,Clothing,27,Kansas,XL,Maroon,Summer,3.0,No,Store Pickup,No,No,41,Bank Transfer,Annually,1,365,27,147.42,26-35,Low Engagement,Low
2283,18,Male,Sneakers,Footwear,97,Idaho,S,Red,Fall,4.2,No,2-Day Shipping,No,No,8,Credit Card,Annually,1,365,97,337.56,18-25,Big-Ticket Occasionals,Low
2284,44,Male,Handbag,Accessories,45,Ohio,S,Black,Winter,4.1,No,Free Shipping,No,No,34,Credit Card,Fortnightly,26,14,1170,5896.8,36-50,Habitual Budget Buyers,High
2285,32,Male,Blouse,Clothing,63,Iowa,XL,Black,Fall,4.1,No,Express,No,No,20,Venmo,Annually,1,365,63,264.59999999999997,26-35,Big-Ticket Occasionals,Low
2286,34,Male,Belt,Accessories,100,Michigan,L,Pink,Summer,4.6,No,2-Day Shipping,No,No,38,PayPal,Every 3 Months,4,90,400,2112.0,26-35,Big-Ticket Occasionals,Moderate
2287,67,Male,Socks,Clothing,38,South Dakota,L,Blue,Spring,2.5,No,Store Pickup,No,No,35,Venmo,Quarterly,4,90,152,775.1999999999999,51-70,Low Engagement,Low
2288,66,Male,Blouse,Clothing,45,Nebraska,L,Green,Summer,3.0,No,Store Pickup,No,No,6,Debit Card,Annually,1,365,45,151.20000000000002,51-70,Low Engagement,Low
2289,28,Male,Jewelry,Accessories,91,California,M,Orange,Fall,3.8,No,Next Day Air,No,No,50,PayPal,Weekly,52,7,4732,28392.0,26-35,Premium Loyalists,Very High
2290,70,Male,Shorts,Clothing,82,Nevada,M,Orange,Fall,4.1,No,Free Shipping,No,No,47,Venmo,Weekly,52,7,4264,24816.48,51-70,Premium Loyalists,Very High
2291,37,Male,Boots,Footwear,48,Kansas,L,Magenta,Winter,3.3,No,Standard,No,No,23,PayPal,Quarterly,4,90,192,840.96,36-50,Low Engagement,Low
2292,28,Male,Coat,Outerwear,30,Ohio,M,Indigo,Spring,5.0,No,2-Day Shipping,No,No,13,Credit Card,Quarterly,4,90,120,453.6,26-35,Low Engagement,Low
2293,43,Male,T-shirt,Clothing,34,Vermont,S,Beige,Spring,3.8,No,Next Day Air,No,No,31,Debit Card,Monthly,12,30,408,1982.88,36-50,Habitual Budget Buyers,Moderate
2294,37,Male,Sweater,Clothing,68,Georgia,L,Green,Fall,3.3,No,Express,No,No,16,Debit Card,Every 3 Months,4,90,272,1077.1200000000001,36-50,Big-Ticket Occasionals,Moderate
2295,54,Male,Sunglasses,Accessories,95,Maryland,M,Red,Winter,5.0,No,Express,No,No,40,Debit Card,Annually,1,365,95,513.0,51-70,Big-Ticket Occasionals,Low
2296,50,Male,Hat,Accessories,22,Connecticut,L,Beige,Spring,2.9,No,2-Day Shipping,No,No,45,PayPal,Quarterly,4,90,88,501.59999999999997,36-50,Low Engagement,Low
2297,46,Male,Gloves,Accessories,88,Washington,M,Green,Fall,2.5,No,Next Day Air,No,No,50,Venmo,Every 3 Months,4,90,352,2112.0,36-50,Big-Ticket Occasionals,Moderate
2298,60,Male,Socks,Clothing,83,California,M,Orange,Summer,4.7,No,Standard,No,No,1,Bank Transfer,Quarterly,4,90,332,1015.9200000000001,51-70,Big-Ticket Occasionals,Moderate
2299,40,Male,Handbag,Accessories,87,Montana,L,Cyan,Spring,2.9,No,2-Day Shipping,No,No,10,Cash,Every 3 Months,4,90,348,1252.8,36-50,Big-Ticket Occasionals,Moderate
2300,64,Male,Coat,Outerwear,57,Idaho,M,Violet,Summer,3.7,No,Store Pickup,No,No,48,Credit Card,Every 3 Months,4,90,228,1340.6399999999999,51-70,Low Engagement,Moderate
2301,18,Male,Coat,Outerwear,88,Pennsylvania,XL,Lavender,Summer,4.4,No,2-Day Shipping,No,No,38,Credit Card,Monthly,12,30,1056,5575.68,18-25,Premium Loyalists,High
2302,37,Male,Pants,Clothing,20,Maine,L,Turquoise,Winter,2.9,No,Next Day Air,No,No,21,Debit Card,Annually,1,365,20,85.19999999999999,36-50,Low Engagement,Low
2303,36,Male,Belt,Accessories,39,Montana,L,Pink,Summer,3.6,No,Store Pickup,No,No,38,Venmo,Monthly,12,30,468,2471.04,36-50,Habitual Budget Buyers,Moderate
2304,51,Male,Sunglasses,Accessories,71,New Jersey,S,Beige,Spring,4.8,No,2-Day Shipping,No,No,31,Credit Card,Fortnightly,26,14,1846,8971.560000000001,51-70,Premium Loyalists,Very High
2305,26,Male,Hoodie,Clothing,73,Louisiana,L,Silver,Winter,4.7,No,Free Shipping,No,No,9,Debit Card,Fortnightly,26,14,1898,6718.92,26-35,Premium Loyalists,High
2306,68,Male,Handbag,Accessories,63,Maine,M,Gold,Summer,2.6,No,Free Shipping,No,No,47,Cash,Weekly,52,7,3276,19066.32,51-70,Premium Loyalists,Very High
2307,27,Male,Gloves,Accessories,78,Florida,L,Silver,Winter,3.4,No,Standard,No,No,8,Cash,Bi-Weekly,26,14,2028,7057.44,26-35,Premium Loyalists,High
2308,28,Male,Skirt,Clothing,96,Missouri,L,Green,Fall,3.5,No,Next Day Air,No,No,30,Debit Card,Annually,1,365,96,460.8,26-35,Big-Ticket Occasionals,Low
2309,49,Male,Sunglasses,Accessories,81,North Dakota,M,Teal,Winter,3.4,No,2-Day Shipping,No,No,22,Bank Transfer,Quarterly,4,90,324,1399.6799999999998,36-50,Big-Ticket Occasionals,Moderate
2310,70,Male,Dress,Clothing,95,Connecticut,S,Gold,Fall,5.0,No,2-Day Shipping,No,No,3,Bank Transfer,Quarterly,4,90,380,1208.4,51-70,Big-Ticket Occasionals,Moderate
2311,30,Male,Gloves,Accessories,68,Virginia,M,Cyan,Spring,4.6,No,Standard,No,No,15,PayPal,Monthly,12,30,816,3182.4,26-35,Premium Loyalists,High
2312,27,Male,Sneakers,Footwear,28,Montana,L,Gold,Spring,4.8,No,2-Day Shipping,No,No,10,Bank Transfer,Every 3 Months,4,90,112,403.2,26-35,Low Engagement,Low
2313,19,Male,T-shirt,Clothing,30,Vermont,L,Violet,Summer,3.7,No,Free Shipping,No,No,19,Cash,Every 3 Months,4,90,120,496.79999999999995,18-25,Low Engagement,Low
2314,64,Male,Dress,Clothing,31,Georgia,M,Black,Summer,4.7,No,Next Day Air,No,No,36,Bank Transfer,Fortnightly,26,14,806,4158.96,51-70,Habitual Budget Buyers,High
2315,42,Male,Handbag,Accessories,95,Virginia,XL,Brown,Winter,4.4,No,Express,No,No,12,Bank Transfer,Every 3 Months,4,90,380,1413.6,36-50,Big-Ticket Occasionals,Moderate
2316,69,Male,Socks,Clothing,79,Vermont,M,Indigo,Winter,3.5,No,2-Day Shipping,No,No,49,Debit Card,Quarterly,4,90,316,1877.04,51-70,Big-Ticket Occasionals,Moderate
2317,28,Male,Sneakers,Footwear,39,Montana,L,Yellow,Winter,3.8,No,Standard,No,No,7,Debit Card,Annually,1,365,39,133.38000000000002,26-35,Low Engagement,Low
2318,47,Male,Jacket,Outerwear,34,New Jersey,M,Purple,Summer,4.7,No,Next Day Air,No,No,28,Bank Transfer,Monthly,12,30,408,1909.44,36-50,Habitual Budget Buyers,Moderate
2319,69,Male,Hoodie,Clothing,28,Wyoming,L,White,Spring,3.1,No,Store Pickup,No,No,30,Credit Card,Annually,1,365,28,134.4,51-70,Low Engagement,Low
2320,56,Male,Sandals,Footwear,38,Maine,XL,Turquoise,Winter,5.0,No,Free Shipping,No,No,29,PayPal,Monthly,12,30,456,2161.44,51-70,Habitual Budget Buyers,Moderate
2321,28,Male,Shoes,Footwear,55,New Mexico,M,Olive,Spring,3.7,No,Free Shipping,No,No,9,Debit Card,Every 3 Months,4,90,220,778.8,26-35,Low Engagement,Low
2322,50,Male,Sandals,Footwear,31,Colorado,M,Beige,Winter,3.0,No,Next Day Air,No,No,27,Debit Card,Fortnightly,26,14,806,3723.7200000000003,36-50,Habitual Budget Buyers,High
2323,39,Male,Coat,Outerwear,84,Connecticut,S,Lavender,Spring,4.5,No,Store Pickup,No,No,21,Venmo,Fortnightly,26,14,2184,9303.84,36-50,Premium Loyalists,Very High
2324,35,Male,Gloves,Accessories,93,Maryland,L,White,Winter,4.7,No,Express,No,No,36,Credit Card,Monthly,12,30,1116,5758.5599999999995,26-35,Premium Loyalists,High
2325,59,Male,Coat,Outerwear,28,Oregon,L,Brown,Winter,3.5,No,Free Shipping,No,No,19,Debit Card,Annually,1,365,28,115.91999999999999,51-70,Low Engagement,Low
2326,44,Male,Boots,Footwear,55,New York,M,Charcoal,Summer,4.4,No,2-Day Shipping,No,No,47,Cash,Weekly,52,7,2860,16645.2,36-50,Habitual Budget Buyers,Very High
2327,66,Male,Skirt,Clothing,63,Oklahoma,L,Maroon,Winter,2.6,No,Standard,No,No,38,Bank Transfer,Annually,1,365,63,332.64,51-70,Big-Ticket Occasionals,Low
2328,20,Male,Skirt,Clothing,94,Alabama,M,Red,Winter,4.2,No,2-Day Shipping,No,No,22,Venmo,Bi-Weekly,26,14,2444,10558.08,18-25,Premium Loyalists,Very High
2329,45,Male,Pants,Clothing,36,North Dakota,M,Maroon,Fall,2.6,No,Express,No,No,29,Venmo,Bi-Weekly,26,14,936,4436.64,36-50,Habitual Budget Buyers,High
2330,49,Male,Hat,Accessories,97,Nebraska,S,Teal,Spring,4.8,No,Free Shipping,No,No,42,Bank Transfer,Annually,1,365,97,535.4399999999999,36-50,Big-Ticket Occasionals,Low
2331,60,Male,Backpack,Accessories,63,Arizona,L,Orange,Summer,2.9,No,Store Pickup,No,No,47,PayPal,Every 3 Months,4,90,252,1466.6399999999999,51-70,Big-Ticket Occasionals,Moderate
2332,61,Male,Scarf,Accessories,77,Illinois,S,Olive,Spring,4.3,No,2-Day Shipping,No,No,10,Credit Card,Bi-Weekly,26,14,2002,7207.2,51-70,Premium Loyalists,Very High
2333,36,Male,Scarf,Accessories,53,South Carolina,XL,Olive,Fall,2.6,No,Store Pickup,No,No,10,Venmo,Monthly,12,30,636,2289.6,36-50,Habitual Budget Buyers,Moderate
2334,33,Male,Shirt,Clothing,77,Kansas,M,Beige,Spring,3.8,No,Next Day Air,No,No,1,PayPal,Every 3 Months,4,90,308,942.48,26-35,Big-Ticket Occasionals,Moderate
2335,49,Male,Boots,Footwear,79,Kansas,L,Green,Summer,4.2,No,Standard,No,No,7,Credit Card,Monthly,12,30,948,3242.1600000000003,36-50,Premium Loyalists,High
2336,31,Male,Coat,Outerwear,37,Idaho,M,Black,Summer,3.9,No,Store Pickup,No,No,10,Venmo,Fortnightly,26,14,962,3463.2,26-35,Habitual Budget Buyers,High
2337,19,Male,Belt,Accessories,94,California,M,Green,Winter,3.1,No,Free Shipping,No,No,11,Credit Card,Weekly,52,7,4888,17890.079999999998,18-25,Premium Loyalists,Very High
2338,39,Male,Boots,Footwear,76,North Dakota,S,Violet,Fall,3.6,No,Store Pickup,No,No,5,Cash,Annually,1,365,76,250.8,36-50,Big-Ticket Occasionals,Low
2339,66,Male,Sneakers,Footwear,68,Georgia,S,Silver,Fall,4.0,No,Express,No,No,21,PayPal,Quarterly,4,90,272,1158.72,51-70,Big-Ticket Occasionals,Moderate
2340,25,Male,Shirt,Clothing,65,Illinois,L,Maroon,Spring,3.4,No,Next Day Air,No,No,24,Bank Transfer,Quarterly,4,90,260,1154.4,18-25,Big-Ticket Occasionals,Moderate
2341,63,Male,Blouse,Clothing,24,Delaware,M,Cyan,Summer,2.6,No,Standard,No,No,37,Credit Card,Fortnightly,26,14,624,3257.28,51-70,Habitual Budget Buyers,High
2342,56,Male,Jacket,Outerwear,31,Connecticut,L,Teal,Summer,4.5,No,Express,No,No,22,Venmo,Every 3 Months,4,90,124,535.68,51-70,Low Engagement,Low
2343,20,Male,Skirt,Clothing,89,Tennessee,M,Olive,Fall,4.9,No,Standard,No,No,16,Debit Card,Fortnightly,26,14,2314,9163.44,18-25,Premium Loyalists,Very High
2344,58,Male,Socks,Clothing,49,Maryland,M,Red,Summer,4.4,No,2-Day Shipping,No,No,44,PayPal,Monthly,12,30,588,3316.3199999999997,51-70,Habitual Budget Buyers,High
2345,34,Male,Sandals,Footwear,92,Rhode Island,XL,Lavender,Fall,3.5,No,Express,No,No,14,Venmo,Bi-Weekly,26,14,2392,9185.28,26-35,Premium Loyalists,Very High
2346,28,Male,T-shirt,Clothing,32,New York,S,Orange,Winter,3.3,No,Express,No,No,23,Bank Transfer,Every 3 Months,4,90,128,560.64,26-35,Low Engagement,Low
2347,22,Male,Jacket,Outerwear,67,New Mexico,L,Brown,Winter,3.1,No,Standard,No,No,46,Debit Card,Fortnightly,26,14,1742,10033.92,18-25,Premium Loyalists,Very High
2348,37,Male,Belt,Accessories,64,California,S,Gray,Fall,4.2,No,Express,No,No,46,Cash,Every 3 Months,4,90,256,1474.56,36-50,Big-Ticket Occasionals,Moderate
2349,54,Male,Shoes,Footwear,84,Maine,M,Orange,Spring,4.9,No,Next Day Air,No,No,16,PayPal,Every 3 Months,4,90,336,1330.5600000000002,51-70,Big-Ticket Occasionals,Moderate
2350,65,Male,Blouse,Clothing,34,New York,M,Orange,Fall,3.9,No,Standard,No,No,40,Credit Card,Every 3 Months,4,90,136,734.4,51-70,Low Engagement,Low
2351,57,Male,Shoes,Footwear,26,Hawaii,M,Turquoise,Winter,4.2,No,Free Shipping,No,No,21,Cash,Annually,1,365,26,110.75999999999999,51-70,Low Engagement,Low
2352,38,Male,Sweater,Clothing,50,New Hampshire,S,Cyan,Fall,4.9,No,Store Pickup,No,No,25,PayPal,Bi-Weekly,26,14,1300,5850.0,36-50,Habitual Budget Buyers,High
2353,70,Male,Boots,Footwear,46,Nebraska,M,Yellow,Fall,2.8,No,Store Pickup,No,No,25,Bank Transfer,Quarterly,4,90,184,828.0,51-70,Low Engagement,Low
2354,56,Male,Handbag,Accessories,71,Montana,M,White,Fall,4.1,No,Standard,No,No,25,Debit Card,Every 3 Months,4,90,284,1278.0,51-70,Big-Ticket Occasionals,Moderate
2355,56,Male,Blouse,Clothing,78,Wisconsin,M,Blue,Summer,4.8,No,Next Day Air,No,No,27,Venmo,Monthly,12,30,936,4324.32,51-70,Premium Loyalists,High
2356,22,Male,Skirt,Clothing,35,Tennessee,S,Purple,Winter,4.1,No,Next Day Air,No,No,12,Cash,Monthly,12,30,420,1562.4,18-25,Habitual Budget Buyers,Moderate
2357,57,Male,Backpack,Accessories,58,Montana,M,Gray,Summer,3.0,No,Free Shipping,No,No,27,Debit Card,Quarterly,4,90,232,1071.84,51-70,Low Engagement,Moderate
2358,53,Male,Shirt,Clothing,67,Michigan,L,Cyan,Fall,4.2,No,2-Day Shipping,No,No,40,Credit Card,Bi-Weekly,26,14,1742,9406.800000000001,51-70,Premium Loyalists,Very High
2359,53,Male,Sweater,Clothing,93,Texas,L,Pink,Spring,3.8,No,Standard,No,No,38,Credit Card,Quarterly,4,90,372,1964.16,51-70,Big-Ticket Occasionals,Moderate
2360,19,Male,Scarf,Accessories,81,Pennsylvania,S,Gold,Spring,3.3,No,2-Day Shipping,No,No,44,Bank Transfer,Every 3 Months,4,90,324,1827.36,18-25,Big-Ticket Occasionals,Moderate
2361,49,Male,Handbag,Accessories,80,New York,L,Silver,Fall,4.7,No,2-Day Shipping,No,No,27,Venmo,Every 3 Months,4,90,320,1478.4,36-50,Big-Ticket Occasionals,Moderate
2362,44,Male,Scarf,Accessories,64,Alabama,M,Gray,Spring,4.3,No,2-Day Shipping,No,No,30,Credit Card,Every 3 Months,4,90,256,1228.8000000000002,36-50,Big-Ticket Occasionals,Moderate
2363,27,Male,Jeans,Clothing,41,Virginia,M,Brown,Fall,2.7,No,Standard,No,No,24,Credit Card,Monthly,12,30,492,2184.48,26-35,Habitual Budget Buyers,Moderate
2364,60,Male,Socks,Clothing,79,Pennsylvania,XL,Pink,Winter,4.2,No,Express,No,No,38,Cash,Bi-Weekly,26,14,2054,10845.12,51-70,Premium Loyalists,Very High
2365,62,Male,Sunglasses,Accessories,60,Mississippi,L,Maroon,Winter,4.2,No,Free Shipping,No,No,4,PayPal,Quarterly,4,90,240,777.6,51-70,Low Engagement,Low
2366,52,Male,Sneakers,Footwear,91,Wyoming,S,Peach,Winter,2.5,No,Next Day Air,No,No,32,Venmo,Monthly,12,30,1092,5372.64,51-70,Premium Loyalists,High
2367,30,Male,Shoes,Footwear,66,New Mexico,L,Brown,Winter,3.6,No,Express,No,No,32,Credit Card,Fortnightly,26,14,1716,8442.720000000001,26-35,Premium Loyalists,Very High
2368,66,Male,Socks,Clothing,85,North Dakota,L,Green,Winter,3.4,No,Standard,No,No,28,Bank Transfer,Bi-Weekly,26,14,2210,10342.800000000001,51-70,Premium Loyalists,Very High
2369,29,Male,Sunglasses,Accessories,38,New Jersey,M,Lavender,Summer,3.3,No,Standard,No,No,6,Debit Card,Every 3 Months,4,90,152,510.72,26-35,Low Engagement,Low
2370,24,Male,Sweater,Clothing,23,Vermont,M,Cyan,Winter,4.6,No,Standard,No,No,24,PayPal,Monthly,12,30,276,1225.44,18-25,Habitual Budget Buyers,Moderate
2371,51,Male,Shoes,Footwear,71,Alaska,M,Black,Spring,3.9,No,Store Pickup,No,No,38,Venmo,Weekly,52,7,3692,19493.76,51-70,Premium Loyalists,Very High
2372,67,Male,Socks,Clothing,25,Indiana,M,Charcoal,Winter,3.7,No,Next Day Air,No,No,28,Debit Card,Annually,1,365,25,117.0,51-70,Low Engagement,Low
2373,50,Male,Boots,Footwear,39,Alabama,XL,Silver,Spring,3.1,No,Express,No,No,9,PayPal,Fortnightly,26,14,1014,3589.56,36-50,Habitual Budget Buyers,High
2374,37,Male,Hoodie,Clothing,20,Michigan,M,Gray,Spring,4.9,No,Express,No,No,21,Debit Card,Every 3 Months,4,90,80,340.79999999999995,36-50,Low Engagement,Low
2375,69,Male,Gloves,Accessories,73,Washington,L,Peach,Winter,4.7,No,Standard,No,No,31,Debit Card,Monthly,12,30,876,4257.360000000001,51-70,Premium Loyalists,High
2376,60,Male,Backpack,Accessories,63,Virginia,L,Peach,Fall,2.9,No,Next Day Air,No,No,18,Credit Card,Quarterly,4,90,252,1028.1599999999999,51-70,Big-Ticket Occasionals,Moderate
2377,21,Male,Gloves,Accessories,94,Tennessee,XL,Cyan,Spring,4.1,No,Express,No,No,5,Cash,Weekly,52,7,4888,16130.400000000001,18-25,Premium Loyalists,Very High
2378,44,Male,Blouse,Clothing,94,South Dakota,L,Magenta,Fall,4.0,No,Next Day Air,No,No,22,Cash,Annually,1,365,94,406.08,36-50,Big-Ticket Occasionals,Low
2379,26,Male,Scarf,Accessories,71,New Hampshire,L,Teal,Summer,2.7,No,Store Pickup,No,No,37,PayPal,Bi-Weekly,26,14,1846,9636.12,26-35,Premium Loyalists,Very High
2380,40,Male,Hat,Accessories,77,South Dakota,M,Peach,Spring,4.0,No,2-Day Shipping,No,No,22,Debit Card,Monthly,12,30,924,3991.68,36-50,Premium Loyalists,High
2381,41,Male,Scarf,Accessories,66,Pennsylvania,M,Black,Fall,2.5,No,Next Day Air,No,No,36,PayPal,Fortnightly,26,14,1716,8854.56,36-50,Premium Loyalists,Very High
2382,62,Male,Sandals,Footwear,23,Wisconsin,M,Teal,Summer,4.5,No,Free Shipping,No,No,23,PayPal,Annually,1,365,23,100.74,51-70,Low Engagement,Low
2383,39,Male,Sweater,Clothing,60,California,M,Turquoise,Spring,3.9,No,Express,No,No,44,Debit Card,Weekly,52,7,3120,17596.8,36-50,Habitual Budget Buyers,Very High
2384,53,Male,Backpack,Accessories,72,Rhode Island,L,Gold,Spring,4.9,No,2-Day Shipping,No,No,25,Bank Transfer,Annually,1,365,72,324.0,51-70,Big-Ticket Occasionals,Low
2385,24,Male,Blouse,Clothing,35,Alabama,L,Green,Winter,3.3,No,2-Day Shipping,No,No,40,PayPal,Quarterly,4,90,140,756.0,18-25,Low Engagement,Low
2386,41,Male,Scarf,Accessories,31,Oklahoma,M,Brown,Fall,3.8,No,Express,No,No,12,PayPal,Weekly,52,7,1612,5996.64,36-50,Habitual Budget Buyers,High
2387,19,Male,Socks,Clothing,33,Illinois,L,Blue,Summer,2.9,No,Standard,No,No,14,Venmo,Monthly,12,30,396,1520.64,18-25,Habitual Budget Buyers,Moderate
2388,36,Male,Hat,Accessories,95,Tennessee,M,Gold,Summer,4.0,No,2-Day Shipping,No,No,14,Debit Card,Monthly,12,30,1140,4377.6,36-50,Premium Loyalists,High
2389,21,Male,Dress,Clothing,68,Alabama,M,Peach,Fall,4.1,No,Store Pickup,No,No,10,Debit Card,Annually,1,365,68,244.79999999999998,18-25,Big-Ticket Occasionals,Low
2390,25,Male,Coat,Outerwear,87,Kansas,M,Violet,Spring,3.1,No,Store Pickup,No,No,17,Bank Transfer,Every 3 Months,4,90,348,1398.96,18-25,Big-Ticket Occasionals,Moderate
2391,65,Male,Shirt,Clothing,64,Arizona,XL,Yellow,Winter,4.6,No,Express,No,No,24,Debit Card,Fortnightly,26,14,1664,7388.16,51-70,Premium Loyalists,Very High
2392,42,Male,Shirt,Clothing,74,Michigan,M,Black,Winter,4.6,No,Next Day Air,No,No,31,Bank Transfer,Quarterly,4,90,296,1438.5600000000002,36-50,Big-Ticket Occasionals,Moderate
2393,40,Male,Jeans,Clothing,62,Missouri,L,Silver,Spring,2.6,No,2-Day Shipping,No,No,36,Cash,Annually,1,365,62,319.92,36-50,Big-Ticket Occasionals,Low
2394,58,Male,Socks,Clothing,97,Louisiana,M,Brown,Winter,5.0,No,2-Day Shipping,No,No,38,PayPal,Every 3 Months,4,90,388,2048.64,51-70,Big-Ticket Occasionals,Moderate
2395,40,Male,Sandals,Footwear,47,Connecticut,L,Peach,Fall,2.9,No,2-Day Shipping,No,No,23,Debit Card,Fortnightly,26,14,1222,5352.36,36-50,Habitual Budget Buyers,High
2396,62,Male,Blouse,Clothing,83,Connecticut,M,Cyan,Winter,3.5,No,2-Day Shipping,No,No,47,PayPal,Bi-Weekly,26,14,2158,12559.56,51-70,Premium Loyalists,Very High
2397,38,Male,Shirt,Clothing,82,Oregon,M,Olive,Spring,3.7,No,2-Day Shipping,No,No,20,Venmo,Weekly,52,7,4264,17908.8,36-50,Premium Loyalists,Very High
2398,37,Male,Sunglasses,Accessories,26,West Virginia,L,Black,Fall,2.9,No,Store Pickup,No,No,41,Venmo,Monthly,12,30,312,1703.5199999999998,36-50,Habitual Budget Buyers,Moderate
2399,65,Male,Jacket,Outerwear,81,Florida,M,Orange,Winter,4.3,No,Free Shipping,No,No,44,Bank Transfer,Fortnightly,26,14,2106,11877.84,51-70,Premium Loyalists,Very High
2400,55,Male,Dress,Clothing,44,New Hampshire,L,Beige,Spring,3.2,No,Store Pickup,No,No,31,Cash,Monthly,12,30,528,2566.0800000000004,51-70,Habitual Budget Buyers,High
2401,43,Male,Sunglasses,Accessories,88,Oregon,M,Peach,Winter,4.2,No,Next Day Air,No,No,11,Credit Card,Bi-Weekly,26,14,2288,8374.08,36-50,Premium Loyalists,Very High
2402,43,Male,Boots,Footwear,76,Oregon,M,Pink,Winter,4.2,No,Standard,No,No,25,PayPal,Bi-Weekly,26,14,1976,8892.0,36-50,Premium Loyalists,Very High
2403,45,Male,Scarf,Accessories,89,Utah,M,Brown,Winter,3.8,No,Free Shipping,No,No,31,Cash,Weekly,52,7,4628,22492.08,36-50,Premium Loyalists,Very High
2404,64,Male,Shorts,Clothing,22,Missouri,M,Magenta,Fall,4.4,No,Standard,No,No,40,Debit Card,Weekly,52,7,1144,6177.6,51-70,Habitual Budget Buyers,High
2405,28,Male,Shorts,Clothing,33,West Virginia,L,Cyan,Winter,3.1,No,2-Day Shipping,No,No,23,Credit Card,Bi-Weekly,26,14,858,3758.04,26-35,Habitual Budget Buyers,High
2406,69,Male,Jeans,Clothing,97,California,XL,Silver,Fall,5.0,No,Standard,No,No,5,Debit Card,Quarterly,4,90,388,1280.4,51-70,Big-Ticket Occasionals,Moderate
2407,54,Male,Scarf,Accessories,57,California,M,Indigo,Winter,4.7,No,Standard,No,No,26,PayPal,Weekly,52,7,2964,13515.84,51-70,Habitual Budget Buyers,Very High
2408,52,Male,Shorts,Clothing,38,Illinois,M,Beige,Summer,3.0,No,Express,No,No,11,Credit Card,Bi-Weekly,26,14,988,3616.08,51-70,Habitual Budget Buyers,High
2409,23,Male,Sneakers,Footwear,55,Hawaii,XL,Black,Fall,4.2,No,Next Day Air,No,No,44,Debit Card,Every 3 Months,4,90,220,1240.8,18-25,Low Engagement,Moderate
2410,26,Male,Jewelry,Accessories,37,Washington,L,Yellow,Spring,3.0,No,Store Pickup,No,No,47,Cash,Every 3 Months,4,90,148,861.36,26-35,Low Engagement,Moderate
2411,48,Male,Shoes,Footwear,43,Wisconsin,M,Maroon,Summer,3.7,No,Free Shipping,No,No,46,PayPal,Monthly,12,30,516,2972.16,36-50,Habitual Budget Buyers,High
2412,49,Male,Hoodie,Clothing,96,Virginia,M,Cyan,Summer,2.7,No,Free Shipping,No,No,35,Cash,Every 3 Months,4,90,384,1958.3999999999999,36-50,Big-Ticket Occasionals,Moderate
2413,53,Male,Jacket,Outerwear,51,Oregon,M,Pink,Winter,4.3,No,2-Day Shipping,No,No,8,Bank Transfer,Bi-Weekly,26,14,1326,4614.48,51-70,Habitual Budget Buyers,High
2414,69,Male,Shorts,Clothing,95,Pennsylvania,XL,Violet,Fall,2.7,No,2-Day Shipping,No,No,30,Bank Transfer,Weekly,52,7,4940,23712.0,51-70,Premium Loyalists,Very High
2415,26,Male,Socks,Clothing,26,Virginia,M,Lavender,Summer,3.7,No,Next Day Air,No,No,14,Credit Card,Bi-Weekly,26,14,676,2595.84,26-35,Habitual Budget Buyers,High
2416,21,Male,Coat,Outerwear,34,Hawaii,XL,Lavender,Fall,4.3,No,Standard,No,No,30,Bank Transfer,Weekly,52,7,1768,8486.4,18-25,Habitual Budget Buyers,Very High
2417,59,Male,Sandals,Footwear,83,Nebraska,S,Black,Summer,4.0,No,Next Day Air,No,No,26,Credit Card,Every 3 Months,4,90,332,1513.92,51-70,Big-Ticket Occasionals,Moderate
2418,21,Male,Backpack,Accessories,24,Alaska,M,Olive,Fall,3.3,No,Standard,No,No,32,Venmo,Fortnightly,26,14,624,3070.0800000000004,18-25,Habitual Budget Buyers,High
2419,22,Male,Pants,Clothing,69,Michigan,S,Indigo,Fall,4.0,No,Next Day Air,No,No,47,Cash,Every 3 Months,4,90,276,1606.32,18-25,Big-Ticket Occasionals,Moderate
2420,26,Male,Sweater,Clothing,40,North Carolina,M,Blue,Fall,2.7,No,Next Day Air,No,No,11,Credit Card,Every 3 Months,4,90,160,585.6,26-35,Low Engagement,Low
2421,41,Male,Jacket,Outerwear,87,North Carolina,S,Green,Winter,4.2,No,Free Shipping,No,No,28,PayPal,Annually,1,365,87,407.16,36-50,Big-Ticket Occasionals,Low
2422,37,Male,Sneakers,Footwear,46,Minnesota,L,Pink,Spring,4.6,No,Standard,No,No,2,Debit Card,Every 3 Months,4,90,184,574.08,36-50,Low Engagement,Low
2423,30,Male,Jewelry,Accessories,82,Georgia,M,Peach,Winter,4.8,No,Store Pickup,No,No,45,Credit Card,Weekly,52,7,4264,24304.8,26-35,Premium Loyalists,Very High
2424,49,Male,Backpack,Accessories,81,West Virginia,M,Purple,Summer,2.8,No,Free Shipping,No,No,7,Credit Card,Every 3 Months,4,90,324,1108.0800000000002,36-50,Big-Ticket Occasionals,Moderate
2425,49,Male,Jewelry,Accessories,57,Delaware,M,Peach,Winter,4.5,No,Next Day Air,No,No,28,Bank Transfer,Bi-Weekly,26,14,1482,6935.76,36-50,Habitual Budget Buyers,High
2426,58,Male,Shoes,Footwear,49,North Dakota,S,Olive,Summer,3.0,No,2-Day Shipping,No,No,34,Bank Transfer,Quarterly,4,90,196,987.8400000000001,51-70,Low Engagement,Moderate
2427,70,Male,Jacket,Outerwear,42,Florida,M,Olive,Fall,4.6,No,Free Shipping,No,No,26,Debit Card,Every 3 Months,4,90,168,766.08,51-70,Low Engagement,Low
2428,27,Male,Jacket,Outerwear,26,Oregon,M,Purple,Spring,3.3,No,Standard,No,No,45,Cash,Quarterly,4,90,104,592.8,26-35,Low Engagement,Low
2429,65,Male,T-shirt,Clothing,38,Idaho,M,Violet,Spring,4.4,No,Next Day Air,No,No,34,Debit Card,Annually,1,365,38,191.52,51-70,Low Engagement,Low
2430,57,Male,Sneakers,Footwear,57,Virginia,XL,Maroon,Summer,4.4,No,Standard,No,No,47,Credit Card,Fortnightly,26,14,1482,8625.24,51-70,Habitual Budget Buyers,Very High
2431,20,Male,Jacket,Outerwear,100,North Dakota,XL,White,Summer,4.3,No,Express,No,No,42,Cash,Quarterly,4,90,400,2208.0,18-25,Big-Ticket Occasionals,Moderate
2432,34,Male,Hoodie,Clothing,73,Alabama,S,Olive,Fall,3.4,No,Express,No,No,27,Bank Transfer,Every 3 Months,4,90,292,1349.04,26-35,Big-Ticket Occasionals,Moderate
2433,59,Male,Jacket,Outerwear,66,Hawaii,M,Peach,Winter,2.8,No,Store Pickup,No,No,43,Venmo,Monthly,12,30,792,4419.36,51-70,Premium Loyalists,High
2434,54,Male,T-shirt,Clothing,73,Oregon,M,Blue,Spring,3.4,No,Standard,No,No,16,Cash,Bi-Weekly,26,14,1898,7516.08,51-70,Premium Loyalists,Very High
2435,36,Male,Gloves,Accessories,45,Utah,M,Brown,Spring,5.0,No,Store Pickup,No,No,40,Credit Card,Monthly,12,30,540,2916.0,36-50,Habitual Budget Buyers,High
2436,21,Male,Sneakers,Footwear,27,Hawaii,S,Black,Fall,4.5,No,Free Shipping,No,No,29,Cash,Bi-Weekly,26,14,702,3327.48,18-25,Habitual Budget Buyers,High
2437,52,Male,T-shirt,Clothing,24,Connecticut,M,Yellow,Fall,2.7,No,Store Pickup,No,No,38,Credit Card,Quarterly,4,90,96,506.88,51-70,Low Engagement,Low
2438,43,Male,Sneakers,Footwear,59,Wyoming,XL,Magenta,Winter,3.4,No,Store Pickup,No,No,34,Credit Card,Weekly,52,7,3068,15462.720000000001,36-50,Habitual Budget Buyers,Very High
2439,32,Male,Jeans,Clothing,20,Delaware,S,Cyan,Winter,3.4,No,Express,No,No,30,Venmo,Weekly,52,7,1040,4992.0,26-35,Habitual Budget Buyers,High
2440,55,Male,Handbag,Accessories,44,Arkansas,M,Maroon,Summer,2.8,No,Standard,No,No,45,Bank Transfer,Annually,1,365,44,250.79999999999998,51-70,Low Engagement,Low
2441,31,Male,Socks,Clothing,90,Indiana,M,Red,Spring,4.7,No,Standard,No,No,47,Bank Transfer,Annually,1,365,90,523.8,26-35,Big-Ticket Occasionals,Low
2442,45,Male,Jewelry,Accessories,36,California,M,Black,Fall,4.7,No,Free Shipping,No,No,5,Credit Card,Monthly,12,30,432,1425.6000000000001,36-50,Habitual Budget Buyers,Moderate
2443,53,Male,Blouse,Clothing,95,Wyoming,L,Violet,Winter,4.7,No,Free Shipping,No,No,50,Debit Card,Bi-Weekly,26,14,2470,14820.0,51-70,Premium Loyalists,Very High
2444,24,Male,Backpack,Accessories,30,South Dakota,M,Green,Spring,3.4,No,2-Day Shipping,No,No,24,Bank Transfer,Bi-Weekly,26,14,780,3463.2,18-25,Habitual Budget Buyers,High
2445,47,Male,Scarf,Accessories,65,West Virginia,S,Gold,Fall,3.7,No,Express,No,No,15,Debit Card,Bi-Weekly,26,14,1690,6591.0,36-50,Premium Loyalists,High
2446,63,Male,Scarf,Accessories,96,Tennessee,M,Brown,Summer,4.1,No,Store Pickup,No,No,50,Cash,Weekly,52,7,4992,29952.0,51-70,Premium Loyalists,Very High
2447,38,Male,Shirt,Clothing,65,Alaska,L,Peach,Spring,2.9,No,2-Day Shipping,No,No,7,Credit Card,Monthly,12,30,780,2667.6000000000004,36-50,Premium Loyalists,High
2448,59,Male,Pants,Clothing,47,South Dakota,L,Peach,Fall,3.2,No,Store Pickup,No,No,10,Venmo,Fortnightly,26,14,1222,4399.2,51-70,Habitual Budget Buyers,High
2449,54,Male,Hat,Accessories,25,Tennessee,S,Violet,Fall,3.0,No,Free Shipping,No,No,38,PayPal,Bi-Weekly,26,14,650,3432.0,51-70,Habitual Budget Buyers,High
2450,26,Male,Coat,Outerwear,56,Alabama,S,Violet,Fall,4.1,No,Express,No,No,31,Venmo,Fortnightly,26,14,1456,7076.160000000001,26-35,Habitual Budget Buyers,High
2451,68,Male,T-shirt,Clothing,76,North Carolina,M,Magenta,Fall,4.5,No,Standard,No,No,7,Venmo,Quarterly,4,90,304,1039.68,51-70,Big-Ticket Occasionals,Moderate
2452,41,Male,Socks,Clothing,60,Oklahoma,M,Purple,Fall,3.4,No,Store Pickup,No,No,27,Venmo,Monthly,12,30,720,3326.4,36-50,Habitual Budget Buyers,High
2453,68,Male,Shirt,Clothing,67,New York,L,Purple,Winter,4.1,No,Express,No,No,45,Bank Transfer,Every 3 Months,4,90,268,1527.6,51-70,Big-Ticket Occasionals,Moderate
2454,21,Male,Sweater,Clothing,95,Iowa,XL,Cyan,Spring,4.6,No,Store Pickup,No,No,13,Cash,Annually,1,365,95,359.1,18-25,Big-Ticket Occasionals,Low
2455,32,Male,Gloves,Accessories,72,Alaska,M,Magenta,Winter,4.6,No,Express,No,No,33,Venmo,Annually,1,365,72,358.56000000000006,26-35,Big-Ticket Occasionals,Low
2456,20,Male,Belt,Accessories,98,Alaska,L,Lavender,Spring,3.4,No,Express,No,No,25,Cash,Every 3 Months,4,90,392,1764.0,18-25,Big-Ticket Occasionals,Moderate
2457,59,Male,Jeans,Clothing,83,Nebraska,M,Green,Winter,3.3,No,2-Day Shipping,No,No,5,PayPal,Monthly,12,30,996,3286.8,51-70,Premium Loyalists,High
2458,53,Male,Handbag,Accessories,37,Delaware,M,Maroon,Fall,3.6,No,2-Day Shipping,No,No,23,Cash,Quarterly,4,90,148,648.24,51-70,Low Engagement,Low
2459,66,Male,T-shirt,Clothing,85,Texas,L,Turquoise,Fall,4.6,No,Free Shipping,No,No,17,Bank Transfer,Weekly,52,7,4420,17768.4,51-70,Premium Loyalists,Very High
2460,47,Male,Socks,Clothing,36,Missouri,L,Violet,Fall,4.3,No,2-Day Shipping,No,No,14,Cash,Weekly,52,7,1872,7188.4800000000005,36-50,Habitual Budget Buyers,High
2461,58,Male,Jeans,Clothing,36,Maine,S,Lavender,Winter,4.0,No,Store Pickup,No,No,28,Credit Card,Annually,1,365,36,168.48000000000002,51-70,Low Engagement,Low
2462,28,Male,Scarf,Accessories,86,Pennsylvania,L,Red,Summer,4.8,No,Next Day Air,No,No,19,Credit Card,Weekly,52,7,4472,18514.079999999998,26-35,Premium Loyalists,Very High
2463,68,Male,Pants,Clothing,99,Missouri,XL,Orange,Spring,4.3,No,Standard,No,No,31,Bank Transfer,Bi-Weekly,26,14,2574,12509.640000000001,51-70,Premium Loyalists,Very High
2464,60,Male,Blouse,Clothing,21,Mississippi,XL,Indigo,Summer,3.3,No,Standard,No,No,25,Cash,Bi-Weekly,26,14,546,2457.0,51-70,Habitual Budget Buyers,Moderate
2465,47,Male,Jacket,Outerwear,84,Hawaii,L,Teal,Winter,2.8,No,Express,No,No,4,Cash,Bi-Weekly,26,14,2184,7076.160000000001,36-50,Premium Loyalists,High
2466,18,Male,Sandals,Footwear,63,Texas,M,Brown,Spring,4.4,No,Free Shipping,No,No,20,Bank Transfer,Weekly,52,7,3276,13759.199999999999,18-25,Premium Loyalists,Very High
2467,32,Male,Shorts,Clothing,84,South Dakota,S,Pink,Summer,3.7,No,Express,No,No,37,Cash,Annually,1,365,84,438.48,26-35,Big-Ticket Occasionals,Low
2468,27,Male,Shorts,Clothing,72,New Jersey,M,Lavender,Spring,3.6,No,Express,No,No,28,Credit Card,Annually,1,365,72,336.96000000000004,26-35,Big-Ticket Occasionals,Low
2469,65,Male,Skirt,Clothing,21,Connecticut,L,Cyan,Winter,3.7,No,2-Day Shipping,No,No,6,Venmo,Weekly,52,7,1092,3669.1200000000003,51-70,Habitual Budget Buyers,High
2470,68,Male,Sandals,Footwear,92,Maryland,M,Yellow,Fall,5.0,No,Standard,No,No,27,PayPal,Annually,1,365,92,425.04,51-70,Big-Ticket Occasionals,Low
2471,55,Male,Blouse,Clothing,72,Arizona,XL,Pink,Fall,2.7,No,Next Day Air,No,No,29,Credit Card,Fortnightly,26,14,1872,8873.28,51-70,Premium Loyalists,Very High
2472,30,Male,Sandals,Footwear,83,Oklahoma,M,Gray,Spring,4.3,No,Store Pickup,No,No,1,Cash,Annually,1,365,83,253.98000000000002,26-35,Big-Ticket Occasionals,Low
2473,24,Male,Shirt,Clothing,73,Utah,M,Peach,Summer,4.1,No,Standard,No,No,31,Credit Card,Annually,1,365,73,354.78000000000003,18-25,Big-Ticket Occasionals,Low
2474,57,Male,Socks,Clothing,98,Arkansas,M,Red,Winter,2.6,No,Next Day Air,No,No,28,Cash,Quarterly,4,90,392,1834.5600000000002,51-70,Big-Ticket Occasionals,Moderate
2475,23,Male,T-shirt,Clothing,76,North Carolina,M,Olive,Fall,3.2,No,Store Pickup,No,No,19,Bank Transfer,Quarterly,4,90,304,1258.56,18-25,Big-Ticket Occasionals,Moderate
2476,69,Male,Dress,Clothing,43,California,S,Lavender,Summer,3.5,No,Next Day Air,No,No,36,Venmo,Monthly,12,30,516,2662.56,51-70,Habitual Budget Buyers,High
2477,60,Male,Hat,Accessories,60,Colorado,M,Turquoise,Summer,3.7,No,Next Day Air,No,No,28,Cash,Monthly,12,30,720,3369.6,51-70,Habitual Budget Buyers,High
2478,25,Male,Gloves,Accessories,40,California,L,Turquoise,Spring,3.8,No,2-Day Shipping,No,No,29,PayPal,Weekly,52,7,2080,9859.2,18-25,Habitual Budget Buyers,Very High
2479,18,Male,Socks,Clothing,93,Vermont,S,Maroon,Winter,4.8,No,2-Day Shipping,No,No,9,Bank Transfer,Every 3 Months,4,90,372,1316.8799999999999,18-25,Big-Ticket Occasionals,Moderate
2480,37,Male,Dress,Clothing,98,Kansas,S,Olive,Fall,4.2,No,Standard,No,No,26,Credit Card,Every 3 Months,4,90,392,1787.52,36-50,Big-Ticket Occasionals,Moderate
2481,61,Male,Socks,Clothing,91,Ohio,XL,Maroon,Summer,2.9,No,Next Day Air,No,No,7,Credit Card,Fortnightly,26,14,2366,8091.720000000001,51-70,Premium Loyalists,Very High
2482,41,Male,Belt,Accessories,92,New Jersey,XL,Cyan,Fall,2.9,No,Free Shipping,No,No,35,Debit Card,Weekly,52,7,4784,24398.399999999998,36-50,Premium Loyalists,Very High
2483,69,Male,Handbag,Accessories,87,Arizona,S,Peach,Winter,4.8,No,Next Day Air,No,No,46,Credit Card,Every 3 Months,4,90,348,2004.48,51-70,Big-Ticket Occasionals,Moderate
2484,32,Male,Skirt,Clothing,96,Arizona,S,Teal,Fall,2.9,No,Standard,No,No,8,Debit Card,Monthly,12,30,1152,4008.9599999999996,26-35,Premium Loyalists,High
2485,60,Male,Hoodie,Clothing,97,New Hampshire,M,Green,Summer,4.8,No,2-Day Shipping,No,No,50,Cash,Every 3 Months,4,90,388,2328.0,51-70,Big-Ticket Occasionals,Moderate
2486,43,Male,Blouse,Clothing,55,Louisiana,M,Beige,Spring,4.6,No,2-Day Shipping,No,No,37,Bank Transfer,Annually,1,365,55,287.1,36-50,Low Engagement,Low
2487,61,Male,Jeans,Clothing,58,Texas,L,Magenta,Spring,4.4,No,Store Pickup,No,No,6,Credit Card,Fortnightly,26,14,1508,5066.88,51-70,Habitual Budget Buyers,High
2488,57,Male,Boots,Footwear,21,Montana,L,Violet,Spring,3.0,No,Next Day Air,No,No,16,PayPal,Bi-Weekly,26,14,546,2162.1600000000003,51-70,Habitual Budget Buyers,Moderate
2489,56,Male,Handbag,Accessories,82,New Hampshire,XL,Charcoal,Summer,4.4,No,Express,No,No,30,PayPal,Monthly,12,30,984,4723.2,51-70,Premium Loyalists,High
2490,66,Male,Coat,Outerwear,34,South Dakota,M,Green,Winter,3.9,No,Express,No,No,50,Venmo,Quarterly,4,90,136,816.0,51-70,Low Engagement,Low
2491,52,Male,Blouse,Clothing,78,Montana,M,Gray,Spring,4.0,No,Free Shipping,No,No,5,Cash,Every 3 Months,4,90,312,1029.6000000000001,51-70,Big-Ticket Occasionals,Moderate
2492,63,Male,Handbag,Accessories,47,North Carolina,M,Magenta,Spring,2.5,No,Express,No,No,15,Bank Transfer,Monthly,12,30,564,2199.6,51-70,Habitual Budget Buyers,Moderate
2493,50,Male,Sunglasses,Accessories,96,South Dakota,S,Silver,Summer,4.1,No,Next Day Air,No,No,34,Bank Transfer,Bi-Weekly,26,14,2496,12579.840000000002,36-50,Premium Loyalists,Very High
2494,21,Male,Socks,Clothing,23,Maine,S,Beige,Fall,4.8,No,2-Day Shipping,No,No,6,Venmo,Every 3 Months,4,90,92,309.12,18-25,Low Engagement,Low
2495,42,Male,Shoes,Footwear,27,Oklahoma,S,Peach,Winter,2.6,No,Store Pickup,No,No,26,Debit Card,Annually,1,365,27,123.12,36-50,Low Engagement,Low
2496,40,Male,Backpack,Accessories,37,Nebraska,XL,Orange,Spring,3.1,No,Free Shipping,No,No,34,Credit Card,Every 3 Months,4,90,148,745.9200000000001,36-50,Low Engagement,Low
2497,67,Male,Scarf,Accessories,79,Illinois,S,Yellow,Summer,3.2,No,Store Pickup,No,No,37,Credit Card,Weekly,52,7,4108,21443.76,51-70,Premium Loyalists,Very High
2498,35,Male,Backpack,Accessories,40,Colorado,M,Violet,Summer,4.2,No,Standard,No,No,28,Bank Transfer,Annually,1,365,40,187.20000000000002,26-35,Low Engagement,Low
2499,18,Male,Coat,Outerwear,39,Massachusetts,S,Green,Fall,2.6,No,Next Day Air,No,No,38,Cash,Fortnightly,26,14,1014,5353.92,18-25,Habitual Budget Buyers,High
2500,52,Male,Hoodie,Clothing,73,Louisiana,L,Pink,Summer,3.1,No,Next Day Air,No,No,2,Cash,Quarterly,4,90,292,911.0400000000001,51-70,Big-Ticket Occasionals,Moderate
2501,59,Male,Gloves,Accessories,84,Massachusetts,M,Violet,Fall,2.9,No,Store Pickup,No,No,32,Cash,Bi-Weekly,26,14,2184,10745.28,51-70,Premium Loyalists,Very High
2502,49,Male,Shorts,Clothing,94,West Virginia,M,Violet,Fall,4.6,No,Free Shipping,No,No,30,Venmo,Bi-Weekly,26,14,2444,11731.2,36-50,Premium Loyalists,Very High
2503,46,Male,Skirt,Clothing,47,Idaho,L,Pink,Spring,4.1,No,Standard,No,No,17,PayPal,Every 3 Months,4,90,188,755.76,36-50,Low Engagement,Low
2504,69,Male,Boots,Footwear,77,Ohio,M,Violet,Summer,2.5,No,Store Pickup,No,No,5,Debit Card,Bi-Weekly,26,14,2002,6606.6,51-70,Premium Loyalists,High
2505,56,Male,Shorts,Clothing,94,Rhode Island,M,Turquoise,Winter,4.0,No,Store Pickup,No,No,31,Cash,Bi-Weekly,26,14,2444,11877.84,51-70,Premium Loyalists,Very High
2506,27,Male,Handbag,Accessories,75,Illinois,M,Cyan,Summer,3.5,No,Express,No,No,43,PayPal,Quarterly,4,90,300,1674.0,26-35,Big-Ticket Occasionals,Moderate
2507,57,Male,Dress,Clothing,82,New York,XL,Orange,Spring,4.4,No,Free Shipping,No,No,19,Venmo,Annually,1,365,82,339.47999999999996,51-70,Big-Ticket Occasionals,Low
2508,58,Male,Shoes,Footwear,36,Louisiana,M,Cyan,Fall,2.9,No,Store Pickup,No,No,32,Credit Card,Every 3 Months,4,90,144,708.48,51-70,Low Engagement,Low
2509,23,Male,Sneakers,Footwear,90,California,XL,Indigo,Spring,3.1,No,2-Day Shipping,No,No,5,Debit Card,Bi-Weekly,26,14,2340,7722.000000000001,18-25,Premium Loyalists,Very High
2510,19,Male,Socks,Clothing,48,Washington,M,Black,Spring,4.4,No,Free Shipping,No,No,9,Bank Transfer,Quarterly,4,90,192,679.68,18-25,Low Engagement,Low
2511,40,Male,Jacket,Outerwear,42,South Dakota,L,Purple,Winter,4.4,No,Standard,No,No,48,Credit Card,Weekly,52,7,2184,12841.92,36-50,Habitual Budget Buyers,Very High
2512,54,Male,Backpack,Accessories,33,Idaho,M,Cyan,Summer,2.7,No,Store Pickup,No,No,1,PayPal,Quarterly,4,90,132,403.92,51-70,Low Engagement,Low
2513,50,Male,Socks,Clothing,63,North Dakota,M,Green,Summer,4.9,No,Free Shipping,No,No,20,Credit Card,Monthly,12,30,756,3175.2,36-50,Premium Loyalists,High
2514,69,Male,Handbag,Accessories,53,Washington,L,Teal,Winter,3.5,No,2-Day Shipping,No,No,42,Cash,Annually,1,365,53,292.56,51-70,Low Engagement,Low
2515,42,Male,Hat,Accessories,37,Alaska,L,Teal,Spring,4.8,No,Free Shipping,No,No,45,PayPal,Bi-Weekly,26,14,962,5483.4,36-50,Habitual Budget Buyers,High
2516,37,Male,Blouse,Clothing,92,Kansas,M,Magenta,Summer,4.2,No,2-Day Shipping,No,No,41,Cash,Monthly,12,30,1104,6027.839999999999,36-50,Premium Loyalists,High
2517,46,Male,Shorts,Clothing,73,Utah,XL,Brown,Spring,4.6,No,Standard,No,No,36,Debit Card,Quarterly,4,90,292,1506.72,36-50,Big-Ticket Occasionals,Moderate
2518,64,Male,Shirt,Clothing,38,Wyoming,L,Orange,Spring,2.9,No,Standard,No,No,10,Venmo,Annually,1,365,38,136.79999999999998,51-70,Low Engagement,Low
2519,20,Male,Boots,Footwear,51,Maine,XL,Blue,Fall,4.0,No,Store Pickup,No,No,31,Venmo,Annually,1,365,51,247.86,18-25,Low Engagement,Low
2520,40,Male,Jacket,Outerwear,90,Michigan,L,Magenta,Spring,4.9,No,Standard,No,No,21,Credit Card,Quarterly,4,90,360,1533.6,36-50,Big-Ticket Occasionals,Moderate
2521,64,Male,Jacket,Outerwear,56,Illinois,L,Magenta,Summer,3.1,No,Next Day Air,No,No,16,Cash,Every 3 Months,4,90,224,887.0400000000001,51-70,Low Engagement,Moderate
2522,29,Male,Handbag,Accessories,33,Minnesota,M,Magenta,Fall,4.4,No,Standard,No,No,18,PayPal,Every 3 Months,4,90,132,538.56,26-35,Low Engagement,Low
2523,20,Male,Belt,Accessories,53,Massachusetts,S,Olive,Winter,2.5,No,2-Day Shipping,No,No,20,Debit Card,Weekly,52,7,2756,11575.199999999999,18-25,Habitual Budget Buyers,Very High
2524,43,Male,Handbag,Accessories,24,New Jersey,S,Cyan,Spring,3.4,No,Express,No,No,21,Bank Transfer,Annually,1,365,24,102.24,36-50,Low Engagement,Low
2525,60,Male,Coat,Outerwear,59,Kansas,M,Purple,Spring,3.7,No,Express,No,No,23,Credit Card,Quarterly,4,90,236,1033.68,51-70,Low Engagement,Moderate
2526,39,Male,Sweater,Clothing,72,Kentucky,M,Purple,Winter,4.2,No,Standard,No,No,20,PayPal,Weekly,52,7,3744,15724.8,36-50,Premium Loyalists,Very High
2527,47,Male,Shorts,Clothing,28,Rhode Island,S,Peach,Spring,3.4,No,Express,No,No,30,PayPal,Bi-Weekly,26,14,728,3494.4,36-50,Habitual Budget Buyers,High
2528,19,Male,Pants,Clothing,36,Illinois,M,Gold,Fall,3.6,No,Express,No,No,33,Bank Transfer,Every 3 Months,4,90,144,717.1200000000001,18-25,Low Engagement,Low
2529,52,Male,Jewelry,Accessories,47,Alabama,S,Peach,Fall,4.7,No,2-Day Shipping,No,No,31,Debit Card,Monthly,12,30,564,2741.04,51-70,Habitual Budget Buyers,High
2530,34,Male,Gloves,Accessories,62,Tennessee,M,Magenta,Spring,4.7,No,Next Day Air,No,No,48,Bank Transfer,Monthly,12,30,744,4374.72,26-35,Premium Loyalists,High
2531,25,Male,Skirt,Clothing,98,Massachusetts,S,Cyan,Spring,3.6,No,Free Shipping,No,No,28,Debit Card,Weekly,52,7,5096,23849.280000000002,18-25,Premium Loyalists,Very High
2532,43,Male,Sandals,Footwear,28,Texas,M,Violet,Summer,4.6,No,Free Shipping,No,No,7,Cash,Every 3 Months,4,90,112,383.04,36-50,Low Engagement,Low
2533,55,Male,Socks,Clothing,86,Nebraska,S,Charcoal,Summer,2.6,No,Next Day Air,No,No,4,Debit Card,Weekly,52,7,4472,14489.28,51-70,Premium Loyalists,Very High
2534,66,Male,Jewelry,Accessories,46,Pennsylvania,S,Blue,Summer,3.1,No,Standard,No,No,49,Cash,Bi-Weekly,26,14,1196,7104.24,51-70,Habitual Budget Buyers,High
2535,41,Male,Sunglasses,Accessories,42,Virginia,XL,Red,Fall,3.2,No,Free Shipping,No,No,22,Cash,Weekly,52,7,2184,9434.88,36-50,Habitual Budget Buyers,Very High
2536,47,Male,Coat,Outerwear,80,Vermont,S,Purple,Winter,3.9,No,Express,No,No,39,Bank Transfer,Fortnightly,26,14,2080,11107.2,36-50,Premium Loyalists,Very High
2537,51,Male,Belt,Accessories,39,Oklahoma,L,Gray,Spring,4.9,No,Express,No,No,45,PayPal,Every 3 Months,4,90,156,889.1999999999999,51-70,Low Engagement,Moderate
2538,44,Male,Coat,Outerwear,49,Maine,M,Purple,Summer,4.1,No,2-Day Shipping,No,No,30,PayPal,Fortnightly,26,14,1274,6115.200000000001,36-50,Habitual Budget Buyers,High
2539,18,Male,Scarf,Accessories,32,New Jersey,M,Silver,Summer,4.2,No,Next Day Air,No,No,33,Credit Card,Bi-Weekly,26,14,832,4143.360000000001,18-25,Habitual Budget Buyers,High
2540,33,Male,Sandals,Footwear,73,Massachusetts,M,Purple,Fall,4.1,No,Next Day Air,No,No,24,Cash,Bi-Weekly,26,14,1898,8427.12,26-35,Premium Loyalists,Very High
2541,24,Male,Belt,Accessories,42,New Jersey,M,Charcoal,Summer,3.9,No,Free Shipping,No,No,11,Debit Card,Quarterly,4,90,168,614.88,18-25,Low Engagement,Low
2542,33,Male,Scarf,Accessories,58,Washington,M,Silver,Spring,2.7,No,Next Day Air,No,No,13,Venmo,Every 3 Months,4,90,232,876.96,26-35,Low Engagement,Moderate
2543,61,Male,Jewelry,Accessories,22,Arkansas,M,White,Winter,3.7,No,Express,No,No,27,PayPal,Annually,1,365,22,101.64,51-70,Low Engagement,Low
2544,27,Male,Scarf,Accessories,56,West Virginia,L,Peach,Spring,2.7,No,Next Day Air,No,No,30,PayPal,Bi-Weekly,26,14,1456,6988.8,26-35,Habitual Budget Buyers,High
2545,46,Male,Pants,Clothing,70,Delaware,M,Red,Spring,2.5,No,Next Day Air,No,No,39,Venmo,Quarterly,4,90,280,1495.2,36-50,Big-Ticket Occasionals,Moderate
2546,38,Male,Shoes,Footwear,50,Texas,L,Olive,Spring,3.9,No,Free Shipping,No,No,10,Debit Card,Annually,1,365,50,180.0,36-50,Low Engagement,Low
2547,63,Male,Boots,Footwear,21,Texas,L,Gray,Summer,3.0,No,Express,No,No,4,Credit Card,Quarterly,4,90,84,272.16,51-70,Low Engagement,Low
2548,47,Male,Jacket,Outerwear,97,Mississippi,M,Beige,Summer,3.2,No,2-Day Shipping,No,No,16,Cash,Weekly,52,7,5044,19974.24,36-50,Premium Loyalists,Very High
2549,42,Male,Backpack,Accessories,63,Texas,L,Pink,Winter,3.8,No,Standard,No,No,34,Credit Card,Monthly,12,30,756,3810.2400000000002,36-50,Premium Loyalists,High
2550,41,Male,Jacket,Outerwear,60,Virginia,M,Red,Fall,2.7,No,Standard,No,No,11,Debit Card,Every 3 Months,4,90,240,878.4,36-50,Low Engagement,Moderate
2551,53,Male,Boots,Footwear,52,New Hampshire,XL,Peach,Fall,3.0,No,Store Pickup,No,No,30,Debit Card,Fortnightly,26,14,1352,6489.6,51-70,Habitual Budget Buyers,High
2552,29,Male,Shoes,Footwear,32,Minnesota,M,Maroon,Winter,4.1,No,Next Day Air,No,No,40,Debit Card,Annually,1,365,32,172.8,26-35,Low Engagement,Low
2553,61,Male,Belt,Accessories,48,Maryland,XL,Purple,Spring,3.2,No,2-Day Shipping,No,No,13,Credit Card,Annually,1,365,48,181.44,51-70,Low Engagement,Low
2554,69,Male,Jewelry,Accessories,25,Vermont,M,Maroon,Summer,4.5,No,Store Pickup,No,No,28,Venmo,Every 3 Months,4,90,100,468.0,51-70,Low Engagement,Low
2555,51,Male,Jewelry,Accessories,68,Kansas,M,Gray,Summer,4.3,No,Store Pickup,No,No,49,Debit Card,Bi-Weekly,26,14,1768,10501.92,51-70,Premium Loyalists,Very High
2556,24,Male,Pants,Clothing,74,Idaho,M,Gray,Fall,3.5,No,Standard,No,No,23,Credit Card,Weekly,52,7,3848,16854.239999999998,18-25,Premium Loyalists,Very High
2557,24,Male,T-shirt,Clothing,88,Montana,XL,Magenta,Fall,3.1,No,Standard,No,No,4,Bank Transfer,Quarterly,4,90,352,1140.48,18-25,Big-Ticket Occasionals,Moderate
2558,70,Male,Shorts,Clothing,23,Oklahoma,L,Cyan,Spring,3.9,No,Standard,No,No,17,PayPal,Fortnightly,26,14,598,2403.96,51-70,Habitual Budget Buyers,Moderate
2559,49,Male,Hoodie,Clothing,32,California,M,Silver,Fall,2.7,No,Express,No,No,24,PayPal,Fortnightly,26,14,832,3694.08,36-50,Habitual Budget Buyers,High
2560,48,Male,Belt,Accessories,71,Mississippi,S,Green,Winter,4.0,No,Free Shipping,No,No,21,Debit Card,Every 3 Months,4,90,284,1209.84,36-50,Big-Ticket Occasionals,Moderate
2561,58,Male,Boots,Footwear,62,California,M,Violet,Spring,2.7,No,Next Day Air,No,No,17,Debit Card,Bi-Weekly,26,14,1612,6480.240000000001,51-70,Premium Loyalists,High
2562,32,Male,Hoodie,Clothing,20,New York,L,Magenta,Spring,2.7,No,Free Shipping,No,No,22,Debit Card,Quarterly,4,90,80,345.59999999999997,26-35,Low Engagement,Low
2563,57,Male,Shorts,Clothing,62,Arizona,XL,Yellow,Spring,4.7,No,Standard,No,No,27,Cash,Fortnightly,26,14,1612,7447.4400000000005,51-70,Premium Loyalists,Very High
2564,69,Male,Backpack,Accessories,81,Massachusetts,XL,Gray,Winter,4.5,No,Standard,No,No,1,Venmo,Every 3 Months,4,90,324,991.44,51-70,Big-Ticket Occasionals,Moderate
2565,42,Male,Scarf,Accessories,90,Kentucky,L,Indigo,Winter,3.0,No,2-Day Shipping,No,No,27,Bank Transfer,Weekly,52,7,4680,21621.600000000002,36-50,Premium Loyalists,Very High
2566,30,Male,Socks,Clothing,43,Vermont,S,Indigo,Fall,3.6,No,Store Pickup,No,No,8,Venmo,Quarterly,4,90,172,598.56,26-35,Low Engagement,Low
2567,35,Male,Handbag,Accessories,38,Missouri,S,Yellow,Fall,3.3,No,Standard,No,No,43,PayPal,Quarterly,4,90,152,848.16,26-35,Low Engagement,Low
2568,19,Male,Sunglasses,Accessories,25,Michigan,XL,Gold,Spring,4.3,No,Store Pickup,No,No,24,Cash,Fortnightly,26,14,650,2886.0,18-25,Habitual Budget Buyers,High
2569,52,Male,T-shirt,Clothing,98,Texas,XL,Green,Winter,4.3,No,Express,No,No,29,PayPal,Fortnightly,26,14,2548,12077.52,51-70,Premium Loyalists,Very High
2570,42,Male,Dress,Clothing,75,New York,M,Charcoal,Spring,4.8,No,Free Shipping,No,No,10,Bank Transfer,Bi-Weekly,26,14,1950,7020.0,36-50,Premium Loyalists,High
2571,36,Male,Sneakers,Footwear,27,New Mexico,XL,Olive,Spring,4.0,No,Store Pickup,No,No,12,PayPal,Fortnightly,26,14,702,2611.44,36-50,Habitual Budget Buyers,High
2572,45,Male,Sunglasses,Accessories,27,Mississippi,L,Black,Winter,3.5,No,Standard,No,No,48,Cash,Fortnightly,26,14,702,4127.76,36-50,Habitual Budget Buyers,High
2573,54,Male,Blouse,Clothing,42,Washington,M,Silver,Fall,3.9,No,Next Day Air,No,No,40,Bank Transfer,Quarterly,4,90,168,907.2,51-70,Low Engagement,Moderate
2574,54,Male,T-shirt,Clothing,90,New Mexico,M,Red,Summer,4.4,No,Store Pickup,No,No,1,Bank Transfer,Annually,1,365,90,275.4,51-70,Big-Ticket Occasionals,Low
2575,27,Male,Hat,Accessories,63,Florida,M,Brown,Summer,4.6,No,2-Day Shipping,No,No,26,Credit Card,Fortnightly,26,14,1638,7469.28,26-35,Premium Loyalists,Very High
2576,53,Male,Shorts,Clothing,96,Minnesota,M,Silver,Fall,4.0,No,Express,No,No,9,PayPal,Annually,1,365,96,339.84,51-70,Big-Ticket Occasionals,Low
2577,20,Male,Hoodie,Clothing,40,New Hampshire,M,Silver,Winter,4.2,No,Free Shipping,No,No,19,Debit Card,Quarterly,4,90,160,662.4,18-25,Low Engagement,Low
2578,52,Male,Socks,Clothing,39,Minnesota,L,Black,Fall,4.5,No,Next Day Air,No,No,37,Bank Transfer,Monthly,12,30,468,2442.96,51-70,Habitual Budget Buyers,Moderate
2579,54,Male,Sunglasses,Accessories,48,Vermont,M,Purple,Fall,3.9,No,Free Shipping,No,No,3,Cash,Quarterly,4,90,192,610.5600000000001,51-70,Low Engagement,Low
2580,65,Male,Blouse,Clothing,20,Minnesota,M,Purple,Summer,3.7,No,Express,No,No,40,Venmo,Weekly,52,7,1040,5616.0,51-70,Habitual Budget Buyers,High
2581,43,Male,Jeans,Clothing,29,Massachusetts,S,Turquoise,Summer,3.6,No,Store Pickup,No,No,13,Bank Transfer,Quarterly,4,90,116,438.48,36-50,Low Engagement,Low
2582,57,Male,Dress,Clothing,81,Wyoming,M,Gold,Winter,4.7,No,Express,No,No,48,Credit Card,Monthly,12,30,972,5715.36,51-70,Premium Loyalists,High
2583,19,Male,Dress,Clothing,98,South Dakota,S,Indigo,Fall,3.6,No,2-Day Shipping,No,No,4,Venmo,Every 3 Months,4,90,392,1270.0800000000002,18-25,Big-Ticket Occasionals,Moderate
2584,69,Male,Jeans,Clothing,93,Oklahoma,M,Lavender,Fall,2.5,No,Next Day Air,No,No,9,Cash,Weekly,52,7,4836,17119.44,51-70,Premium Loyalists,Very High
2585,26,Male,Socks,Clothing,30,Florida,L,Blue,Summer,2.9,No,Store Pickup,No,No,26,Bank Transfer,Bi-Weekly,26,14,780,3556.8,26-35,Habitual Budget Buyers,High
2586,57,Male,Sunglasses,Accessories,37,Wisconsin,L,Maroon,Fall,4.4,No,Free Shipping,No,No,19,Debit Card,Weekly,52,7,1924,7965.36,51-70,Habitual Budget Buyers,Very High
2587,20,Male,Coat,Outerwear,28,Maine,L,Yellow,Winter,4.6,No,Express,No,No,1,Credit Card,Every 3 Months,4,90,112,342.72,18-25,Low Engagement,Low
2588,55,Male,Scarf,Accessories,29,Connecticut,M,Purple,Winter,3.7,No,Express,No,No,29,PayPal,Every 3 Months,4,90,116,549.84,51-70,Low Engagement,Low
2589,44,Male,Backpack,Accessories,49,Delaware,M,Peach,Summer,3.2,No,Free Shipping,No,No,38,Venmo,Bi-Weekly,26,14,1274,6726.72,36-50,Habitual Budget Buyers,High
2590,52,Male,Pants,Clothing,53,North Dakota,M,Silver,Winter,4.9,No,2-Day Shipping,No,No,31,PayPal,Annually,1,365,53,257.58000000000004,51-70,Low Engagement,Low
2591,57,Male,Gloves,Accessories,66,California,M,Turquoise,Summer,5.0,No,Free Shipping,No,No,35,Venmo,Annually,1,365,66,336.59999999999997,51-70,Big-Ticket Occasionals,Low
2592,40,Male,Jacket,Outerwear,61,New Mexico,S,Olive,Spring,3.3,No,Express,No,No,40,Cash,Quarterly,4,90,244,1317.6000000000001,36-50,Big-Ticket Occasionals,Moderate
2593,23,Male,Shorts,Clothing,23,Iowa,XL,Peach,Summer,4.4,No,Store Pickup,No,No,13,Venmo,Quarterly,4,90,92,347.76,18-25,Low Engagement,Low
2594,36,Male,Pants,Clothing,36,Colorado,S,Indigo,Fall,4.7,No,Store Pickup,No,No,9,Bank Transfer,Every 3 Months,4,90,144,509.76,36-50,Low Engagement,Low
2595,59,Male,Skirt,Clothing,81,Montana,L,Indigo,Fall,3.6,No,Free Shipping,No,No,25,Cash,Every 3 Months,4,90,324,1458.0,51-70,Big-Ticket Occasionals,Moderate
2596,29,Male,Blouse,Clothing,56,Iowa,XL,Maroon,Summer,3.2,No,Free Shipping,No,No,3,Bank Transfer,Bi-Weekly,26,14,1456,4630.08,26-35,Habitual Budget Buyers,High
2597,63,Male,Shirt,Clothing,78,Louisiana,L,Black,Spring,3.0,No,Next Day Air,No,No,35,Credit Card,Monthly,12,30,936,4773.599999999999,51-70,Premium Loyalists,High
2598,60,Male,Jewelry,Accessories,25,Alabama,XL,Teal,Summer,4.4,No,Store Pickup,No,No,13,Venmo,Bi-Weekly,26,14,650,2457.0,51-70,Habitual Budget Buyers,Moderate
2599,64,Male,Backpack,Accessories,86,Nevada,XL,Olive,Fall,3.3,No,Express,No,No,31,Debit Card,Annually,1,365,86,417.96000000000004,51-70,Big-Ticket Occasionals,Low
2600,63,Male,Jewelry,Accessories,99,Vermont,M,Gold,Winter,3.4,No,Express,No,No,48,Credit Card,Monthly,12,30,1188,6985.44,51-70,Premium Loyalists,High
2601,21,Male,Belt,Accessories,83,New York,M,Gray,Fall,3.9,No,Express,No,No,6,Bank Transfer,Bi-Weekly,26,14,2158,7250.880000000001,18-25,Premium Loyalists,Very High
2602,61,Male,Dress,Clothing,33,Mississippi,L,Orange,Winter,2.9,No,Store Pickup,No,No,43,Cash,Monthly,12,30,396,2209.68,51-70,Habitual Budget Buyers,Moderate
2603,65,Male,Coat,Outerwear,44,South Carolina,M,Black,Fall,2.9,No,Free Shipping,No,No,1,Venmo,Quarterly,4,90,176,538.5600000000001,51-70,Low Engagement,Low
2604,69,Male,Dress,Clothing,58,Washington,M,Teal,Spring,2.7,No,2-Day Shipping,No,No,8,Cash,Annually,1,365,58,201.83999999999997,51-70,Low Engagement,Low
2605,47,Male,Sweater,Clothing,54,Colorado,M,Beige,Spring,3.4,No,Store Pickup,No,No,6,Debit Card,Weekly,52,7,2808,9434.880000000001,36-50,Habitual Budget Buyers,Very High
2606,41,Male,Hoodie,Clothing,93,Nevada,M,White,Spring,3.7,No,2-Day Shipping,No,No,32,Venmo,Fortnightly,26,14,2418,11896.560000000001,36-50,Premium Loyalists,Very High
2607,68,Male,Shoes,Footwear,98,Nevada,L,Turquoise,Spring,4.7,No,Standard,No,No,46,Bank Transfer,Bi-Weekly,26,14,2548,14676.48,51-70,Premium Loyalists,Very High
2608,41,Male,Shoes,Footwear,36,Oklahoma,XL,Teal,Spring,3.1,No,Express,No,No,38,PayPal,Every 3 Months,4,90,144,760.32,36-50,Low Engagement,Low
2609,42,Male,Jacket,Outerwear,68,Mississippi,L,Orange,Fall,4.2,No,2-Day Shipping,No,No,48,Credit Card,Fortnightly,26,14,1768,10395.84,36-50,Premium Loyalists,Very High
2610,66,Male,Backpack,Accessories,95,Arkansas,M,Black,Summer,3.0,No,Store Pickup,No,No,18,Debit Card,Bi-Weekly,26,14,2470,10077.599999999999,51-70,Premium Loyalists,Very High
2611,66,Male,Jeans,Clothing,93,West Virginia,M,Violet,Spring,3.1,No,Express,No,No,25,Cash,Quarterly,4,90,372,1674.0,51-70,Big-Ticket Occasionals,Moderate
2612,33,Male,Jacket,Outerwear,99,Michigan,L,Maroon,Fall,4.2,No,2-Day Shipping,No,No,4,Cash,Fortnightly,26,14,2574,8339.76,26-35,Premium Loyalists,Very High
2613,55,Male,Sunglasses,Accessories,22,Louisiana,M,Turquoise,Winter,3.8,No,Next Day Air,No,No,27,Venmo,Quarterly,4,90,88,406.56,51-70,Low Engagement,Low
2614,58,Male,Gloves,Accessories,88,South Dakota,M,Gold,Fall,2.9,No,Express,No,No,14,Bank Transfer,Monthly,12,30,1056,4055.04,51-70,Premium Loyalists,High
2615,18,Male,Jacket,Outerwear,65,North Dakota,M,Turquoise,Spring,4.2,No,Express,No,No,36,Bank Transfer,Fortnightly,26,14,1690,8720.4,18-25,Premium Loyalists,Very High
2616,49,Male,T-shirt,Clothing,62,Arizona,M,Maroon,Fall,3.1,No,2-Day Shipping,No,No,6,Debit Card,Quarterly,4,90,248,833.2800000000001,36-50,Big-Ticket Occasionals,Low
2617,61,Male,Sandals,Footwear,55,Georgia,XL,Purple,Spring,3.6,No,Express,No,No,46,Cash,Annually,1,365,55,316.8,51-70,Low Engagement,Low
2618,31,Male,Shorts,Clothing,97,Idaho,S,Maroon,Spring,4.8,No,Standard,No,No,29,Bank Transfer,Annually,1,365,97,459.78000000000003,26-35,Big-Ticket Occasionals,Low
2619,70,Male,Handbag,Accessories,77,Louisiana,L,Brown,Fall,4.1,No,Express,No,No,12,Venmo,Monthly,12,30,924,3437.28,51-70,Premium Loyalists,High
2620,68,Male,Pants,Clothing,40,Connecticut,L,Indigo,Winter,3.9,No,Free Shipping,No,No,47,Credit Card,Weekly,52,7,2080,12105.6,51-70,Habitual Budget Buyers,Very High
2621,27,Male,Blouse,Clothing,23,Ohio,S,Lavender,Winter,3.0,No,Standard,No,No,28,Debit Card,Annually,1,365,23,107.64,26-35,Low Engagement,Low
2622,48,Male,Shoes,Footwear,46,Maine,M,Beige,Winter,3.0,No,Express,No,No,21,Bank Transfer,Annually,1,365,46,195.95999999999998,36-50,Low Engagement,Low
2623,63,Male,Backpack,Accessories,75,New Hampshire,M,Yellow,Spring,4.9,No,2-Day Shipping,No,No,15,Credit Card,Annually,1,365,75,292.5,51-70,Big-Ticket Occasionals,Low
2624,49,Male,Shoes,Footwear,76,Massachusetts,M,Gold,Fall,4.8,No,Next Day Air,No,No,38,Cash,Annually,1,365,76,401.28000000000003,36-50,Big-Ticket Occasionals,Low
2625,19,Male,Dress,Clothing,59,South Dakota,M,Indigo,Summer,3.3,No,Standard,No,No,19,Credit Card,Annually,1,365,59,244.26,18-25,Low Engagement,Low
2626,30,Male,Skirt,Clothing,51,Colorado,L,Cyan,Summer,2.7,No,Standard,No,No,31,Credit Card,Weekly,52,7,2652,12888.720000000001,26-35,Habitual Budget Buyers,Very High
2627,50,Male,Jacket,Outerwear,46,Rhode Island,XL,Silver,Fall,4.2,No,Express,No,No,30,Credit Card,Every 3 Months,4,90,184,883.2,36-50,Low Engagement,Moderate
2628,66,Male,Shirt,Clothing,26,Missouri,L,Silver,Fall,3.6,No,Next Day Air,No,No,40,Bank Transfer,Quarterly,4,90,104,561.6,51-70,Low Engagement,Low
2629,25,Male,Hoodie,Clothing,51,Wyoming,M,Silver,Summer,3.8,No,Next Day Air,No,No,42,Credit Card,Bi-Weekly,26,14,1326,7319.5199999999995,18-25,Habitual Budget Buyers,Very High
2630,61,Male,Scarf,Accessories,44,New Hampshire,M,Peach,Winter,3.8,No,Free Shipping,No,No,25,Venmo,Annually,1,365,44,198.0,51-70,Low Engagement,Low
2631,29,Male,Skirt,Clothing,82,Maine,S,Pink,Spring,4.2,No,Free Shipping,No,No,20,Cash,Quarterly,4,90,328,1377.6,26-35,Big-Ticket Occasionals,Moderate
2632,53,Male,Skirt,Clothing,44,Connecticut,S,Violet,Summer,2.7,No,Express,No,No,3,Cash,Weekly,52,7,2288,7275.84,51-70,Habitual Budget Buyers,Very High
2633,24,Male,Scarf,Accessories,27,Alaska,M,Black,Fall,5.0,No,Next Day Air,No,No,14,Cash,Annually,1,365,27,103.68,18-25,Low Engagement,Low
2634,51,Male,Sunglasses,Accessories,90,Alaska,M,Purple,Fall,4.7,No,Next Day Air,No,No,32,Credit Card,Fortnightly,26,14,2340,11512.800000000001,51-70,Premium Loyalists,Very High
2635,26,Male,Sandals,Footwear,58,North Carolina,S,Black,Summer,3.2,No,Store Pickup,No,No,20,PayPal,Every 3 Months,4,90,232,974.4,26-35,Low Engagement,Moderate
2636,59,Male,Hoodie,Clothing,80,Colorado,XL,Peach,Spring,2.9,No,2-Day Shipping,No,No,34,PayPal,Fortnightly,26,14,2080,10483.2,51-70,Premium Loyalists,Very High
2637,41,Male,Jacket,Outerwear,40,Utah,S,Magenta,Winter,4.2,No,Store Pickup,No,No,6,Venmo,Annually,1,365,40,134.4,36-50,Low Engagement,Low
2638,20,Male,Pants,Clothing,23,Alabama,M,Magenta,Spring,3.7,No,Store Pickup,No,No,2,PayPal,Annually,1,365,23,71.76,18-25,Low Engagement,Low
2639,22,Male,Shirt,Clothing,34,Hawaii,S,Black,Spring,4.2,No,Store Pickup,No,No,35,Credit Card,Annually,1,365,34,173.4,18-25,Low Engagement,Low
2640,18,Male,Blouse,Clothing,35,New Hampshire,XL,Pink,Winter,2.6,No,Free Shipping,No,No,33,Debit Card,Quarterly,4,90,140,697.2,18-25,Low Engagement,Low
2641,30,Male,Skirt,Clothing,75,Indiana,L,Olive,Summer,4.0,No,Store Pickup,No,No,45,Venmo,Bi-Weekly,26,14,1950,11115.0,26-35,Premium Loyalists,Very High
2642,25,Male,Sunglasses,Accessories,60,Vermont,XL,Olive,Winter,2.7,No,Next Day Air,No,No,20,Bank Transfer,Every 3 Months,4,90,240,1007.9999999999999,18-25,Low Engagement,Moderate
2643,39,Male,Belt,Accessories,87,Iowa,L,Peach,Summer,4.0,No,Store Pickup,No,No,48,Bank Transfer,Annually,1,365,87,511.56,36-50,Big-Ticket Occasionals,Low
2644,49,Male,Gloves,Accessories,41,Maryland,S,Silver,Spring,2.9,No,Next Day Air,No,No,37,Cash,Monthly,12,30,492,2568.24,36-50,Habitual Budget Buyers,High
2645,25,Male,Pants,Clothing,83,New Mexico,M,Turquoise,Spring,3.3,No,Standard,No,No,4,Bank Transfer,Every 3 Months,4,90,332,1075.68,18-25,Big-Ticket Occasionals,Moderate
2646,23,Male,Scarf,Accessories,81,Louisiana,L,Olive,Spring,4.0,No,Store Pickup,No,No,24,Bank Transfer,Bi-Weekly,26,14,2106,9350.64,18-25,Premium Loyalists,Very High
2647,33,Male,T-shirt,Clothing,56,New Mexico,S,Lavender,Summer,3.9,No,Next Day Air,No,No,4,Debit Card,Every 3 Months,4,90,224,725.76,26-35,Low Engagement,Low
2648,60,Male,Shoes,Footwear,58,South Carolina,M,Red,Summer,3.3,No,2-Day Shipping,No,No,25,Debit Card,Annually,1,365,58,261.0,51-70,Low Engagement,Low
2649,51,Male,Pants,Clothing,84,Illinois,M,Gray,Spring,3.9,No,Next Day Air,No,No,14,PayPal,Bi-Weekly,26,14,2184,8386.56,51-70,Premium Loyalists,Very High
2650,23,Male,Gloves,Accessories,21,Minnesota,M,Magenta,Fall,3.9,No,Store Pickup,No,No,14,Bank Transfer,Fortnightly,26,14,546,2096.64,18-25,Habitual Budget Buyers,Moderate
2651,20,Male,Socks,Clothing,35,Oregon,L,Maroon,Summer,4.2,No,Standard,No,No,46,Credit Card,Every 3 Months,4,90,140,806.4,18-25,Low Engagement,Low
2652,51,Male,Sneakers,Footwear,43,Tennessee,M,Cyan,Summer,4.6,No,Store Pickup,No,No,27,PayPal,Quarterly,4,90,172,794.64,51-70,Low Engagement,Low
2653,23,Female,Shorts,Clothing,20,Maryland,L,Cyan,Summer,3.3,No,2-Day Shipping,No,No,46,Credit Card,Monthly,12,30,240,1382.3999999999999,18-25,Habitual Budget Buyers,Moderate
2654,67,Female,Blouse,Clothing,36,Wisconsin,L,Lavender,Fall,4.8,No,Express,No,No,24,Venmo,Every 3 Months,4,90,144,639.36,51-70,Low Engagement,Low
2655,23,Female,Coat,Outerwear,70,Idaho,S,Pink,Fall,4.1,No,Next Day Air,No,No,4,PayPal,Annually,1,365,70,226.8,18-25,Big-Ticket Occasionals,Low
2656,26,Female,Sunglasses,Accessories,83,Wyoming,M,Gray,Summer,3.4,No,Standard,No,No,2,Credit Card,Fortnightly,26,14,2158,6732.96,26-35,Premium Loyalists,High
2657,52,Female,Shorts,Clothing,76,Indiana,L,Yellow,Winter,3.6,No,Express,No,No,29,Bank Transfer,Fortnightly,26,14,1976,9366.24,51-70,Premium Loyalists,Very High
2658,52,Female,Dress,Clothing,81,Texas,M,Pink,Summer,2.7,No,Express,No,No,7,Credit Card,Fortnightly,26,14,2106,7202.52,51-70,Premium Loyalists,High
2659,52,Female,Handbag,Accessories,47,Ohio,XL,Indigo,Summer,3.2,No,Next Day Air,No,No,39,PayPal,Monthly,12,30,564,3011.76,51-70,Habitual Budget Buyers,High
2660,35,Female,Boots,Footwear,35,Kansas,L,Gray,Summer,4.4,No,2-Day Shipping,No,No,46,Credit Card,Fortnightly,26,14,910,5241.599999999999,26-35,Habitual Budget Buyers,High
2661,24,Female,Pants,Clothing,85,South Carolina,L,Yellow,Spring,4.9,No,Express,No,No,44,Venmo,Annually,1,365,85,479.4,18-25,Big-Ticket Occasionals,Low
2662,43,Female,Boots,Footwear,96,Michigan,XL,Olive,Fall,4.8,No,Express,No,No,20,Bank Transfer,Annually,1,365,96,403.2,36-50,Big-Ticket Occasionals,Low
2663,25,Female,Skirt,Clothing,98,Nebraska,M,Cyan,Summer,2.8,No,2-Day Shipping,No,No,44,PayPal,Fortnightly,26,14,2548,14370.72,18-25,Premium Loyalists,Very High
2664,46,Female,Sneakers,Footwear,52,Wisconsin,L,Silver,Fall,2.9,No,Free Shipping,No,No,23,Bank Transfer,Annually,1,365,52,227.76,36-50,Low Engagement,Low
2665,22,Female,Jewelry,Accessories,84,Illinois,L,Silver,Winter,3.2,No,Store Pickup,No,No,37,PayPal,Weekly,52,7,4368,22800.96,18-25,Premium Loyalists,Very High
2666,70,Female,T-shirt,Clothing,71,Louisiana,L,Red,Winter,3.5,No,Store Pickup,No,No,4,Venmo,Weekly,52,7,3692,11962.08,51-70,Premium Loyalists,Very High
2667,49,Female,Sandals,Footwear,95,Ohio,S,Brown,Winter,4.1,No,Store Pickup,No,No,14,Venmo,Fortnightly,26,14,2470,9484.800000000001,36-50,Premium Loyalists,Very High
2668,48,Female,Boots,Footwear,47,Maryland,M,Orange,Summer,4.1,No,Free Shipping,No,No,31,Cash,Fortnightly,26,14,1222,5938.92,36-50,Habitual Budget Buyers,High
2669,59,Female,Coat,Outerwear,75,Texas,M,Black,Summer,4.8,No,Next Day Air,No,No,9,PayPal,Quarterly,4,90,300,1062.0,51-70,Big-Ticket Occasionals,Moderate
2670,39,Female,Belt,Accessories,28,Illinois,L,Teal,Spring,2.8,No,Free Shipping,No,No,31,Credit Card,Weekly,52,7,1456,7076.160000000001,36-50,Habitual Budget Buyers,High
2671,30,Female,Sunglasses,Accessories,44,Pennsylvania,M,Yellow,Fall,4.7,No,Express,No,No,26,Bank Transfer,Bi-Weekly,26,14,1144,5216.64,26-35,Habitual Budget Buyers,High
2672,37,Female,Sandals,Footwear,64,Alabama,XL,Gray,Winter,4.8,No,2-Day Shipping,No,No,41,PayPal,Every 3 Months,4,90,256,1397.7599999999998,36-50,Big-Ticket Occasionals,Moderate
2673,56,Female,Boots,Footwear,28,West Virginia,M,Maroon,Spring,2.9,No,Standard,No,No,13,Cash,Annually,1,365,28,105.84,51-70,Low Engagement,Low
2674,67,Female,Hoodie,Clothing,21,Nevada,M,Olive,Summer,2.6,No,2-Day Shipping,No,No,4,Cash,Monthly,12,30,252,816.48,51-70,Habitual Budget Buyers,Low
2675,40,Female,Hat,Accessories,41,Florida,S,Charcoal,Fall,3.3,No,Express,No,No,15,Cash,Every 3 Months,4,90,164,639.6,36-50,Low Engagement,Low
2676,24,Female,Shorts,Clothing,38,Virginia,M,Peach,Winter,3.4,No,Free Shipping,No,No,38,Cash,Bi-Weekly,26,14,988,5216.64,18-25,Habitual Budget Buyers,High
2677,43,Female,Backpack,Accessories,77,Kentucky,M,Maroon,Spring,3.6,No,Free Shipping,No,No,3,Cash,Fortnightly,26,14,2002,6366.360000000001,36-50,Premium Loyalists,High
2678,45,Female,Shorts,Clothing,43,Connecticut,L,Olive,Spring,3.8,No,Next Day Air,No,No,6,PayPal,Every 3 Months,4,90,172,577.9200000000001,36-50,Low Engagement,Low
2679,33,Female,Belt,Accessories,91,Montana,M,Magenta,Spring,3.4,No,2-Day Shipping,No,No,34,Credit Card,Bi-Weekly,26,14,2366,11924.640000000001,26-35,Premium Loyalists,Very High
2680,53,Female,Shorts,Clothing,68,Montana,S,Yellow,Spring,3.8,No,Express,No,No,7,Debit Card,Quarterly,4,90,272,930.2400000000001,51-70,Big-Ticket Occasionals,Moderate
2681,44,Female,Socks,Clothing,37,Nebraska,L,Indigo,Fall,3.3,No,Next Day Air,No,No,21,Venmo,Annually,1,365,37,157.62,36-50,Low Engagement,Low
2682,23,Female,Shoes,Footwear,23,Massachusetts,L,Olive,Summer,4.8,No,Standard,No,No,17,Debit Card,Monthly,12,30,276,1109.52,18-25,Habitual Budget Buyers,Moderate
2683,59,Female,Sneakers,Footwear,65,North Carolina,L,Maroon,Winter,3.9,No,2-Day Shipping,No,No,5,Venmo,Every 3 Months,4,90,260,858.0000000000001,51-70,Big-Ticket Occasionals,Moderate
2684,68,Female,Backpack,Accessories,30,Montana,M,Indigo,Summer,4.2,No,Next Day Air,No,No,21,Cash,Fortnightly,26,14,780,3322.7999999999997,51-70,Habitual Budget Buyers,High
2685,46,Female,Dress,Clothing,45,Washington,M,Gray,Summer,4.7,No,Free Shipping,No,No,42,Credit Card,Bi-Weekly,26,14,1170,6458.4,36-50,Habitual Budget Buyers,High
2686,56,Female,Boots,Footwear,25,Virginia,M,Gray,Winter,2.7,No,Express,No,No,49,Credit Card,Quarterly,4,90,100,594.0,51-70,Low Engagement,Low
2687,40,Female,Socks,Clothing,72,Georgia,M,Black,Winter,3.8,No,2-Day Shipping,No,No,33,Cash,Fortnightly,26,14,1872,9322.560000000001,36-50,Premium Loyalists,Very High
2688,61,Female,Dress,Clothing,75,Delaware,M,White,Fall,3.6,No,2-Day Shipping,No,No,12,Debit Card,Bi-Weekly,26,14,1950,7254.0,51-70,Premium Loyalists,Very High
2689,53,Female,Handbag,Accessories,63,West Virginia,XL,Turquoise,Spring,2.9,No,2-Day Shipping,No,No,18,Credit Card,Every 3 Months,4,90,252,1028.1599999999999,51-70,Big-Ticket Occasionals,Moderate
2690,29,Female,Blouse,Clothing,35,Wyoming,M,Orange,Fall,3.9,No,Standard,No,No,47,PayPal,Quarterly,4,90,140,814.8,26-35,Low Engagement,Low
2691,44,Female,Belt,Accessories,32,New Mexico,L,Yellow,Summer,4.7,No,Free Shipping,No,No,18,Bank Transfer,Weekly,52,7,1664,6789.119999999999,36-50,Habitual Budget Buyers,High
2692,43,Female,Pants,Clothing,25,Nebraska,L,Blue,Winter,3.3,No,2-Day Shipping,No,No,48,Cash,Monthly,12,30,300,1764.0,36-50,Habitual Budget Buyers,Moderate
2693,40,Female,Sneakers,Footwear,90,Washington,XL,Violet,Spring,4.2,No,Free Shipping,No,No,18,Debit Card,Every 3 Months,4,90,360,1468.8,36-50,Big-Ticket Occasionals,Moderate
2694,55,Female,Boots,Footwear,70,Hawaii,L,Lavender,Summer,2.6,No,Standard,No,No,46,Cash,Quarterly,4,90,280,1612.8,51-70,Big-Ticket Occasionals,Moderate
2695,66,Female,Sunglasses,Accessories,27,Louisiana,M,Olive,Spring,4.9,No,Express,No,No,34,Credit Card,Every 3 Months,4,90,108,544.32,51-70,Low Engagement,Low
2696,50,Female,Hat,Accessories,92,Tennessee,M,Orange,Fall,3.6,No,Standard,No,No,10,PayPal,Bi-Weekly,26,14,2392,8611.199999999999,36-50,Premium Loyalists,Very High
2697,57,Female,Coat,Outerwear,20,South Dakota,M,White,Spring,4.7,No,Free Shipping,No,No,12,Debit Card,Monthly,12,30,240,892.8,51-70,Habitual Budget Buyers,Moderate
2698,42,Female,Jacket,Outerwear,52,Delaware,L,Red,Winter,3.2,No,Standard,No,No,36,Bank Transfer,Quarterly,4,90,208,1073.28,36-50,Low Engagement,Moderate
2699,55,Female,Hoodie,Clothing,57,Virginia,M,Magenta,Summer,3.6,No,Store Pickup,No,No,34,Venmo,Quarterly,4,90,228,1149.1200000000001,51-70,Low Engagement,Moderate
2700,25,Female,Boots,Footwear,96,Utah,M,Violet,Fall,3.6,No,2-Day Shipping,No,No,49,Debit Card,Annually,1,365,96,570.24,18-25,Big-Ticket Occasionals,Low
2701,22,Female,T-shirt,Clothing,68,California,XL,Olive,Winter,3.2,No,Standard,No,No,36,Cash,Weekly,52,7,3536,18245.76,18-25,Premium Loyalists,Very High
2702,49,Female,Sweater,Clothing,30,Idaho,L,Silver,Summer,2.8,No,Store Pickup,No,No,18,Bank Transfer,Fortnightly,26,14,780,3182.3999999999996,36-50,Habitual Budget Buyers,High
2703,70,Female,Shoes,Footwear,37,Texas,L,Gray,Fall,4.0,No,Next Day Air,No,No,39,Debit Card,Fortnightly,26,14,962,5137.08,51-70,Habitual Budget Buyers,High
2704,56,Female,Scarf,Accessories,42,Tennessee,XL,Olive,Winter,4.4,No,Free Shipping,No,No,34,PayPal,Weekly,52,7,2184,11007.36,51-70,Habitual Budget Buyers,Very High
2705,52,Female,Dress,Clothing,54,Tennessee,L,Beige,Spring,3.4,No,Next Day Air,No,No,35,Debit Card,Weekly,52,7,2808,14320.8,51-70,Habitual Budget Buyers,Very High
2706,65,Female,Jacket,Outerwear,81,Washington,S,Turquoise,Spring,5.0,No,Store Pickup,No,No,1,Credit Card,Bi-Weekly,26,14,2106,6444.36,51-70,Premium Loyalists,High
2707,24,Female,Shoes,Footwear,40,Alabama,S,Blue,Spring,3.1,No,Express,No,No,48,Debit Card,Quarterly,4,90,160,940.8,18-25,Low Engagement,Moderate
2708,32,Female,Backpack,Accessories,88,Nebraska,M,Pink,Fall,4.2,No,Standard,No,No,19,Cash,Weekly,52,7,4576,18944.64,26-35,Premium Loyalists,Very High
2709,57,Female,Dress,Clothing,94,Alabama,M,Teal,Summer,3.3,No,Store Pickup,No,No,44,Debit Card,Weekly,52,7,4888,27568.32,51-70,Premium Loyalists,Very High
2710,35,Female,Shirt,Clothing,54,Illinois,S,Cyan,Winter,2.9,No,Standard,No,No,9,Credit Card,Bi-Weekly,26,14,1404,4970.16,26-35,Habitual Budget Buyers,High
2711,69,Female,Jacket,Outerwear,51,Wisconsin,L,Purple,Summer,4.7,No,Standard,No,No,3,Bank Transfer,Fortnightly,26,14,1326,4216.68,51-70,Habitual Budget Buyers,High
2712,30,Female,Sunglasses,Accessories,22,Nebraska,L,Red,Spring,4.0,No,Standard,No,No,50,Venmo,Monthly,12,30,264,1584.0,26-35,Habitual Budget Buyers,Moderate
2713,37,Female,Jacket,Outerwear,95,North Dakota,L,Brown,Fall,4.6,No,Standard,No,No,7,Debit Card,Quarterly,4,90,380,1299.6000000000001,36-50,Big-Ticket Occasionals,Moderate
2714,19,Female,Coat,Outerwear,57,Mississippi,M,Magenta,Fall,3.8,No,2-Day Shipping,No,No,20,Debit Card,Annually,1,365,57,239.39999999999998,18-25,Low Engagement,Low
2715,53,Female,Sweater,Clothing,45,Iowa,S,Olive,Winter,3.6,No,Store Pickup,No,No,16,Credit Card,Bi-Weekly,26,14,1170,4633.2,51-70,Habitual Budget Buyers,High
2716,25,Female,Sneakers,Footwear,92,Mississippi,XL,Pink,Winter,4.1,No,Express,No,No,29,PayPal,Fortnightly,26,14,2392,11338.08,18-25,Premium Loyalists,Very High
2717,47,Female,Shoes,Footwear,40,Colorado,L,Black,Spring,2.7,No,Store Pickup,No,No,21,Debit Card,Weekly,52,7,2080,8860.8,36-50,Habitual Budget Buyers,Very High
2718,18,Female,Sunglasses,Accessories,62,Nebraska,XL,Beige,Winter,4.3,No,Free Shipping,No,No,19,Credit Card,Every 3 Months,4,90,248,1026.72,18-25,Big-Ticket Occasionals,Moderate
2719,22,Female,Shorts,Clothing,90,Virginia,M,Peach,Winter,4.9,No,Next Day Air,No,No,10,Venmo,Bi-Weekly,26,14,2340,8424.0,18-25,Premium Loyalists,Very High
2720,69,Female,Hoodie,Clothing,82,Louisiana,S,Peach,Fall,4.2,No,Free Shipping,No,No,4,Bank Transfer,Monthly,12,30,984,3188.1600000000003,51-70,Premium Loyalists,High
2721,55,Female,Scarf,Accessories,52,Maryland,M,Peach,Spring,2.8,No,Store Pickup,No,No,45,Bank Transfer,Quarterly,4,90,208,1185.6,51-70,Low Engagement,Moderate
2722,19,Female,Sandals,Footwear,70,Minnesota,S,Teal,Spring,4.9,No,Free Shipping,No,No,17,PayPal,Fortnightly,26,14,1820,7316.400000000001,18-25,Premium Loyalists,Very High
2723,23,Female,Hat,Accessories,83,Maine,M,Green,Spring,2.8,No,2-Day Shipping,No,No,22,PayPal,Fortnightly,26,14,2158,9322.56,18-25,Premium Loyalists,Very High
2724,54,Female,Shoes,Footwear,49,Texas,XL,Brown,Summer,2.9,No,Store Pickup,No,No,3,PayPal,Every 3 Months,4,90,196,623.2800000000001,51-70,Low Engagement,Low
2725,52,Female,Sneakers,Footwear,91,Missouri,M,Brown,Spring,2.5,No,Next Day Air,No,No,11,Debit Card,Fortnightly,26,14,2366,8659.56,51-70,Premium Loyalists,Very High
2726,64,Female,Backpack,Accessories,99,Mississippi,S,Violet,Summer,2.7,No,Free Shipping,No,No,4,Debit Card,Annually,1,365,99,320.76000000000005,51-70,Big-Ticket Occasionals,Low
2727,33,Female,Belt,Accessories,92,Michigan,L,Blue,Winter,3.3,No,Free Shipping,No,No,11,PayPal,Bi-Weekly,26,14,2392,8754.72,26-35,Premium Loyalists,Very High
2728,40,Female,Shirt,Clothing,87,Colorado,L,Charcoal,Winter,3.7,No,2-Day Shipping,No,No,47,Credit Card,Fortnightly,26,14,2262,13164.84,36-50,Premium Loyalists,Very High
2729,26,Female,Skirt,Clothing,28,Florida,M,Pink,Winter,4.0,No,Express,No,No,17,Debit Card,Weekly,52,7,1456,5853.120000000001,26-35,Habitual Budget Buyers,High
2730,31,Female,Gloves,Accessories,71,Montana,S,Violet,Summer,4.1,No,Free Shipping,No,No,32,Credit Card,Monthly,12,30,852,4191.84,26-35,Premium Loyalists,High
2731,23,Female,Gloves,Accessories,32,Wisconsin,M,Teal,Winter,4.1,No,Store Pickup,No,No,37,Bank Transfer,Annually,1,365,32,167.04,18-25,Low Engagement,Low
2732,52,Female,Handbag,Accessories,33,Wisconsin,M,Red,Summer,2.5,No,2-Day Shipping,No,No,44,Bank Transfer,Quarterly,4,90,132,744.4799999999999,51-70,Low Engagement,Low
2733,21,Female,Socks,Clothing,75,Delaware,L,Orange,Winter,4.2,No,Store Pickup,No,No,27,Debit Card,Every 3 Months,4,90,300,1386.0,18-25,Big-Ticket Occasionals,Moderate
2734,31,Female,Backpack,Accessories,83,North Carolina,M,Magenta,Summer,4.7,No,Express,No,No,46,PayPal,Annually,1,365,83,478.08,26-35,Big-Ticket Occasionals,Low
2735,63,Female,Jeans,Clothing,93,New York,XL,Yellow,Summer,2.7,No,2-Day Shipping,No,No,13,Cash,Bi-Weekly,26,14,2418,9140.04,51-70,Premium Loyalists,Very High
2736,46,Female,Skirt,Clothing,29,California,M,Yellow,Spring,3.0,No,Express,No,No,2,PayPal,Bi-Weekly,26,14,754,2352.48,36-50,Habitual Budget Buyers,Moderate
2737,44,Female,Hoodie,Clothing,25,Montana,M,Pink,Spring,4.8,No,Store Pickup,No,No,45,Credit Card,Annually,1,365,25,142.5,36-50,Low Engagement,Low
2738,57,Female,Jewelry,Accessories,76,North Carolina,S,Indigo,Spring,4.4,No,Free Shipping,No,No,35,Cash,Every 3 Months,4,90,304,1550.3999999999999,51-70,Big-Ticket Occasionals,Moderate
2739,50,Female,Sneakers,Footwear,81,Ohio,M,Charcoal,Summer,4.3,No,2-Day Shipping,No,No,39,Venmo,Every 3 Months,4,90,324,1730.16,36-50,Big-Ticket Occasionals,Moderate
2740,33,Female,Shirt,Clothing,80,Alaska,XL,Blue,Winter,2.5,No,Store Pickup,No,No,39,Credit Card,Every 3 Months,4,90,320,1708.8,26-35,Big-Ticket Occasionals,Moderate
2741,19,Female,Sunglasses,Accessories,70,Pennsylvania,M,Lavender,Summer,4.9,No,Free Shipping,No,No,34,Bank Transfer,Fortnightly,26,14,1820,9172.800000000001,18-25,Premium Loyalists,Very High
2742,68,Female,Dress,Clothing,81,Maine,L,Yellow,Fall,4.9,No,2-Day Shipping,No,No,41,Venmo,Monthly,12,30,972,5307.12,51-70,Premium Loyalists,High
2743,27,Female,Shoes,Footwear,86,Texas,M,Black,Spring,3.9,No,Free Shipping,No,No,47,Debit Card,Annually,1,365,86,500.52,26-35,Big-Ticket Occasionals,Low
2744,61,Female,Belt,Accessories,94,New Jersey,S,Beige,Fall,4.1,No,2-Day Shipping,No,No,17,Venmo,Quarterly,4,90,376,1511.52,51-70,Big-Ticket Occasionals,Moderate
2745,38,Female,Shirt,Clothing,66,Wyoming,M,Silver,Winter,3.3,No,Store Pickup,No,No,40,Credit Card,Monthly,12,30,792,4276.8,36-50,Premium Loyalists,High
2746,28,Female,Boots,Footwear,98,Michigan,M,Magenta,Summer,4.1,No,Standard,No,No,44,PayPal,Bi-Weekly,26,14,2548,14370.72,26-35,Premium Loyalists,Very High
2747,39,Female,Hoodie,Clothing,25,Ohio,M,Orange,Fall,3.7,No,Standard,No,No,21,PayPal,Every 3 Months,4,90,100,426.0,36-50,Low Engagement,Low
2748,18,Female,Jeans,Clothing,62,West Virginia,M,Teal,Winter,3.1,No,Free Shipping,No,No,21,Credit Card,Every 3 Months,4,90,248,1056.48,18-25,Big-Ticket Occasionals,Moderate
2749,24,Female,Jacket,Outerwear,98,Virginia,L,Turquoise,Spring,3.0,No,Free Shipping,No,No,16,Venmo,Annually,1,365,98,388.08000000000004,18-25,Big-Ticket Occasionals,Low
2750,64,Female,Jacket,Outerwear,53,Vermont,M,Cyan,Spring,3.4,No,Standard,No,No,15,Bank Transfer,Annually,1,365,53,206.70000000000002,51-70,Low Engagement,Low
2751,51,Female,Sandals,Footwear,66,Alaska,L,Pink,Spring,2.7,No,2-Day Shipping,No,No,26,PayPal,Every 3 Months,4,90,264,1203.84,51-70,Big-Ticket Occasionals,Moderate
2752,27,Female,Dress,Clothing,52,Minnesota,S,Indigo,Fall,3.1,No,Free Shipping,No,No,50,Venmo,Monthly,12,30,624,3744.0,26-35,Habitual Budget Buyers,High
2753,48,Female,Sweater,Clothing,64,Colorado,S,Peach,Winter,4.0,No,Free Shipping,No,No,30,Venmo,Bi-Weekly,26,14,1664,7987.200000000001,36-50,Premium Loyalists,Very High
2754,69,Female,Gloves,Accessories,59,Rhode Island,M,Beige,Spring,3.6,No,Next Day Air,No,No,48,PayPal,Quarterly,4,90,236,1387.68,51-70,Low Engagement,Moderate
2755,59,Female,Sunglasses,Accessories,61,New Jersey,L,Gold,Summer,3.6,No,Free Shipping,No,No,21,Venmo,Bi-Weekly,26,14,1586,6756.36,51-70,Premium Loyalists,High
2756,59,Female,Belt,Accessories,97,Nevada,M,Indigo,Winter,3.3,No,Store Pickup,No,No,18,Credit Card,Annually,1,365,97,395.76,51-70,Big-Ticket Occasionals,Low
2757,42,Female,Hat,Accessories,23,Minnesota,L,Violet,Winter,4.1,No,Free Shipping,No,No,41,PayPal,Monthly,12,30,276,1506.9599999999998,36-50,Habitual Budget Buyers,Moderate
2758,39,Female,Hat,Accessories,98,Delaware,XL,Brown,Fall,4.3,No,Next Day Air,No,No,11,Venmo,Monthly,12,30,1176,4304.16,36-50,Premium Loyalists,High
2759,32,Female,Blouse,Clothing,98,Illinois,M,Purple,Summer,3.2,No,Standard,No,No,8,Bank Transfer,Bi-Weekly,26,14,2548,8867.039999999999,26-35,Premium Loyalists,Very High
2760,68,Female,Shoes,Footwear,59,Washington,M,Turquoise,Summer,3.9,No,Free Shipping,No,No,42,Cash,Every 3 Months,4,90,236,1302.7199999999998,51-70,Low Engagement,Moderate
2761,41,Female,Skirt,Clothing,82,Alaska,S,Violet,Fall,5.0,No,Next Day Air,No,No,41,Credit Card,Bi-Weekly,26,14,2132,11640.72,36-50,Premium Loyalists,Very High
2762,31,Female,Sneakers,Footwear,82,Michigan,M,Purple,Fall,3.4,No,Next Day Air,No,No,3,Credit Card,Every 3 Months,4,90,328,1043.04,26-35,Big-Ticket Occasionals,Moderate
2763,58,Female,T-shirt,Clothing,41,Georgia,M,Charcoal,Fall,3.8,No,Store Pickup,No,No,10,Debit Card,Every 3 Months,4,90,164,590.4,51-70,Low Engagement,Low
2764,28,Female,Handbag,Accessories,52,West Virginia,M,Green,Fall,2.9,No,2-Day Shipping,No,No,35,Venmo,Quarterly,4,90,208,1060.8,26-35,Low Engagement,Moderate
2765,63,Female,Sweater,Clothing,41,Arizona,XL,White,Spring,2.6,No,Next Day Air,No,No,2,Debit Card,Weekly,52,7,2132,6651.84,51-70,Habitual Budget Buyers,High
2766,64,Female,Gloves,Accessories,70,Colorado,M,Purple,Summer,4.3,No,2-Day Shipping,No,No,24,Credit Card,Quarterly,4,90,280,1243.2,51-70,Big-Ticket Occasionals,Moderate
2767,66,Female,Dress,Clothing,91,Tennessee,M,Cyan,Winter,2.8,No,Standard,No,No,47,Credit Card,Monthly,12,30,1092,6355.44,51-70,Premium Loyalists,High
2768,31,Female,Dress,Clothing,95,Iowa,M,Green,Spring,4.5,No,Free Shipping,No,No,31,Cash,Monthly,12,30,1140,5540.400000000001,26-35,Premium Loyalists,High
2769,55,Female,Blouse,Clothing,25,Kansas,M,Beige,Spring,3.8,No,2-Day Shipping,No,No,28,PayPal,Bi-Weekly,26,14,650,3042.0,51-70,Habitual Budget Buyers,High
2770,32,Female,Shirt,Clothing,89,Oklahoma,L,Lavender,Fall,3.0,No,Standard,No,No,13,Cash,Weekly,52,7,4628,17493.84,26-35,Premium Loyalists,Very High
2771,50,Female,Boots,Footwear,44,Nebraska,S,Blue,Fall,3.3,No,Express,No,No,22,Bank Transfer,Quarterly,4,90,176,760.3199999999999,36-50,Low Engagement,Low
2772,58,Female,Jacket,Outerwear,52,Maryland,S,Beige,Summer,3.1,No,2-Day Shipping,No,No,12,Bank Transfer,Fortnightly,26,14,1352,5029.44,51-70,Habitual Budget Buyers,High
2773,18,Female,Backpack,Accessories,94,Pennsylvania,L,Blue,Spring,3.5,No,Store Pickup,No,No,10,Bank Transfer,Every 3 Months,4,90,376,1353.6,18-25,Big-Ticket Occasionals,Moderate
2774,39,Female,Pants,Clothing,98,Arizona,S,Maroon,Spring,4.6,No,Express,No,No,45,Bank Transfer,Quarterly,4,90,392,2234.4,36-50,Big-Ticket Occasionals,Moderate
2775,56,Female,Boots,Footwear,40,Oklahoma,L,Yellow,Fall,4.1,No,Standard,No,No,42,Credit Card,Quarterly,4,90,160,883.1999999999999,51-70,Low Engagement,Moderate
2776,37,Female,Socks,Clothing,25,Montana,L,Red,Fall,3.6,No,Free Shipping,No,No,16,Debit Card,Weekly,52,7,1300,5148.0,36-50,Habitual Budget Buyers,High
2777,46,Female,Scarf,Accessories,62,Wyoming,L,Green,Fall,2.9,No,Free Shipping,No,No,6,Bank Transfer,Annually,1,365,62,208.32000000000002,36-50,Big-Ticket Occasionals,Low
2778,52,Female,Blouse,Clothing,24,Idaho,M,Magenta,Fall,4.8,No,Standard,No,No,28,Credit Card,Every 3 Months,4,90,96,449.28000000000003,51-70,Low Engagement,Low
2779,70,Female,Belt,Accessories,57,Pennsylvania,L,Yellow,Spring,3.2,No,Standard,No,No,24,Credit Card,Bi-Weekly,26,14,1482,6580.08,51-70,Habitual Budget Buyers,High
2780,61,Female,Sunglasses,Accessories,66,Montana,L,Blue,Winter,4.3,No,Express,No,No,14,Credit Card,Fortnightly,26,14,1716,6589.4400000000005,51-70,Premium Loyalists,High
2781,33,Female,Boots,Footwear,70,Ohio,M,Charcoal,Winter,4.1,No,Next Day Air,No,No,29,PayPal,Fortnightly,26,14,1820,8626.800000000001,26-35,Premium Loyalists,Very High
2782,65,Female,Sandals,Footwear,39,Mississippi,M,Blue,Spring,4.6,No,Standard,No,No,33,PayPal,Weekly,52,7,2028,10099.44,51-70,Habitual Budget Buyers,Very High
2783,41,Female,Gloves,Accessories,34,Idaho,S,Cyan,Spring,3.8,No,Free Shipping,No,No,30,PayPal,Annually,1,365,34,163.20000000000002,36-50,Low Engagement,Low
2784,19,Female,Skirt,Clothing,38,Virginia,M,Silver,Spring,4.5,No,Next Day Air,No,No,26,Credit Card,Quarterly,4,90,152,693.12,18-25,Low Engagement,Low
2785,33,Female,Skirt,Clothing,70,Idaho,M,Black,Winter,3.1,No,Express,No,No,12,PayPal,Every 3 Months,4,90,280,1041.6,26-35,Big-Ticket Occasionals,Moderate
2786,53,Female,Blouse,Clothing,80,Louisiana,S,Green,Summer,2.9,No,Next Day Air,No,No,13,Bank Transfer,Monthly,12,30,960,3628.8,51-70,Premium Loyalists,High
2787,54,Female,Handbag,Accessories,51,Colorado,M,Violet,Spring,3.8,No,Next Day Air,No,No,41,Debit Card,Every 3 Months,4,90,204,1113.84,51-70,Low Engagement,Moderate
2788,36,Female,Boots,Footwear,79,West Virginia,XL,Pink,Spring,4.1,No,Next Day Air,No,No,4,Venmo,Fortnightly,26,14,2054,6654.96,36-50,Premium Loyalists,High
2789,56,Female,Boots,Footwear,92,Rhode Island,M,Olive,Summer,3.1,No,Free Shipping,No,No,2,Credit Card,Annually,1,365,92,287.04,51-70,Big-Ticket Occasionals,Low
2790,28,Female,Sweater,Clothing,85,North Carolina,L,Orange,Fall,5.0,No,Express,No,No,28,Credit Card,Bi-Weekly,26,14,2210,10342.800000000001,26-35,Premium Loyalists,Very High
2791,34,Female,Socks,Clothing,63,Maine,M,Black,Spring,4.5,No,Free Shipping,No,No,24,Debit Card,Annually,1,365,63,279.71999999999997,26-35,Big-Ticket Occasionals,Low
2792,43,Female,Gloves,Accessories,60,Iowa,M,Yellow,Fall,2.8,No,Express,No,No,14,Venmo,Fortnightly,26,14,1560,5990.400000000001,36-50,Habitual Budget Buyers,High
2793,54,Female,Shorts,Clothing,44,Kentucky,L,Violet,Winter,3.2,No,Express,No,No,11,Credit Card,Weekly,52,7,2288,8374.08,51-70,Habitual Budget Buyers,Very High
2794,37,Female,Boots,Footwear,57,Massachusetts,M,Silver,Spring,3.1,No,Standard,No,No,27,Debit Card,Bi-Weekly,26,14,1482,6846.84,36-50,Habitual Budget Buyers,High
2795,33,Female,Jacket,Outerwear,24,New York,M,Gold,Fall,3.3,No,Standard,No,No,7,Cash,Fortnightly,26,14,624,2134.0800000000004,26-35,Habitual Budget Buyers,Moderate
2796,33,Female,Scarf,Accessories,35,Nebraska,M,Magenta,Winter,3.4,No,Store Pickup,No,No,49,PayPal,Annually,1,365,35,207.9,26-35,Low Engagement,Low
2797,55,Female,Jacket,Outerwear,73,Oklahoma,M,Red,Winter,3.8,No,Store Pickup,No,No,21,Cash,Annually,1,365,73,310.97999999999996,51-70,Big-Ticket Occasionals,Low
2798,63,Female,Jewelry,Accessories,42,Oklahoma,M,Green,Winter,3.5,No,Express,No,No,10,Venmo,Every 3 Months,4,90,168,604.8,51-70,Low Engagement,Low
2799,52,Female,Hoodie,Clothing,20,Rhode Island,XL,Red,Winter,4.8,No,Store Pickup,No,No,37,PayPal,Weekly,52,7,1040,5428.8,51-70,Habitual Budget Buyers,High
2800,23,Female,T-shirt,Clothing,89,Maine,L,Pink,Spring,3.9,No,Free Shipping,No,No,9,Bank Transfer,Every 3 Months,4,90,356,1260.24,18-25,Big-Ticket Occasionals,Moderate
2801,70,Female,Shirt,Clothing,76,Arkansas,L,Violet,Fall,3.4,No,Free Shipping,No,No,14,Cash,Bi-Weekly,26,14,1976,7587.84,51-70,Premium Loyalists,Very High
2802,64,Female,Shirt,Clothing,56,New Mexico,M,Indigo,Winter,2.6,No,Express,No,No,30,PayPal,Annually,1,365,56,268.8,51-70,Low Engagement,Low
2803,22,Female,Coat,Outerwear,100,Hawaii,L,Red,Fall,3.1,No,Store Pickup,No,No,42,Credit Card,Fortnightly,26,14,2600,14351.999999999998,18-25,Premium Loyalists,Very High
2804,46,Female,T-shirt,Clothing,44,Idaho,M,Violet,Winter,3.3,No,Free Shipping,No,No,31,Bank Transfer,Monthly,12,30,528,2566.0800000000004,36-50,Habitual Budget Buyers,High
2805,65,Female,Hoodie,Clothing,76,South Carolina,M,Cyan,Spring,2.8,No,Standard,No,No,48,Bank Transfer,Every 3 Months,4,90,304,1787.52,51-70,Big-Ticket Occasionals,Moderate
2806,18,Female,Sunglasses,Accessories,97,Nevada,S,Black,Fall,4.3,No,Standard,No,No,48,Cash,Quarterly,4,90,388,2281.44,18-25,Big-Ticket Occasionals,Moderate
2807,45,Female,Blouse,Clothing,39,South Carolina,L,Purple,Spring,2.7,No,Standard,No,No,50,Credit Card,Annually,1,365,39,234.0,36-50,Low Engagement,Low
2808,56,Female,Hoodie,Clothing,100,Maryland,M,Charcoal,Spring,4.4,No,2-Day Shipping,No,No,10,Debit Card,Fortnightly,26,14,2600,9360.0,51-70,Premium Loyalists,Very High
2809,49,Female,Skirt,Clothing,62,Tennessee,M,Beige,Spring,3.9,No,Free Shipping,No,No,45,PayPal,Every 3 Months,4,90,248,1413.6,36-50,Big-Ticket Occasionals,Moderate
2810,66,Female,Shorts,Clothing,98,Arkansas,XL,Teal,Summer,3.0,No,Standard,No,No,27,Debit Card,Quarterly,4,90,392,1811.04,51-70,Big-Ticket Occasionals,Moderate
2811,27,Female,Jeans,Clothing,31,Arizona,M,Purple,Summer,4.0,No,Standard,No,No,10,Debit Card,Fortnightly,26,14,806,2901.6,26-35,Habitual Budget Buyers,High
2812,69,Female,Jacket,Outerwear,89,Ohio,M,Blue,Fall,3.7,No,Store Pickup,No,No,19,Credit Card,Quarterly,4,90,356,1473.84,51-70,Big-Ticket Occasionals,Moderate
2813,66,Female,Hoodie,Clothing,91,North Dakota,XL,Magenta,Fall,3.8,No,Store Pickup,No,No,1,Credit Card,Every 3 Months,4,90,364,1113.84,51-70,Big-Ticket Occasionals,Moderate
2814,45,Female,Shirt,Clothing,50,Vermont,S,Maroon,Summer,3.3,No,2-Day Shipping,No,No,39,Debit Card,Quarterly,4,90,200,1068.0,36-50,Low Engagement,Moderate
2815,31,Female,T-shirt,Clothing,32,Minnesota,L,Gold,Winter,3.6,No,Standard,No,No,14,Bank Transfer,Monthly,12,30,384,1474.56,26-35,Habitual Budget Buyers,Moderate
2816,33,Female,Blouse,Clothing,67,Idaho,L,Black,Fall,3.9,No,Free Shipping,No,No,40,Venmo,Every 3 Months,4,90,268,1447.2,26-35,Big-Ticket Occasionals,Moderate
2817,43,Female,Skirt,Clothing,28,Maryland,M,Black,Spring,3.5,No,Free Shipping,No,No,45,Venmo,Weekly,52,7,1456,8299.199999999999,36-50,Habitual Budget Buyers,Very High
2818,25,Female,Backpack,Accessories,65,South Carolina,XL,Yellow,Winter,3.4,No,Standard,No,No,6,Venmo,Weekly,52,7,3380,11356.800000000001,18-25,Premium Loyalists,Very High
2819,46,Female,Shorts,Clothing,73,California,M,Turquoise,Fall,4.7,No,Next Day Air,No,No,12,Debit Card,Annually,1,365,73,271.56,36-50,Big-Ticket Occasionals,Low
2820,67,Female,Shirt,Clothing,27,Georgia,L,Lavender,Spring,3.0,No,Free Shipping,No,No,19,Cash,Monthly,12,30,324,1341.36,51-70,Habitual Budget Buyers,Moderate
2821,26,Female,Backpack,Accessories,89,Vermont,L,Yellow,Summer,3.9,No,Free Shipping,No,No,5,Cash,Bi-Weekly,26,14,2314,7636.200000000001,26-35,Premium Loyalists,Very High
2822,35,Female,Shoes,Footwear,72,Georgia,L,Olive,Summer,4.5,No,Standard,No,No,37,Venmo,Monthly,12,30,864,4510.08,26-35,Premium Loyalists,High
2823,61,Female,Skirt,Clothing,37,New Jersey,S,Brown,Fall,4.1,No,Standard,No,No,33,PayPal,Quarterly,4,90,148,737.0400000000001,51-70,Low Engagement,Low
2824,26,Female,Dress,Clothing,63,Utah,M,Olive,Summer,4.5,No,Standard,No,No,47,Debit Card,Bi-Weekly,26,14,1638,9533.16,26-35,Premium Loyalists,Very High
2825,39,Female,Hat,Accessories,90,Utah,M,Purple,Fall,4.0,No,Free Shipping,No,No,49,Debit Card,Quarterly,4,90,360,2138.4,36-50,Big-Ticket Occasionals,Moderate
2826,69,Female,Handbag,Accessories,62,North Carolina,M,Yellow,Winter,4.3,No,2-Day Shipping,No,No,28,Bank Transfer,Annually,1,365,62,290.16,51-70,Big-Ticket Occasionals,Low
2827,32,Female,Handbag,Accessories,43,Florida,L,Brown,Fall,3.6,No,Express,No,No,23,Venmo,Annually,1,365,43,188.34,26-35,Low Engagement,Low
2828,20,Female,Blouse,Clothing,96,Wisconsin,M,Magenta,Fall,3.1,No,Next Day Air,No,No,11,Bank Transfer,Bi-Weekly,26,14,2496,9135.36,18-25,Premium Loyalists,Very High
2829,25,Female,Scarf,Accessories,83,Tennessee,L,Lavender,Fall,2.6,No,Standard,No,No,33,PayPal,Quarterly,4,90,332,1653.3600000000001,18-25,Big-Ticket Occasionals,Moderate
2830,56,Female,Jewelry,Accessories,67,Arizona,XL,Teal,Fall,3.4,No,Next Day Air,No,No,47,Cash,Weekly,52,7,3484,20276.88,51-70,Premium Loyalists,Very High
2831,63,Female,Skirt,Clothing,90,Oregon,L,Cyan,Spring,2.9,No,Store Pickup,No,No,13,Venmo,Every 3 Months,4,90,360,1360.8,51-70,Big-Ticket Occasionals,Moderate
2832,34,Female,Hoodie,Clothing,53,Virginia,L,Pink,Winter,5.0,No,Express,No,No,4,Credit Card,Weekly,52,7,2756,8929.44,26-35,Habitual Budget Buyers,Very High
2833,29,Female,Scarf,Accessories,37,Maryland,M,Magenta,Summer,4.6,No,Standard,No,No,40,PayPal,Quarterly,4,90,148,799.2,26-35,Low Engagement,Low
2834,43,Female,Jeans,Clothing,56,Arkansas,M,Teal,Fall,3.3,No,Free Shipping,No,No,19,Cash,Monthly,12,30,672,2782.08,36-50,Habitual Budget Buyers,High
2835,39,Female,Jacket,Outerwear,43,Texas,M,Indigo,Fall,2.9,No,2-Day Shipping,No,No,17,Credit Card,Weekly,52,7,2236,8988.720000000001,36-50,Habitual Budget Buyers,Very High
2836,33,Female,T-shirt,Clothing,84,Vermont,S,Pink,Winter,4.9,No,Free Shipping,No,No,7,Venmo,Annually,1,365,84,287.28000000000003,26-35,Big-Ticket Occasionals,Low
2837,51,Female,Pants,Clothing,50,Wyoming,M,Charcoal,Winter,5.0,No,2-Day Shipping,No,No,21,Cash,Bi-Weekly,26,14,1300,5538.0,51-70,Habitual Budget Buyers,High
2838,65,Female,Shoes,Footwear,88,Alabama,M,Brown,Summer,4.5,No,Express,No,No,44,PayPal,Weekly,52,7,4576,25808.64,51-70,Premium Loyalists,Very High
2839,51,Female,Jacket,Outerwear,50,Maine,M,Blue,Fall,3.7,No,Free Shipping,No,No,2,Bank Transfer,Weekly,52,7,2600,8112.0,51-70,Habitual Budget Buyers,Very High
2840,70,Female,Scarf,Accessories,80,South Dakota,L,Teal,Summer,2.8,No,Store Pickup,No,No,30,Bank Transfer,Monthly,12,30,960,4608.0,51-70,Premium Loyalists,High
2841,40,Female,T-shirt,Clothing,47,West Virginia,L,Pink,Spring,3.5,No,Store Pickup,No,No,41,Cash,Annually,1,365,47,256.62,36-50,Low Engagement,Low
2842,19,Female,Dress,Clothing,33,Ohio,XL,Magenta,Winter,3.0,No,2-Day Shipping,No,No,31,Cash,Weekly,52,7,1716,8339.76,18-25,Habitual Budget Buyers,Very High
2843,28,Female,Coat,Outerwear,100,Arizona,L,Green,Fall,4.3,No,Standard,No,No,48,Debit Card,Quarterly,4,90,400,2352.0,26-35,Big-Ticket Occasionals,Moderate
2844,51,Female,Sweater,Clothing,26,Ohio,M,White,Summer,3.6,No,Store Pickup,No,No,41,Venmo,Weekly,52,7,1352,7381.919999999999,51-70,Habitual Budget Buyers,Very High
2845,32,Female,Hat,Accessories,79,New Mexico,M,Indigo,Summer,4.4,No,Standard,No,No,42,Venmo,Annually,1,365,79,436.08,26-35,Big-Ticket Occasionals,Low
2846,26,Female,Backpack,Accessories,77,South Dakota,L,Lavender,Summer,4.1,No,Express,No,No,39,Debit Card,Every 3 Months,4,90,308,1644.72,26-35,Big-Ticket Occasionals,Moderate
2847,50,Female,Socks,Clothing,36,Oklahoma,XL,Black,Fall,2.8,No,Next Day Air,No,No,15,PayPal,Bi-Weekly,26,14,936,3650.4,36-50,Habitual Budget Buyers,High
2848,68,Female,Jewelry,Accessories,21,Connecticut,L,Charcoal,Winter,2.8,No,Free Shipping,No,No,3,PayPal,Every 3 Months,4,90,84,267.12,51-70,Low Engagement,Low
2849,33,Female,Boots,Footwear,72,Wisconsin,L,Gray,Fall,4.9,No,Store Pickup,No,No,28,Bank Transfer,Quarterly,4,90,288,1347.8400000000001,26-35,Big-Ticket Occasionals,Moderate
2850,56,Female,Coat,Outerwear,25,New Hampshire,M,Gold,Spring,4.1,No,Express,No,No,27,PayPal,Bi-Weekly,26,14,650,3003.0,51-70,Habitual Budget Buyers,High
2851,57,Female,Sweater,Clothing,79,Nebraska,M,Silver,Spring,3.0,No,Store Pickup,No,No,36,Debit Card,Annually,1,365,79,407.64,51-70,Big-Ticket Occasionals,Low
2852,58,Female,Blouse,Clothing,73,Nevada,L,Teal,Summer,3.0,No,Store Pickup,No,No,42,Debit Card,Monthly,12,30,876,4835.5199999999995,51-70,Premium Loyalists,High
2853,40,Female,Belt,Accessories,71,New York,M,Magenta,Spring,3.0,No,Store Pickup,No,No,30,Venmo,Weekly,52,7,3692,17721.600000000002,36-50,Premium Loyalists,Very High
2854,37,Female,Hat,Accessories,48,Pennsylvania,M,Magenta,Winter,3.2,No,Next Day Air,No,No,9,PayPal,Weekly,52,7,2496,8835.84,36-50,Habitual Budget Buyers,Very High
2855,36,Female,Sandals,Footwear,28,Delaware,M,Beige,Fall,2.7,No,Store Pickup,No,No,25,Venmo,Monthly,12,30,336,1512.0,36-50,Habitual Budget Buyers,Moderate
2856,29,Female,Boots,Footwear,95,Mississippi,S,Maroon,Winter,3.8,No,2-Day Shipping,No,No,33,PayPal,Quarterly,4,90,380,1892.4,26-35,Big-Ticket Occasionals,Moderate
2857,65,Female,Jacket,Outerwear,48,Iowa,M,Indigo,Winter,3.5,No,2-Day Shipping,No,No,31,Credit Card,Monthly,12,30,576,2799.36,51-70,Habitual Budget Buyers,High
2858,44,Female,Dress,Clothing,93,Utah,S,Maroon,Spring,3.8,No,Next Day Air,No,No,35,Debit Card,Monthly,12,30,1116,5691.599999999999,36-50,Premium Loyalists,High
2859,34,Female,Jeans,Clothing,87,Maryland,L,Teal,Summer,3.8,No,2-Day Shipping,No,No,46,Bank Transfer,Monthly,12,30,1044,6013.44,26-35,Premium Loyalists,High
2860,31,Female,Shorts,Clothing,32,Utah,L,Yellow,Fall,3.4,No,Express,No,No,29,Bank Transfer,Annually,1,365,32,151.68,26-35,Low Engagement,Low
2861,28,Female,Shirt,Clothing,38,Rhode Island,M,Gold,Spring,2.9,No,Next Day Air,No,No,49,Bank Transfer,Weekly,52,7,1976,11737.44,26-35,Habitual Budget Buyers,Very High
2862,66,Female,Coat,Outerwear,54,Maryland,M,Teal,Fall,3.4,No,Free Shipping,No,No,27,Credit Card,Monthly,12,30,648,2993.76,51-70,Habitual Budget Buyers,High
2863,68,Female,Coat,Outerwear,75,Hawaii,S,Violet,Summer,4.7,No,Store Pickup,No,No,5,Bank Transfer,Every 3 Months,4,90,300,990.0000000000001,51-70,Big-Ticket Occasionals,Moderate
2864,37,Female,T-shirt,Clothing,56,Connecticut,M,Yellow,Fall,3.9,No,2-Day Shipping,No,No,18,Venmo,Monthly,12,30,672,2741.7599999999998,36-50,Habitual Budget Buyers,High
2865,58,Female,Sweater,Clothing,43,Illinois,S,Maroon,Fall,3.6,No,Store Pickup,No,No,31,Venmo,Weekly,52,7,2236,10866.960000000001,51-70,Habitual Budget Buyers,Very High
2866,28,Female,Skirt,Clothing,97,California,M,Silver,Fall,3.7,No,Free Shipping,No,No,27,Cash,Fortnightly,26,14,2522,11651.64,26-35,Premium Loyalists,Very High
2867,54,Female,Blouse,Clothing,75,Connecticut,S,Violet,Summer,3.1,No,Free Shipping,No,No,19,Cash,Annually,1,365,75,310.5,51-70,Big-Ticket Occasionals,Low
2868,21,Female,Sneakers,Footwear,55,Colorado,L,White,Summer,4.9,No,Next Day Air,No,No,33,Cash,Fortnightly,26,14,1430,7121.400000000001,18-25,Habitual Budget Buyers,High
2869,45,Female,Backpack,Accessories,49,Colorado,M,Black,Winter,2.6,No,Next Day Air,No,No,42,PayPal,Every 3 Months,4,90,196,1081.9199999999998,36-50,Low Engagement,Moderate
2870,57,Female,Socks,Clothing,58,Georgia,M,White,Summer,4.2,No,Standard,No,No,16,Bank Transfer,Weekly,52,7,3016,11943.36,51-70,Habitual Budget Buyers,Very High
2871,47,Female,Jewelry,Accessories,34,North Dakota,M,Blue,Winter,4.8,No,Free Shipping,No,No,49,Debit Card,Every 3 Months,4,90,136,807.84,36-50,Low Engagement,Low
2872,46,Female,Shorts,Clothing,43,Idaho,S,Black,Summer,2.7,No,2-Day Shipping,No,No,40,Venmo,Bi-Weekly,26,14,1118,6037.2,36-50,Habitual Budget Buyers,High
2873,63,Female,Jewelry,Accessories,48,Connecticut,L,Olive,Fall,2.6,No,Next Day Air,No,No,5,Cash,Annually,1,365,48,158.4,51-70,Low Engagement,Low
2874,44,Female,Sweater,Clothing,40,Montana,M,Teal,Spring,2.6,No,Free Shipping,No,No,8,Bank Transfer,Monthly,12,30,480,1670.3999999999999,36-50,Habitual Budget Buyers,Moderate
2875,36,Female,Shirt,Clothing,29,Colorado,L,Silver,Summer,3.1,No,Standard,No,No,2,Debit Card,Annually,1,365,29,90.48,36-50,Low Engagement,Low
2876,24,Female,Pants,Clothing,81,Kentucky,M,Pink,Fall,2.6,No,Free Shipping,No,No,14,Debit Card,Weekly,52,7,4212,16174.08,18-25,Premium Loyalists,Very High
2877,65,Female,Hoodie,Clothing,84,New Mexico,M,Charcoal,Spring,3.4,No,2-Day Shipping,No,No,5,Bank Transfer,Fortnightly,26,14,2184,7207.200000000001,51-70,Premium Loyalists,Very High
2878,32,Female,Socks,Clothing,46,New Jersey,M,Silver,Summer,3.6,No,Standard,No,No,34,Venmo,Monthly,12,30,552,2782.0800000000004,26-35,Habitual Budget Buyers,High
2879,63,Female,Dress,Clothing,86,California,L,Turquoise,Summer,4.3,No,Next Day Air,No,No,13,Bank Transfer,Annually,1,365,86,325.08,51-70,Big-Ticket Occasionals,Low
2880,62,Female,Blouse,Clothing,57,North Dakota,XL,Turquoise,Winter,4.9,No,Free Shipping,No,No,31,Venmo,Annually,1,365,57,277.02000000000004,51-70,Low Engagement,Low
2881,19,Female,Skirt,Clothing,61,Florida,L,Beige,Winter,4.8,No,Store Pickup,No,No,43,PayPal,Quarterly,4,90,244,1361.52,18-25,Big-Ticket Occasionals,Moderate
2882,38,Female,Backpack,Accessories,90,Texas,M,Cyan,Winter,4.2,No,Free Shipping,No,No,6,Bank Transfer,Annually,1,365,90,302.40000000000003,36-50,Big-Ticket Occasionals,Low
2883,59,Female,Blouse,Clothing,51,Oklahoma,L,Gold,Winter,2.6,No,Store Pickup,No,No,23,Credit Card,Bi-Weekly,26,14,1326,5807.88,51-70,Habitual Budget Buyers,High
2884,22,Female,Socks,Clothing,48,Rhode Island,XL,Silver,Spring,3.2,No,Standard,No,No,10,PayPal,Weekly,52,7,2496,8985.6,18-25,Habitual Budget Buyers,Very High
2885,55,Female,Boots,Footwear,50,Arkansas,M,Purple,Summer,3.4,No,2-Day Shipping,No,No,47,Credit Card,Every 3 Months,4,90,200,1164.0,51-70,Low Engagement,Moderate
2886,29,Female,Backpack,Accessories,82,Nevada,M,Yellow,Summer,3.5,No,Next Day Air,No,No,14,Credit Card,Bi-Weekly,26,14,2132,8186.88,26-35,Premium Loyalists,Very High
2887,42,Female,Hat,Accessories,33,Utah,L,Blue,Spring,4.2,No,Free Shipping,No,No,29,PayPal,Weekly,52,7,1716,8133.84,36-50,Habitual Budget Buyers,Very High
2888,23,Female,Sandals,Footwear,28,Kentucky,L,Blue,Winter,2.8,No,Express,No,No,12,Cash,Bi-Weekly,26,14,728,2708.16,18-25,Habitual Budget Buyers,High
2889,70,Female,Hoodie,Clothing,42,Wisconsin,L,Green,Spring,5.0,No,2-Day Shipping,No,No,25,Debit Card,Quarterly,4,90,168,756.0,51-70,Low Engagement,Low
2890,64,Female,Sunglasses,Accessories,43,Minnesota,M,Charcoal,Fall,3.3,No,Store Pickup,No,No,21,Venmo,Annually,1,365,43,183.17999999999998,51-70,Low Engagement,Low
2891,39,Female,Jeans,Clothing,55,North Dakota,M,Violet,Winter,3.7,No,Free Shipping,No,No,23,Credit Card,Monthly,12,30,660,2890.7999999999997,36-50,Habitual Budget Buyers,High
2892,47,Female,T-shirt,Clothing,73,Ohio,XL,Black,Winter,2.5,No,Free Shipping,No,No,10,PayPal,Monthly,12,30,876,3153.6,36-50,Premium Loyalists,High
2893,22,Female,Dress,Clothing,39,Nevada,M,Teal,Spring,3.2,No,Standard,No,No,47,Credit Card,Monthly,12,30,468,2723.7599999999998,18-25,Habitual Budget Buyers,High
2894,69,Female,Belt,Accessories,20,Kentucky,S,Orange,Spring,3.1,No,Free Shipping,No,No,44,Debit Card,Every 3 Months,4,90,80,451.2,51-70,Low Engagement,Low
2895,35,Female,Jewelry,Accessories,32,Kentucky,S,Brown,Spring,3.5,No,Standard,No,No,41,Venmo,Annually,1,365,32,174.71999999999997,26-35,Low Engagement,Low
2896,56,Female,Hoodie,Clothing,86,Montana,L,Green,Summer,4.6,No,Standard,No,No,29,Bank Transfer,Monthly,12,30,1032,4891.68,51-70,Premium Loyalists,High
2897,30,Female,Blouse,Clothing,91,Delaware,M,Silver,Summer,3.3,No,Free Shipping,No,No,2,Venmo,Every 3 Months,4,90,364,1135.68,26-35,Big-Ticket Occasionals,Moderate
2898,43,Female,Jacket,Outerwear,59,Montana,L,Violet,Fall,2.5,No,Free Shipping,No,No,2,Cash,Fortnightly,26,14,1534,4786.08,36-50,Habitual Budget Buyers,High
2899,23,Female,Sneakers,Footwear,33,New Jersey,XL,Peach,Summer,4.6,No,Express,No,No,29,Credit Card,Annually,1,365,33,156.42000000000002,18-25,Low Engagement,Low
2900,50,Female,Boots,Footwear,64,Nebraska,M,Gold,Spring,4.2,No,2-Day Shipping,No,No,22,Bank Transfer,Fortnightly,26,14,1664,7188.48,36-50,Premium Loyalists,High
2901,41,Female,Blouse,Clothing,67,Maryland,XL,Violet,Winter,4.0,No,Standard,No,No,23,Cash,Bi-Weekly,26,14,1742,7629.96,36-50,Premium Loyalists,Very High
2902,41,Female,Blouse,Clothing,43,Alabama,L,Olive,Winter,2.6,No,Free Shipping,No,No,46,Credit Card,Quarterly,4,90,172,990.7199999999999,36-50,Low Engagement,Moderate
2903,27,Female,Boots,Footwear,32,North Carolina,S,Orange,Spring,4.6,No,Standard,No,No,19,PayPal,Bi-Weekly,26,14,832,3444.4799999999996,26-35,Habitual Budget Buyers,High
2904,38,Female,Scarf,Accessories,39,Delaware,S,Teal,Spring,3.5,No,2-Day Shipping,No,No,24,Credit Card,Every 3 Months,4,90,156,692.64,36-50,Low Engagement,Low
2905,41,Female,Sandals,Footwear,41,Iowa,M,Gray,Spring,4.0,No,2-Day Shipping,No,No,43,Venmo,Monthly,12,30,492,2745.3599999999997,36-50,Habitual Budget Buyers,High
2906,58,Female,Sunglasses,Accessories,53,New York,L,Black,Winter,4.8,No,Standard,No,No,14,Debit Card,Fortnightly,26,14,1378,5291.52,51-70,Habitual Budget Buyers,High
2907,58,Female,Coat,Outerwear,27,Virginia,M,Indigo,Spring,3.9,No,Standard,No,No,7,Venmo,Annually,1,365,27,92.34,51-70,Low Engagement,Low
2908,19,Female,Sunglasses,Accessories,82,Maryland,XL,Lavender,Summer,3.7,No,Next Day Air,No,No,50,PayPal,Bi-Weekly,26,14,2132,12792.0,18-25,Premium Loyalists,Very High
2909,43,Female,Blouse,Clothing,87,Texas,M,Beige,Winter,3.1,No,Store Pickup,No,No,15,Debit Card,Every 3 Months,4,90,348,1357.2,36-50,Big-Ticket Occasionals,Moderate
2910,27,Female,Backpack,Accessories,78,Louisiana,M,Indigo,Winter,3.0,No,Next Day Air,No,No,40,Credit Card,Every 3 Months,4,90,312,1684.8,26-35,Big-Ticket Occasionals,Moderate
2911,32,Female,Belt,Accessories,32,Mississippi,M,Blue,Summer,2.9,No,Store Pickup,No,No,41,Credit Card,Monthly,12,30,384,2096.64,26-35,Habitual Budget Buyers,Moderate
2912,28,Female,Socks,Clothing,38,Ohio,XL,Orange,Fall,2.9,No,Next Day Air,No,No,34,Venmo,Quarterly,4,90,152,766.08,26-35,Low Engagement,Low
2913,48,Female,Shoes,Footwear,37,Oregon,M,Yellow,Winter,4.0,No,Standard,No,No,27,Cash,Bi-Weekly,26,14,962,4444.4400000000005,36-50,Habitual Budget Buyers,High
2914,43,Female,Coat,Outerwear,83,Wyoming,L,Cyan,Winter,3.5,No,Express,No,No,12,Cash,Every 3 Months,4,90,332,1235.04,36-50,Big-Ticket Occasionals,Moderate
2915,45,Female,Sweater,Clothing,72,Pennsylvania,M,Yellow,Fall,3.8,No,Express,No,No,1,Debit Card,Bi-Weekly,26,14,1872,5728.32,36-50,Premium Loyalists,High
2916,26,Female,Shirt,Clothing,30,Oregon,M,Cyan,Fall,4.5,No,Express,No,No,39,Debit Card,Bi-Weekly,26,14,780,4165.2,26-35,Habitual Budget Buyers,High
2917,62,Female,Shorts,Clothing,66,Oklahoma,M,Green,Winter,2.7,No,Express,No,No,13,Credit Card,Bi-Weekly,26,14,1716,6486.4800000000005,51-70,Premium Loyalists,High
2918,58,Female,Shirt,Clothing,45,Colorado,XL,White,Winter,2.9,No,Store Pickup,No,No,50,Venmo,Annually,1,365,45,270.0,51-70,Low Engagement,Low
2919,19,Female,Sunglasses,Accessories,73,New York,S,Black,Fall,4.9,No,Free Shipping,No,No,36,Cash,Weekly,52,7,3796,19587.36,18-25,Premium Loyalists,Very High
2920,64,Female,Shoes,Footwear,67,Minnesota,L,Charcoal,Winter,3.8,No,Standard,No,No,31,Debit Card,Monthly,12,30,804,3907.44,51-70,Premium Loyalists,High
2921,33,Female,Sunglasses,Accessories,72,Texas,XL,Brown,Spring,4.9,No,Free Shipping,No,No,3,Debit Card,Bi-Weekly,26,14,1872,5952.96,26-35,Premium Loyalists,High
2922,20,Female,Handbag,Accessories,24,Wisconsin,M,Cyan,Fall,4.6,No,Standard,No,No,11,Cash,Fortnightly,26,14,624,2283.84,18-25,Habitual Budget Buyers,Moderate
2923,45,Female,Sunglasses,Accessories,68,Kentucky,L,Beige,Winter,3.5,No,Express,No,No,16,PayPal,Quarterly,4,90,272,1077.1200000000001,36-50,Big-Ticket Occasionals,Moderate
2924,28,Female,Shirt,Clothing,70,Pennsylvania,M,Magenta,Spring,4.2,No,2-Day Shipping,No,No,12,Cash,Quarterly,4,90,280,1041.6,26-35,Big-Ticket Occasionals,Moderate
2925,47,Female,Shirt,Clothing,64,Rhode Island,L,Indigo,Winter,3.7,No,Free Shipping,No,No,37,Debit Card,Every 3 Months,4,90,256,1336.32,36-50,Big-Ticket Occasionals,Moderate
2926,54,Female,Sweater,Clothing,91,Illinois,M,Maroon,Spring,2.8,No,Store Pickup,No,No,43,Credit Card,Every 3 Months,4,90,364,2031.12,51-70,Big-Ticket Occasionals,Moderate
2927,64,Female,Handbag,Accessories,82,Maryland,M,Gray,Winter,4.8,No,2-Day Shipping,No,No,9,Cash,Weekly,52,7,4264,15094.56,51-70,Premium Loyalists,Very High
2928,45,Female,Shirt,Clothing,24,Missouri,M,Black,Summer,2.7,No,Express,No,No,15,Venmo,Bi-Weekly,26,14,624,2433.6,36-50,Habitual Budget Buyers,Moderate
2929,40,Female,Jewelry,Accessories,80,Alabama,L,Yellow,Spring,3.6,No,Store Pickup,No,No,17,Credit Card,Weekly,52,7,4160,16723.2,36-50,Premium Loyalists,Very High
2930,31,Female,Socks,Clothing,53,Maine,XL,White,Winter,4.5,No,Next Day Air,No,No,42,Venmo,Fortnightly,26,14,1378,7606.5599999999995,26-35,Habitual Budget Buyers,Very High
2931,38,Female,T-shirt,Clothing,50,Mississippi,M,Orange,Spring,4.0,No,Free Shipping,No,No,14,Venmo,Monthly,12,30,600,2304.0,36-50,Habitual Budget Buyers,Moderate
2932,36,Female,Jewelry,Accessories,31,Alabama,M,Magenta,Fall,4.5,No,2-Day Shipping,No,No,49,Credit Card,Bi-Weekly,26,14,806,4787.64,36-50,Habitual Budget Buyers,High
2933,65,Female,Backpack,Accessories,88,Alaska,L,Black,Spring,3.9,No,Express,No,No,3,PayPal,Quarterly,4,90,352,1119.3600000000001,51-70,Big-Ticket Occasionals,Moderate
2934,27,Female,Hat,Accessories,52,Illinois,M,Brown,Summer,3.8,No,Standard,No,No,28,Venmo,Monthly,12,30,624,2920.32,26-35,Habitual Budget Buyers,High
2935,38,Female,Gloves,Accessories,22,Idaho,M,Orange,Fall,4.7,No,Next Day Air,No,No,41,Bank Transfer,Quarterly,4,90,88,480.47999999999996,36-50,Low Engagement,Low
2936,58,Female,Sneakers,Footwear,27,North Carolina,XL,Gray,Spring,4.6,No,Standard,No,No,11,Venmo,Weekly,52,7,1404,5138.64,51-70,Habitual Budget Buyers,High
2937,31,Female,Skirt,Clothing,34,Washington,M,White,Spring,3.6,No,Express,No,No,46,PayPal,Weekly,52,7,1768,10183.68,26-35,Habitual Budget Buyers,Very High
2938,28,Female,Handbag,Accessories,39,West Virginia,M,White,Spring,4.3,No,2-Day Shipping,No,No,15,Credit Card,Weekly,52,7,2028,7909.2,26-35,Habitual Budget Buyers,Very High
2939,28,Female,Sunglasses,Accessories,53,Maine,M,Violet,Fall,3.0,No,Standard,No,No,15,Cash,Monthly,12,30,636,2480.4,26-35,Habitual Budget Buyers,Moderate
2940,32,Female,Sweater,Clothing,46,Kentucky,M,Beige,Winter,4.3,No,Express,No,No,34,Venmo,Weekly,52,7,2392,12055.68,26-35,Habitual Budget Buyers,Very High
2941,61,Female,Handbag,Accessories,85,Massachusetts,L,Beige,Summer,4.8,No,Next Day Air,No,No,13,Cash,Monthly,12,30,1020,3855.6,51-70,Premium Loyalists,High
2942,38,Female,Skirt,Clothing,86,Pennsylvania,L,Purple,Spring,3.7,No,Free Shipping,No,No,27,PayPal,Monthly,12,30,1032,4767.84,36-50,Premium Loyalists,High
2943,54,Female,Socks,Clothing,63,Hawaii,M,Brown,Summer,2.6,No,Free Shipping,No,No,37,Bank Transfer,Weekly,52,7,3276,17100.72,51-70,Premium Loyalists,Very High
2944,29,Female,Shirt,Clothing,44,Virginia,M,Orange,Spring,3.4,No,Standard,No,No,37,Credit Card,Monthly,12,30,528,2756.16,26-35,Habitual Budget Buyers,High
2945,50,Female,Sneakers,Footwear,95,New York,XL,Cyan,Summer,3.9,No,Free Shipping,No,No,4,Venmo,Every 3 Months,4,90,380,1231.2,36-50,Big-Ticket Occasionals,Moderate
2946,32,Female,Belt,Accessories,49,Delaware,M,Charcoal,Summer,4.8,No,Free Shipping,No,No,1,Credit Card,Every 3 Months,4,90,196,599.76,26-35,Low Engagement,Low
2947,38,Female,Pants,Clothing,77,Hawaii,L,Purple,Spring,2.8,No,Free Shipping,No,No,29,Bank Transfer,Quarterly,4,90,308,1459.92,36-50,Big-Ticket Occasionals,Moderate
2948,52,Female,Jewelry,Accessories,63,Nebraska,L,Peach,Spring,4.4,No,Standard,No,No,50,Venmo,Annually,1,365,63,378.0,51-70,Big-Ticket Occasionals,Low
2949,61,Female,Pants,Clothing,83,Vermont,M,Violet,Winter,3.1,No,Standard,No,No,38,Debit Card,Bi-Weekly,26,14,2158,11394.24,51-70,Premium Loyalists,Very High
2950,25,Female,Jewelry,Accessories,93,Iowa,M,Peach,Spring,3.8,No,Store Pickup,No,No,15,PayPal,Annually,1,365,93,362.7,18-25,Big-Ticket Occasionals,Low
2951,22,Female,Jeans,Clothing,91,Iowa,S,Maroon,Winter,4.1,No,2-Day Shipping,No,No,44,Debit Card,Every 3 Months,4,90,364,2052.96,18-25,Big-Ticket Occasionals,Moderate
2952,47,Female,Scarf,Accessories,99,Arkansas,L,Maroon,Fall,4.6,No,Free Shipping,No,No,14,Cash,Weekly,52,7,5148,19768.32,36-50,Premium Loyalists,Very High
2953,50,Female,Belt,Accessories,24,Alabama,M,Peach,Spring,4.9,No,Next Day Air,No,No,5,Debit Card,Monthly,12,30,288,950.4000000000001,36-50,Habitual Budget Buyers,Moderate
2954,45,Female,Dress,Clothing,82,Maryland,M,Silver,Summer,4.8,No,Next Day Air,No,No,11,Credit Card,Annually,1,365,82,300.12,36-50,Big-Ticket Occasionals,Low
2955,33,Female,T-shirt,Clothing,28,South Dakota,M,Indigo,Winter,3.9,No,Express,No,No,15,Credit Card,Annually,1,365,28,109.2,26-35,Low Engagement,Low
2956,42,Female,Boots,Footwear,67,Vermont,M,Silver,Winter,2.6,No,Free Shipping,No,No,46,Credit Card,Annually,1,365,67,385.91999999999996,36-50,Big-Ticket Occasionals,Low
2957,52,Female,Dress,Clothing,88,Montana,M,Olive,Fall,3.7,No,Standard,No,No,30,Venmo,Monthly,12,30,1056,5068.8,51-70,Premium Loyalists,High
2958,69,Female,Jewelry,Accessories,70,South Dakota,S,Gray,Fall,4.7,No,Standard,No,No,2,Cash,Annually,1,365,70,218.4,51-70,Big-Ticket Occasionals,Low
2959,55,Female,Skirt,Clothing,100,Ohio,M,Black,Summer,4.5,No,Standard,No,No,28,PayPal,Monthly,12,30,1200,5616.0,51-70,Premium Loyalists,High
2960,38,Female,Handbag,Accessories,28,Texas,L,Maroon,Summer,4.7,No,Free Shipping,No,No,9,PayPal,Quarterly,4,90,112,396.47999999999996,36-50,Low Engagement,Low
2961,57,Female,Coat,Outerwear,48,Indiana,S,Olive,Spring,3.6,No,Standard,No,No,47,Credit Card,Weekly,52,7,2496,14526.72,51-70,Habitual Budget Buyers,Very High
2962,33,Female,Hoodie,Clothing,43,New Hampshire,S,Gold,Fall,2.8,No,Free Shipping,No,No,21,Debit Card,Bi-Weekly,26,14,1118,4762.679999999999,26-35,Habitual Budget Buyers,High
2963,57,Female,Pants,Clothing,40,California,L,Pink,Fall,4.0,No,Express,No,No,42,Credit Card,Every 3 Months,4,90,160,883.1999999999999,51-70,Low Engagement,Moderate
2964,52,Female,Boots,Footwear,97,Maine,M,Brown,Spring,3.6,No,Free Shipping,No,No,28,Credit Card,Weekly,52,7,5044,23605.920000000002,51-70,Premium Loyalists,Very High
2965,44,Female,Coat,Outerwear,25,Ohio,S,White,Fall,3.8,No,2-Day Shipping,No,No,13,Venmo,Fortnightly,26,14,650,2457.0,36-50,Habitual Budget Buyers,Moderate
2966,48,Female,Scarf,Accessories,45,Delaware,M,Blue,Summer,4.4,No,Standard,No,No,25,PayPal,Fortnightly,26,14,1170,5265.0,36-50,Habitual Budget Buyers,High
2967,52,Female,Boots,Footwear,49,Oklahoma,L,Orange,Fall,2.8,No,Store Pickup,No,No,38,Debit Card,Every 3 Months,4,90,196,1034.88,51-70,Low Engagement,Moderate
2968,34,Female,Sneakers,Footwear,36,Indiana,L,Silver,Summer,3.4,No,Free Shipping,No,No,40,Venmo,Annually,1,365,36,194.4,26-35,Low Engagement,Low
2969,26,Female,Sweater,Clothing,48,South Carolina,S,Gray,Fall,4.9,No,Express,No,No,25,Cash,Every 3 Months,4,90,192,864.0,26-35,Low Engagement,Moderate
2970,36,Female,Belt,Accessories,62,Vermont,S,Blue,Fall,4.3,No,Next Day Air,No,No,20,Cash,Every 3 Months,4,90,248,1041.6,36-50,Big-Ticket Occasionals,Moderate
2971,24,Female,Jewelry,Accessories,74,Kansas,M,White,Winter,3.4,No,Free Shipping,No,No,44,Credit Card,Bi-Weekly,26,14,1924,10851.359999999999,18-25,Premium Loyalists,Very High
2972,30,Female,Handbag,Accessories,100,Utah,L,Yellow,Fall,3.9,No,Next Day Air,No,No,9,PayPal,Every 3 Months,4,90,400,1416.0,26-35,Big-Ticket Occasionals,Moderate
2973,31,Female,Jacket,Outerwear,39,New York,S,Indigo,Fall,4.2,No,Free Shipping,No,No,11,Venmo,Every 3 Months,4,90,156,570.96,26-35,Low Engagement,Low
2974,25,Female,Boots,Footwear,65,Indiana,M,Blue,Summer,2.7,No,Store Pickup,No,No,3,Bank Transfer,Fortnightly,26,14,1690,5374.2,18-25,Premium Loyalists,High
2975,57,Female,Sneakers,Footwear,99,Tennessee,XL,Peach,Summer,4.1,No,Store Pickup,No,No,34,Credit Card,Weekly,52,7,5148,25945.920000000002,51-70,Premium Loyalists,Very High
2976,61,Female,Scarf,Accessories,68,Georgia,XL,Lavender,Winter,4.5,No,2-Day Shipping,No,No,48,Cash,Every 3 Months,4,90,272,1599.36,51-70,Big-Ticket Occasionals,Moderate
2977,30,Female,Coat,Outerwear,97,Nebraska,M,Silver,Summer,2.8,No,Express,No,No,28,Cash,Fortnightly,26,14,2522,11802.960000000001,26-35,Premium Loyalists,Very High
2978,38,Female,Shorts,Clothing,47,Washington,L,Gold,Winter,3.4,No,Standard,No,No,20,Venmo,Annually,1,365,47,197.39999999999998,36-50,Low Engagement,Low
2979,53,Female,Shorts,Clothing,56,Idaho,S,Cyan,Spring,3.9,No,Free Shipping,No,No,49,Bank Transfer,Fortnightly,26,14,1456,8648.64,51-70,Habitual Budget Buyers,Very High
2980,31,Female,Jeans,Clothing,91,Louisiana,L,Olive,Fall,2.6,No,Next Day Air,No,No,14,PayPal,Weekly,52,7,4732,18170.88,26-35,Premium Loyalists,Very High
2981,70,Female,Gloves,Accessories,93,New Jersey,L,Teal,Fall,4.4,No,2-Day Shipping,No,No,9,Bank Transfer,Monthly,12,30,1116,3950.64,51-70,Premium Loyalists,High
2982,21,Female,Pants,Clothing,36,Delaware,L,Pink,Winter,4.9,No,Standard,No,No,37,Venmo,Annually,1,365,36,187.92,18-25,Low Engagement,Low
2983,33,Female,Dress,Clothing,45,Wisconsin,M,Orange,Summer,3.6,No,Store Pickup,No,No,4,Credit Card,Weekly,52,7,2340,7581.6,26-35,Habitual Budget Buyers,Very High
2984,60,Female,Pants,Clothing,44,West Virginia,M,Charcoal,Winter,2.8,No,2-Day Shipping,No,No,1,Credit Card,Quarterly,4,90,176,538.5600000000001,51-70,Low Engagement,Low
2985,45,Female,Gloves,Accessories,32,Texas,L,Red,Spring,4.3,No,2-Day Shipping,No,No,36,Debit Card,Bi-Weekly,26,14,832,4293.12,36-50,Habitual Budget Buyers,High
2986,46,Female,Belt,Accessories,36,Hawaii,S,Teal,Summer,3.0,No,Express,No,No,21,Cash,Bi-Weekly,26,14,936,3987.3599999999997,36-50,Habitual Budget Buyers,High
2987,62,Female,Belt,Accessories,85,Arizona,S,Silver,Summer,3.3,No,2-Day Shipping,No,No,16,Credit Card,Monthly,12,30,1020,4039.2000000000003,51-70,Premium Loyalists,High
2988,63,Female,Skirt,Clothing,36,Louisiana,L,Black,Winter,2.5,No,Store Pickup,No,No,42,Cash,Monthly,12,30,432,2384.64,51-70,Habitual Budget Buyers,Moderate
2989,69,Female,Socks,Clothing,55,Nevada,S,Pink,Spring,5.0,No,2-Day Shipping,No,No,31,Debit Card,Monthly,12,30,660,3207.6000000000004,51-70,Habitual Budget Buyers,High
2990,46,Female,Belt,Accessories,20,Rhode Island,XL,Teal,Summer,4.3,No,2-Day Shipping,No,No,6,Credit Card,Weekly,52,7,1040,3494.4000000000005,36-50,Habitual Budget Buyers,High
2991,69,Female,Shirt,Clothing,91,Illinois,M,Teal,Fall,4.2,No,Free Shipping,No,No,24,Venmo,Monthly,12,30,1092,4848.48,51-70,Premium Loyalists,High
2992,66,Female,Dress,Clothing,71,Utah,L,Green,Summer,3.9,No,Standard,No,No,7,PayPal,Bi-Weekly,26,14,1846,6313.320000000001,51-70,Premium Loyalists,High
2993,41,Female,Socks,Clothing,64,North Dakota,M,Charcoal,Spring,3.9,No,Store Pickup,No,No,25,Venmo,Weekly,52,7,3328,14976.0,36-50,Premium Loyalists,Very High
2994,32,Female,Jacket,Outerwear,21,Kansas,L,Indigo,Spring,4.2,No,Free Shipping,No,No,18,Cash,Bi-Weekly,26,14,546,2227.68,26-35,Habitual Budget Buyers,Moderate
2995,69,Female,Sweater,Clothing,100,Nevada,S,White,Winter,3.5,No,Store Pickup,No,No,14,Bank Transfer,Quarterly,4,90,400,1536.0,51-70,Big-Ticket Occasionals,Moderate
2996,29,Female,Jeans,Clothing,96,Virginia,M,Orange,Summer,2.5,No,Standard,No,No,42,Debit Card,Bi-Weekly,26,14,2496,13777.919999999998,26-35,Premium Loyalists,Very High
2997,70,Female,Jewelry,Accessories,91,Utah,M,White,Spring,2.9,No,Express,No,No,6,Venmo,Every 3 Months,4,90,364,1223.0400000000002,51-70,Big-Ticket Occasionals,Moderate
2998,41,Female,Sweater,Clothing,40,Idaho,S,Yellow,Spring,2.7,No,Next Day Air,No,No,14,Venmo,Every 3 Months,4,90,160,614.4,36-50,Low Engagement,Low
2999,31,Female,Hoodie,Clothing,53,Alaska,M,Red,Summer,4.7,No,Express,No,No,30,Debit Card,Quarterly,4,90,212,1017.6,26-35,Low Engagement,Moderate
3000,31,Female,Sunglasses,Accessories,48,New Hampshire,S,Charcoal,Winter,3.8,No,Standard,No,No,10,Cash,Monthly,12,30,576,2073.6,26-35,Habitual Budget Buyers,Moderate
3001,57,Female,Sandals,Footwear,70,Ohio,M,Lavender,Winter,3.7,No,Express,No,No,7,PayPal,Weekly,52,7,3640,12448.800000000001,51-70,Premium Loyalists,Very High
3002,29,Female,Coat,Outerwear,29,Montana,L,Charcoal,Summer,4.7,No,Express,No,No,28,Credit Card,Quarterly,4,90,116,542.88,26-35,Low Engagement,Low
3003,70,Female,Belt,Accessories,29,Louisiana,M,Maroon,Fall,3.6,No,Next Day Air,No,No,19,Bank Transfer,Quarterly,4,90,116,480.23999999999995,51-70,Low Engagement,Low
3004,51,Female,Blouse,Clothing,53,Oregon,M,Brown,Fall,2.8,No,Express,No,No,13,Credit Card,Every 3 Months,4,90,212,801.36,51-70,Low Engagement,Low
3005,45,Female,Skirt,Clothing,79,Arizona,M,Lavender,Winter,3.7,No,Store Pickup,No,No,23,Venmo,Fortnightly,26,14,2054,8996.52,36-50,Premium Loyalists,Very High
3006,18,Female,Shorts,Clothing,65,Alaska,XL,Brown,Spring,3.5,No,Express,No,No,5,Venmo,Weekly,52,7,3380,11154.0,18-25,Premium Loyalists,Very High
3007,37,Female,Dress,Clothing,99,Utah,M,Olive,Summer,3.7,No,Store Pickup,No,No,17,Venmo,Bi-Weekly,26,14,2574,10347.480000000001,36-50,Premium Loyalists,Very High
3008,23,Female,Sunglasses,Accessories,60,New York,L,Lavender,Winter,3.0,No,Next Day Air,No,No,31,Venmo,Weekly,52,7,3120,15163.2,18-25,Habitual Budget Buyers,Very High
3009,39,Female,Shoes,Footwear,86,New Mexico,M,Gold,Winter,4.9,No,Free Shipping,No,No,19,PayPal,Weekly,52,7,4472,18514.079999999998,36-50,Premium Loyalists,Very High
3010,62,Female,Belt,Accessories,73,Louisiana,M,Silver,Winter,4.6,No,Free Shipping,No,No,8,Venmo,Fortnightly,26,14,1898,6605.04,51-70,Premium Loyalists,High
3011,70,Female,Belt,Accessories,45,Ohio,M,Violet,Winter,3.3,No,Free Shipping,No,No,15,Credit Card,Annually,1,365,45,175.5,51-70,Low Engagement,Low
3012,20,Female,Belt,Accessories,70,Nevada,S,Brown,Summer,3.0,No,Next Day Air,No,No,18,Credit Card,Every 3 Months,4,90,280,1142.3999999999999,18-25,Big-Ticket Occasionals,Moderate
3013,42,Female,Belt,Accessories,65,Idaho,M,Teal,Fall,3.5,No,Standard,No,No,16,PayPal,Annually,1,365,65,257.40000000000003,36-50,Big-Ticket Occasionals,Low
3014,41,Female,Skirt,Clothing,55,Arizona,L,Peach,Summer,4.2,No,Store Pickup,No,No,13,Cash,Monthly,12,30,660,2494.8,36-50,Habitual Budget Buyers,Moderate
3015,24,Female,T-shirt,Clothing,65,Utah,M,Maroon,Spring,4.5,No,Express,No,No,38,PayPal,Every 3 Months,4,90,260,1372.8,18-25,Big-Ticket Occasionals,Moderate
3016,37,Female,Scarf,Accessories,21,Wyoming,XL,Lavender,Spring,2.8,No,Express,No,No,27,Bank Transfer,Bi-Weekly,26,14,546,2522.52,36-50,Habitual Budget Buyers,High
3017,30,Female,Blouse,Clothing,26,Indiana,L,Lavender,Summer,4.9,No,Store Pickup,No,No,31,Bank Transfer,Quarterly,4,90,104,505.44000000000005,26-35,Low Engagement,Low
3018,58,Female,Sunglasses,Accessories,71,Wisconsin,S,Purple,Summer,3.3,No,Next Day Air,No,No,24,Cash,Bi-Weekly,26,14,1846,8196.24,51-70,Premium Loyalists,Very High
3019,43,Female,Boots,Footwear,41,Texas,M,Green,Summer,3.0,No,Free Shipping,No,No,21,Debit Card,Bi-Weekly,26,14,1066,4541.16,36-50,Habitual Budget Buyers,High
3020,19,Female,Jacket,Outerwear,44,Utah,M,Yellow,Winter,3.9,No,2-Day Shipping,No,No,15,PayPal,Annually,1,365,44,171.6,18-25,Low Engagement,Low
3021,23,Female,Jeans,Clothing,81,Arkansas,S,Charcoal,Fall,2.8,No,Store Pickup,No,No,48,Venmo,Every 3 Months,4,90,324,1905.12,18-25,Big-Ticket Occasionals,Moderate
3022,65,Female,Sunglasses,Accessories,77,Pennsylvania,S,Blue,Summer,4.5,No,2-Day Shipping,No,No,47,Cash,Quarterly,4,90,308,1792.56,51-70,Big-Ticket Occasionals,Moderate
3023,58,Female,Sandals,Footwear,26,Georgia,M,Lavender,Fall,4.0,No,Free Shipping,No,No,23,PayPal,Weekly,52,7,1352,5921.76,51-70,Habitual Budget Buyers,High
3024,50,Female,Backpack,Accessories,31,Indiana,M,Brown,Summer,2.9,No,Express,No,No,4,PayPal,Quarterly,4,90,124,401.76000000000005,36-50,Low Engagement,Low
3025,67,Female,Blouse,Clothing,82,Idaho,S,White,Spring,4.0,No,Free Shipping,No,No,47,Credit Card,Every 3 Months,4,90,328,1908.96,51-70,Big-Ticket Occasionals,Moderate
3026,40,Female,Shoes,Footwear,60,Montana,XL,Green,Summer,3.4,No,Store Pickup,No,No,7,PayPal,Monthly,12,30,720,2462.4,36-50,Habitual Budget Buyers,Moderate
3027,55,Female,Shirt,Clothing,70,Tennessee,L,Magenta,Fall,2.5,No,Free Shipping,No,No,6,Credit Card,Annually,1,365,70,235.20000000000002,51-70,Big-Ticket Occasionals,Low
3028,52,Female,Hoodie,Clothing,26,West Virginia,XL,Peach,Winter,2.8,No,2-Day Shipping,No,No,47,Credit Card,Quarterly,4,90,104,605.28,51-70,Low Engagement,Low
3029,62,Female,Dress,Clothing,100,California,L,Charcoal,Summer,3.0,No,Free Shipping,No,No,7,PayPal,Every 3 Months,4,90,400,1368.0000000000002,51-70,Big-Ticket Occasionals,Moderate
3030,64,Female,Dress,Clothing,82,Georgia,M,Gold,Summer,3.1,No,Free Shipping,No,No,1,Debit Card,Quarterly,4,90,328,1003.6800000000001,51-70,Big-Ticket Occasionals,Moderate
3031,43,Female,Sneakers,Footwear,24,Maryland,XL,Purple,Spring,2.6,No,2-Day Shipping,No,No,23,Credit Card,Weekly,52,7,1248,5466.24,36-50,Habitual Budget Buyers,High
3032,61,Female,Blouse,Clothing,74,Idaho,L,Teal,Summer,4.9,No,2-Day Shipping,No,No,30,Credit Card,Monthly,12,30,888,4262.400000000001,51-70,Premium Loyalists,High
3033,26,Female,Backpack,Accessories,58,California,XL,Green,Summer,3.5,No,Next Day Air,No,No,24,Credit Card,Quarterly,4,90,232,1030.08,26-35,Low Engagement,Moderate
3034,22,Female,Sweater,Clothing,56,Alabama,L,Orange,Spring,2.6,No,Store Pickup,No,No,9,PayPal,Weekly,52,7,2912,10308.48,18-25,Habitual Budget Buyers,Very High
3035,51,Female,Boots,Footwear,37,Utah,L,Peach,Spring,3.5,No,2-Day Shipping,No,No,25,Credit Card,Quarterly,4,90,148,666.0,51-70,Low Engagement,Low
3036,69,Female,Handbag,Accessories,64,Kentucky,M,Gold,Spring,4.5,No,Free Shipping,No,No,18,Cash,Bi-Weekly,26,14,1664,6789.119999999999,51-70,Premium Loyalists,High
3037,50,Female,Hoodie,Clothing,58,Vermont,S,Violet,Spring,4.3,No,Next Day Air,No,No,7,Venmo,Fortnightly,26,14,1508,5157.360000000001,36-50,Habitual Budget Buyers,High
3038,51,Female,Belt,Accessories,44,Iowa,L,Charcoal,Summer,4.8,No,Next Day Air,No,No,2,Cash,Annually,1,365,44,137.28,51-70,Low Engagement,Low
3039,56,Female,Jewelry,Accessories,39,Georgia,M,Brown,Summer,4.2,No,Free Shipping,No,No,36,Debit Card,Annually,1,365,39,201.24,51-70,Low Engagement,Low
3040,59,Female,Blouse,Clothing,48,Alabama,L,Blue,Spring,3.2,No,Next Day Air,No,No,31,PayPal,Bi-Weekly,26,14,1248,6065.280000000001,51-70,Habitual Budget Buyers,High
3041,18,Female,Handbag,Accessories,32,Nebraska,M,Gold,Fall,4.1,No,Express,No,No,10,Cash,Fortnightly,26,14,832,2995.2,18-25,Habitual Budget Buyers,High
3042,48,Female,Handbag,Accessories,79,Rhode Island,M,Orange,Winter,4.0,No,Express,No,No,27,PayPal,Monthly,12,30,948,4379.76,36-50,Premium Loyalists,High
3043,53,Female,Coat,Outerwear,27,South Dakota,L,Turquoise,Winter,2.9,No,Next Day Air,No,No,14,PayPal,Every 3 Months,4,90,108,414.72,51-70,Low Engagement,Low
3044,45,Female,Belt,Accessories,98,Illinois,S,Peach,Fall,2.6,No,Store Pickup,No,No,17,Credit Card,Monthly,12,30,1176,4727.52,36-50,Premium Loyalists,High
3045,21,Female,Boots,Footwear,67,North Carolina,M,Magenta,Winter,2.7,No,Free Shipping,No,No,10,Bank Transfer,Quarterly,4,90,268,964.8,18-25,Big-Ticket Occasionals,Moderate
3046,42,Female,Socks,Clothing,37,Florida,L,Black,Winter,4.6,No,2-Day Shipping,No,No,4,PayPal,Bi-Weekly,26,14,962,3116.88,36-50,Habitual Budget Buyers,High
3047,60,Female,Shoes,Footwear,49,Pennsylvania,M,White,Spring,3.2,No,Store Pickup,No,No,25,Cash,Every 3 Months,4,90,196,882.0,51-70,Low Engagement,Moderate
3048,21,Female,Sneakers,Footwear,74,Vermont,M,Violet,Fall,4.1,No,2-Day Shipping,No,No,3,PayPal,Bi-Weekly,26,14,1924,6118.320000000001,18-25,Premium Loyalists,High
3049,69,Female,Jewelry,Accessories,93,Colorado,M,Olive,Summer,3.9,No,Standard,No,No,47,Venmo,Fortnightly,26,14,2418,14072.76,51-70,Premium Loyalists,Very High
3050,40,Female,Handbag,Accessories,60,Utah,L,Red,Summer,3.0,No,Next Day Air,No,No,41,Bank Transfer,Bi-Weekly,26,14,1560,8517.599999999999,36-50,Habitual Budget Buyers,Very High
3051,31,Female,Coat,Outerwear,76,Kentucky,S,Green,Spring,3.6,No,Standard,No,No,28,Venmo,Every 3 Months,4,90,304,1422.72,26-35,Big-Ticket Occasionals,Moderate
3052,44,Female,Sunglasses,Accessories,64,Wyoming,L,Gold,Summer,4.6,No,Express,No,No,49,Debit Card,Every 3 Months,4,90,256,1520.6399999999999,36-50,Big-Ticket Occasionals,Moderate
3053,48,Female,Shoes,Footwear,38,Maine,XL,Olive,Spring,4.5,No,Store Pickup,No,No,7,Bank Transfer,Fortnightly,26,14,988,3378.9600000000005,36-50,Habitual Budget Buyers,High
3054,32,Female,Shoes,Footwear,91,Maine,L,Brown,Winter,3.2,No,Next Day Air,No,No,22,Bank Transfer,Monthly,12,30,1092,4717.44,26-35,Premium Loyalists,High
3055,42,Female,Boots,Footwear,70,New Hampshire,S,Magenta,Summer,4.9,No,2-Day Shipping,No,No,34,Venmo,Monthly,12,30,840,4233.6,36-50,Premium Loyalists,High
3056,27,Female,Sandals,Footwear,22,Kansas,M,Violet,Fall,5.0,No,Standard,No,No,5,Debit Card,Bi-Weekly,26,14,572,1887.6000000000001,26-35,Habitual Budget Buyers,Moderate
3057,69,Female,Gloves,Accessories,59,New Jersey,M,Beige,Spring,3.8,No,Standard,No,No,15,Cash,Bi-Weekly,26,14,1534,5982.6,51-70,Habitual Budget Buyers,High
3058,67,Female,Backpack,Accessories,22,North Carolina,M,Blue,Spring,3.4,No,Next Day Air,No,No,26,Bank Transfer,Weekly,52,7,1144,5216.64,51-70,Habitual Budget Buyers,High
3059,41,Female,Handbag,Accessories,74,West Virginia,S,Orange,Winter,3.8,No,Store Pickup,No,No,3,Bank Transfer,Fortnightly,26,14,1924,6118.320000000001,36-50,Premium Loyalists,High
3060,46,Female,Sweater,Clothing,71,Kentucky,L,Maroon,Spring,3.2,No,Express,No,No,42,Credit Card,Quarterly,4,90,284,1567.6799999999998,36-50,Big-Ticket Occasionals,Moderate
3061,47,Female,Coat,Outerwear,80,California,S,Charcoal,Summer,4.7,No,Store Pickup,No,No,1,Venmo,Monthly,12,30,960,2937.6,36-50,Premium Loyalists,High
3062,33,Female,T-shirt,Clothing,59,South Dakota,L,Olive,Fall,4.5,No,Express,No,No,20,PayPal,Every 3 Months,4,90,236,991.1999999999999,26-35,Low Engagement,Moderate
3063,51,Female,Backpack,Accessories,96,California,L,Green,Fall,3.3,No,Standard,No,No,39,PayPal,Monthly,12,30,1152,6151.68,51-70,Premium Loyalists,High
3064,26,Female,Sunglasses,Accessories,43,Connecticut,L,Brown,Winter,3.9,No,Store Pickup,No,No,24,Credit Card,Fortnightly,26,14,1118,4963.92,26-35,Habitual Budget Buyers,High
3065,22,Female,Belt,Accessories,76,Idaho,S,Cyan,Winter,3.6,No,Express,No,No,49,Bank Transfer,Quarterly,4,90,304,1805.76,18-25,Big-Ticket Occasionals,Moderate
3066,49,Female,Jacket,Outerwear,59,North Dakota,M,Beige,Fall,2.8,No,Store Pickup,No,No,7,Venmo,Bi-Weekly,26,14,1534,5246.280000000001,36-50,Habitual Budget Buyers,High
3067,58,Female,Skirt,Clothing,48,Michigan,L,Teal,Summer,4.3,No,Free Shipping,No,No,13,Venmo,Every 3 Months,4,90,192,725.76,51-70,Low Engagement,Low
3068,70,Female,Belt,Accessories,22,Missouri,S,Gray,Spring,3.5,No,Free Shipping,No,No,2,Cash,Weekly,52,7,1144,3569.28,51-70,Habitual Budget Buyers,High
3069,32,Female,Boots,Footwear,40,California,M,Indigo,Winter,4.2,No,Express,No,No,4,Debit Card,Weekly,52,7,2080,6739.200000000001,26-35,Habitual Budget Buyers,High
3070,62,Female,Jeans,Clothing,73,Delaware,L,Magenta,Spring,4.6,No,Express,No,No,17,Debit Card,Quarterly,4,90,292,1173.8400000000001,51-70,Big-Ticket Occasionals,Moderate
3071,52,Female,Shoes,Footwear,26,Alabama,XL,Red,Fall,2.6,No,Free Shipping,No,No,43,PayPal,Bi-Weekly,26,14,676,3772.08,51-70,Habitual Budget Buyers,High
3072,23,Female,Sweater,Clothing,41,New Hampshire,L,Turquoise,Spring,3.4,No,Next Day Air,No,No,6,PayPal,Monthly,12,30,492,1653.1200000000001,18-25,Habitual Budget Buyers,Moderate
3073,26,Female,Jewelry,Accessories,98,New York,L,Peach,Spring,3.1,No,Standard,No,No,46,PayPal,Quarterly,4,90,392,2257.92,26-35,Big-Ticket Occasionals,Moderate
3074,58,Female,Shirt,Clothing,63,Oregon,L,White,Winter,3.6,No,Free Shipping,No,No,7,Debit Card,Bi-Weekly,26,14,1638,5601.960000000001,51-70,Premium Loyalists,High
3075,26,Female,Boots,Footwear,55,Massachusetts,L,Maroon,Winter,4.2,No,Next Day Air,No,No,34,Debit Card,Fortnightly,26,14,1430,7207.200000000001,26-35,Habitual Budget Buyers,Very High
3076,54,Female,Shorts,Clothing,90,Utah,XL,Beige,Winter,3.6,No,Standard,No,No,21,PayPal,Every 3 Months,4,90,360,1533.6,51-70,Big-Ticket Occasionals,Moderate
3077,66,Female,Handbag,Accessories,46,New Hampshire,M,Blue,Summer,3.6,No,Express,No,No,13,Venmo,Bi-Weekly,26,14,1196,4520.88,51-70,Habitual Budget Buyers,High
3078,60,Female,Sweater,Clothing,88,Illinois,S,Red,Spring,3.0,No,Store Pickup,No,No,33,Debit Card,Bi-Weekly,26,14,2288,11394.240000000002,51-70,Premium Loyalists,Very High
3079,32,Female,Belt,Accessories,95,Alaska,M,Blue,Spring,2.5,No,2-Day Shipping,No,No,24,Bank Transfer,Bi-Weekly,26,14,2470,10966.8,26-35,Premium Loyalists,Very High
3080,48,Female,Belt,Accessories,31,Wyoming,M,Maroon,Fall,4.0,No,Store Pickup,No,No,4,Bank Transfer,Annually,1,365,31,100.44000000000001,36-50,Low Engagement,Low
3081,69,Female,Hoodie,Clothing,42,Colorado,L,Yellow,Spring,4.1,No,Next Day Air,No,No,5,Cash,Bi-Weekly,26,14,1092,3603.6000000000004,51-70,Habitual Budget Buyers,High
3082,64,Female,Sneakers,Footwear,44,Vermont,L,Pink,Winter,4.9,No,Next Day Air,No,No,11,Credit Card,Weekly,52,7,2288,8374.08,51-70,Habitual Budget Buyers,Very High
3083,56,Female,T-shirt,Clothing,99,Utah,M,Maroon,Spring,4.0,No,Next Day Air,No,No,20,Bank Transfer,Annually,1,365,99,415.79999999999995,51-70,Big-Ticket Occasionals,Low
3084,22,Female,Pants,Clothing,20,Illinois,S,Purple,Summer,3.5,No,Store Pickup,No,No,28,PayPal,Quarterly,4,90,80,374.40000000000003,18-25,Low Engagement,Low
3085,46,Female,Scarf,Accessories,37,Idaho,S,Indigo,Spring,3.2,No,Store Pickup,No,No,43,PayPal,Monthly,12,30,444,2477.52,36-50,Habitual Budget Buyers,Moderate
3086,24,Female,Sweater,Clothing,50,Nevada,L,Gray,Winter,2.8,No,Store Pickup,No,No,10,Venmo,Every 3 Months,4,90,200,720.0,18-25,Low Engagement,Low
3087,47,Female,Handbag,Accessories,73,Utah,M,Lavender,Summer,3.5,No,Next Day Air,No,No,26,Venmo,Every 3 Months,4,90,292,1331.52,36-50,Big-Ticket Occasionals,Moderate
3088,62,Female,Shirt,Clothing,84,North Carolina,M,Charcoal,Spring,3.1,No,Free Shipping,No,No,29,Bank Transfer,Monthly,12,30,1008,4777.92,51-70,Premium Loyalists,High
3089,34,Female,Dress,Clothing,64,Arkansas,M,Teal,Spring,3.3,No,Store Pickup,No,No,35,Bank Transfer,Quarterly,4,90,256,1305.6,26-35,Big-Ticket Occasionals,Moderate
3090,50,Female,Sandals,Footwear,21,North Carolina,L,Blue,Fall,4.6,No,Free Shipping,No,No,23,Cash,Bi-Weekly,26,14,546,2391.48,36-50,Habitual Budget Buyers,Moderate
3091,29,Female,Shirt,Clothing,36,Texas,M,Peach,Summer,4.9,No,Store Pickup,No,No,15,Bank Transfer,Quarterly,4,90,144,561.6,26-35,Low Engagement,Low
3092,68,Female,Dress,Clothing,81,Nevada,L,Orange,Winter,3.4,No,2-Day Shipping,No,No,46,Credit Card,Annually,1,365,81,466.56,51-70,Big-Ticket Occasionals,Low
3093,52,Female,Sunglasses,Accessories,54,Utah,L,Silver,Fall,3.5,No,Next Day Air,No,No,14,Bank Transfer,Bi-Weekly,26,14,1404,5391.36,51-70,Habitual Budget Buyers,High
3094,29,Female,Socks,Clothing,63,Pennsylvania,L,Red,Summer,4.8,No,Store Pickup,No,No,17,Cash,Every 3 Months,4,90,252,1013.0400000000001,26-35,Big-Ticket Occasionals,Moderate
3095,22,Female,Sandals,Footwear,59,Georgia,M,Gray,Summer,2.7,No,Store Pickup,No,No,9,Cash,Weekly,52,7,3068,10860.72,18-25,Habitual Budget Buyers,Very High
3096,62,Female,Hat,Accessories,53,Minnesota,S,Beige,Fall,3.4,No,Standard,No,No,13,Venmo,Fortnightly,26,14,1378,5208.84,51-70,Habitual Budget Buyers,High
3097,69,Female,Shirt,Clothing,63,Kansas,L,White,Winter,3.5,No,Next Day Air,No,No,20,Bank Transfer,Monthly,12,30,756,3175.2,51-70,Premium Loyalists,High
3098,48,Female,Shoes,Footwear,33,Delaware,M,Silver,Fall,3.7,No,Free Shipping,No,No,39,Bank Transfer,Quarterly,4,90,132,704.88,36-50,Low Engagement,Low
3099,66,Female,Pants,Clothing,64,New Mexico,L,Cyan,Summer,3.3,No,Next Day Air,No,No,50,Bank Transfer,Quarterly,4,90,256,1536.0,51-70,Big-Ticket Occasionals,Moderate
3100,42,Female,Shirt,Clothing,98,Michigan,S,Maroon,Fall,2.9,No,Free Shipping,No,No,21,Bank Transfer,Bi-Weekly,26,14,2548,10854.48,36-50,Premium Loyalists,Very High
3101,50,Female,Hat,Accessories,85,Vermont,L,Purple,Winter,3.9,No,Express,No,No,3,Bank Transfer,Weekly,52,7,4420,14055.6,36-50,Premium Loyalists,Very High
3102,32,Female,Jewelry,Accessories,82,Idaho,S,Brown,Summer,2.7,No,Express,No,No,9,PayPal,Fortnightly,26,14,2132,7547.28,26-35,Premium Loyalists,Very High
3103,51,Female,Jacket,Outerwear,85,South Dakota,M,Green,Summer,4.3,No,Standard,No,No,29,Cash,Bi-Weekly,26,14,2210,10475.4,51-70,Premium Loyalists,Very High
3104,27,Female,Shirt,Clothing,37,Illinois,S,Peach,Winter,3.0,No,2-Day Shipping,No,No,42,Bank Transfer,Weekly,52,7,1924,10620.48,26-35,Habitual Budget Buyers,Very High
3105,43,Female,Pants,Clothing,56,Georgia,S,Turquoise,Summer,5.0,No,2-Day Shipping,No,No,41,Debit Card,Fortnightly,26,14,1456,7949.759999999999,36-50,Habitual Budget Buyers,Very High
3106,48,Female,Skirt,Clothing,33,Oregon,M,Olive,Fall,2.7,No,Express,No,No,17,Debit Card,Monthly,12,30,396,1591.92,36-50,Habitual Budget Buyers,Moderate
3107,62,Female,Sandals,Footwear,57,Alabama,M,Yellow,Winter,4.7,No,Next Day Air,No,No,20,PayPal,Annually,1,365,57,239.39999999999998,51-70,Low Engagement,Low
3108,65,Female,Blouse,Clothing,31,Hawaii,L,Gray,Winter,4.6,No,Standard,No,No,18,Credit Card,Bi-Weekly,26,14,806,3288.4799999999996,51-70,Habitual Budget Buyers,High
3109,50,Female,Socks,Clothing,69,Oregon,M,Purple,Fall,3.2,No,2-Day Shipping,No,No,7,PayPal,Monthly,12,30,828,2831.76,36-50,Premium Loyalists,High
3110,60,Female,Jacket,Outerwear,92,Illinois,M,Gray,Winter,4.3,No,Free Shipping,No,No,47,Bank Transfer,Fortnightly,26,14,2392,13921.44,51-70,Premium Loyalists,Very High
3111,19,Female,Handbag,Accessories,46,Texas,L,Lavender,Fall,4.6,No,Next Day Air,No,No,2,Bank Transfer,Bi-Weekly,26,14,1196,3731.52,18-25,Habitual Budget Buyers,High
3112,21,Female,Belt,Accessories,81,Kansas,XL,Indigo,Spring,4.9,No,Free Shipping,No,No,25,Debit Card,Quarterly,4,90,324,1458.0,18-25,Big-Ticket Occasionals,Moderate
3113,19,Female,Blouse,Clothing,97,Texas,S,Green,Fall,3.8,No,Express,No,No,26,Venmo,Annually,1,365,97,442.32,18-25,Big-Ticket Occasionals,Low
3114,46,Female,Shirt,Clothing,93,Nebraska,L,Green,Summer,2.6,No,Express,No,No,2,Debit Card,Weekly,52,7,4836,15088.32,36-50,Premium Loyalists,Very High
3115,21,Female,Handbag,Accessories,56,Arkansas,M,Olive,Spring,4.7,No,Store Pickup,No,No,45,Venmo,Bi-Weekly,26,14,1456,8299.199999999999,18-25,Habitual Budget Buyers,Very High
3116,26,Female,Scarf,Accessories,53,South Dakota,M,Charcoal,Fall,4.1,No,Free Shipping,No,No,9,Bank Transfer,Bi-Weekly,26,14,1378,4878.12,26-35,Habitual Budget Buyers,High
3117,50,Female,Coat,Outerwear,66,Montana,L,Gray,Spring,3.7,No,Store Pickup,No,No,1,Venmo,Weekly,52,7,3432,10501.92,36-50,Premium Loyalists,Very High
3118,43,Female,Hoodie,Clothing,50,Florida,M,Olive,Fall,3.0,No,Free Shipping,No,No,4,PayPal,Bi-Weekly,26,14,1300,4212.0,36-50,Habitual Budget Buyers,High
3119,61,Female,Shorts,Clothing,97,Virginia,L,Blue,Summer,4.7,No,Standard,No,No,31,Debit Card,Quarterly,4,90,388,1885.68,51-70,Big-Ticket Occasionals,Moderate
3120,63,Female,Sandals,Footwear,79,Louisiana,XL,Silver,Winter,4.7,No,2-Day Shipping,No,No,21,Credit Card,Every 3 Months,4,90,316,1346.1599999999999,51-70,Big-Ticket Occasionals,Moderate
3121,46,Female,Shirt,Clothing,76,Louisiana,M,Magenta,Fall,4.0,No,Store Pickup,No,No,32,Debit Card,Fortnightly,26,14,1976,9721.92,36-50,Premium Loyalists,Very High
3122,63,Female,Hoodie,Clothing,38,Louisiana,L,Black,Fall,2.6,No,Standard,No,No,16,Venmo,Weekly,52,7,1976,7824.96,51-70,Habitual Budget Buyers,Very High
3123,23,Female,Socks,Clothing,45,Georgia,M,Pink,Fall,3.0,No,Express,No,No,34,Credit Card,Fortnightly,26,14,1170,5896.8,18-25,Habitual Budget Buyers,High
3124,57,Female,Handbag,Accessories,77,Iowa,XL,Red,Fall,3.3,No,Next Day Air,No,No,40,Venmo,Bi-Weekly,26,14,2002,10810.800000000001,51-70,Premium Loyalists,Very High
3125,57,Female,Jewelry,Accessories,51,California,M,Peach,Summer,3.4,No,Standard,No,No,4,Cash,Every 3 Months,4,90,204,660.96,51-70,Low Engagement,Low
3126,33,Female,Coat,Outerwear,26,Oregon,L,Lavender,Spring,4.0,No,Standard,No,No,3,Cash,Quarterly,4,90,104,330.72,26-35,Low Engagement,Low
3127,57,Female,Sunglasses,Accessories,76,Maine,L,Lavender,Winter,2.6,No,Store Pickup,No,No,28,Bank Transfer,Bi-Weekly,26,14,1976,9247.68,51-70,Premium Loyalists,Very High
3128,55,Female,Gloves,Accessories,94,Louisiana,M,Beige,Winter,3.4,No,Free Shipping,No,No,43,Credit Card,Every 3 Months,4,90,376,2098.08,51-70,Big-Ticket Occasionals,Moderate
3129,65,Female,Jacket,Outerwear,32,Arkansas,S,Indigo,Fall,4.4,No,Standard,No,No,20,Cash,Annually,1,365,32,134.39999999999998,51-70,Low Engagement,Low
3130,60,Female,Sandals,Footwear,20,Maryland,S,Cyan,Summer,4.7,No,Express,No,No,40,Venmo,Every 3 Months,4,90,80,432.0,51-70,Low Engagement,Low
3131,52,Female,Pants,Clothing,20,Vermont,M,Yellow,Summer,4.5,No,Store Pickup,No,No,34,Venmo,Every 3 Months,4,90,80,403.20000000000005,51-70,Low Engagement,Low
3132,34,Female,Jacket,Outerwear,59,North Dakota,M,Peach,Fall,2.9,No,Store Pickup,No,No,11,Bank Transfer,Every 3 Months,4,90,236,863.76,26-35,Low Engagement,Moderate
3133,33,Female,Sweater,Clothing,97,Michigan,M,Yellow,Summer,4.2,No,Express,No,No,26,Cash,Quarterly,4,90,388,1769.28,26-35,Big-Ticket Occasionals,Moderate
3134,58,Female,T-shirt,Clothing,68,Arkansas,M,Orange,Spring,4.1,No,Next Day Air,No,No,29,Cash,Bi-Weekly,26,14,1768,8380.32,51-70,Premium Loyalists,Very High
3135,35,Female,Boots,Footwear,66,Kentucky,L,Gray,Spring,4.4,No,Store Pickup,No,No,47,Bank Transfer,Weekly,52,7,3432,19974.239999999998,26-35,Premium Loyalists,Very High
3136,68,Female,Shoes,Footwear,85,Indiana,L,Yellow,Spring,4.7,No,Free Shipping,No,No,48,Venmo,Fortnightly,26,14,2210,12994.8,51-70,Premium Loyalists,Very High
3137,58,Female,Skirt,Clothing,32,Minnesota,M,Gray,Fall,3.1,No,Next Day Air,No,No,29,Cash,Bi-Weekly,26,14,832,3943.6800000000003,51-70,Habitual Budget Buyers,High
3138,34,Female,Coat,Outerwear,44,Louisiana,M,Turquoise,Spring,2.7,No,2-Day Shipping,No,No,14,Bank Transfer,Monthly,12,30,528,2027.52,26-35,Habitual Budget Buyers,Moderate
3139,47,Female,Blouse,Clothing,95,Kentucky,L,Gray,Fall,4.6,No,Next Day Air,No,No,40,Cash,Every 3 Months,4,90,380,2052.0,36-50,Big-Ticket Occasionals,Moderate
3140,35,Female,Sunglasses,Accessories,85,Georgia,M,Olive,Winter,4.4,No,Next Day Air,No,No,4,Venmo,Weekly,52,7,4420,14320.800000000001,26-35,Premium Loyalists,Very High
3141,34,Female,Gloves,Accessories,44,Alaska,XL,Peach,Summer,4.6,No,Free Shipping,No,No,37,Bank Transfer,Weekly,52,7,2288,11943.36,26-35,Habitual Budget Buyers,Very High
3142,36,Female,Sunglasses,Accessories,30,Mississippi,S,Peach,Winter,4.9,No,Express,No,No,47,Credit Card,Bi-Weekly,26,14,780,4539.599999999999,36-50,Habitual Budget Buyers,High
3143,23,Female,Sneakers,Footwear,21,Kansas,L,Magenta,Winter,4.0,No,2-Day Shipping,No,No,1,Venmo,Quarterly,4,90,84,257.04,18-25,Low Engagement,Low
3144,68,Female,Hoodie,Clothing,22,Arizona,M,Purple,Summer,2.9,No,Store Pickup,No,No,26,Cash,Quarterly,4,90,88,401.28000000000003,51-70,Low Engagement,Low
3145,23,Female,Boots,Footwear,70,Maine,L,Beige,Spring,2.6,No,Free Shipping,No,No,12,Debit Card,Quarterly,4,90,280,1041.6,18-25,Big-Ticket Occasionals,Moderate
3146,57,Female,Handbag,Accessories,29,Texas,XL,Purple,Spring,4.6,No,Standard,No,No,16,PayPal,Fortnightly,26,14,754,2985.84,51-70,Habitual Budget Buyers,High
3147,21,Female,Shirt,Clothing,83,Virginia,S,Yellow,Winter,4.9,No,Free Shipping,No,No,19,PayPal,Annually,1,365,83,343.61999999999995,18-25,Big-Ticket Occasionals,Low
3148,45,Female,Sweater,Clothing,99,North Dakota,M,Pink,Winter,4.3,No,Express,No,No,21,Credit Card,Weekly,52,7,5148,21930.48,36-50,Premium Loyalists,Very High
3149,37,Female,Shorts,Clothing,35,West Virginia,L,Purple,Fall,4.3,No,Free Shipping,No,No,15,Venmo,Weekly,52,7,1820,7098.0,36-50,Habitual Budget Buyers,High
3150,18,Female,Belt,Accessories,40,North Carolina,M,Lavender,Winter,4.6,No,Free Shipping,No,No,9,Venmo,Annually,1,365,40,141.6,18-25,Low Engagement,Low
3151,55,Female,Blouse,Clothing,25,Georgia,M,Peach,Spring,2.6,No,Express,No,No,7,Bank Transfer,Bi-Weekly,26,14,650,2223.0000000000005,51-70,Habitual Budget Buyers,Moderate
3152,52,Female,T-shirt,Clothing,64,New Mexico,L,Orange,Fall,3.1,No,2-Day Shipping,No,No,47,Bank Transfer,Quarterly,4,90,256,1489.92,51-70,Big-Ticket Occasionals,Moderate
3153,49,Female,Belt,Accessories,90,North Carolina,M,Red,Fall,3.1,No,Store Pickup,No,No,17,PayPal,Monthly,12,30,1080,4341.6,36-50,Premium Loyalists,High
3154,56,Female,Socks,Clothing,88,Alabama,L,Red,Fall,3.1,No,Next Day Air,No,No,46,Venmo,Fortnightly,26,14,2288,13178.88,51-70,Premium Loyalists,Very High
3155,27,Female,Belt,Accessories,55,Connecticut,M,Gold,Winter,4.4,No,Standard,No,No,32,Cash,Quarterly,4,90,220,1082.4,26-35,Low Engagement,Moderate
3156,22,Female,Handbag,Accessories,90,Montana,M,Brown,Fall,4.3,No,Free Shipping,No,No,34,Cash,Annually,1,365,90,453.6,18-25,Big-Ticket Occasionals,Low
3157,18,Female,Shirt,Clothing,50,Montana,M,Black,Winter,3.1,No,2-Day Shipping,No,No,18,Cash,Monthly,12,30,600,2448.0,18-25,Habitual Budget Buyers,Moderate
3158,21,Female,Belt,Accessories,34,Maine,L,Red,Fall,3.1,No,Store Pickup,No,No,5,Debit Card,Fortnightly,26,14,884,2917.2000000000003,18-25,Habitual Budget Buyers,High
3159,30,Female,Jewelry,Accessories,77,Mississippi,M,Gray,Winter,4.9,No,2-Day Shipping,No,No,44,Credit Card,Monthly,12,30,924,5211.36,26-35,Premium Loyalists,High
3160,62,Female,Hat,Accessories,89,Louisiana,L,Pink,Winter,2.9,No,Store Pickup,No,No,4,Bank Transfer,Quarterly,4,90,356,1153.44,51-70,Big-Ticket Occasionals,Moderate
3161,28,Female,Backpack,Accessories,87,Nebraska,XL,Turquoise,Fall,3.8,No,Next Day Air,No,No,37,Cash,Fortnightly,26,14,2262,11807.64,26-35,Premium Loyalists,Very High
3162,66,Female,Dress,Clothing,77,Massachusetts,S,Charcoal,Winter,4.2,No,2-Day Shipping,No,No,43,Cash,Monthly,12,30,924,5155.92,51-70,Premium Loyalists,High
3163,66,Female,Shoes,Footwear,85,Wisconsin,L,Blue,Winter,3.9,No,Standard,No,No,28,Bank Transfer,Quarterly,4,90,340,1591.2,51-70,Big-Ticket Occasionals,Moderate
3164,49,Female,Pants,Clothing,66,Nebraska,XL,Turquoise,Summer,2.8,No,Express,No,No,36,Cash,Monthly,12,30,792,4086.72,36-50,Premium Loyalists,High
3165,40,Female,Dress,Clothing,32,Arizona,L,Silver,Winter,2.6,No,Standard,No,No,16,Credit Card,Annually,1,365,32,126.72,36-50,Low Engagement,Low
3166,49,Female,Jacket,Outerwear,92,Hawaii,M,Lavender,Spring,3.0,No,Store Pickup,No,No,38,Bank Transfer,Every 3 Months,4,90,368,1943.04,36-50,Big-Ticket Occasionals,Moderate
3167,19,Female,Shirt,Clothing,80,Georgia,M,Gold,Winter,2.7,No,Next Day Air,No,No,37,Bank Transfer,Fortnightly,26,14,2080,10857.6,18-25,Premium Loyalists,Very High
3168,24,Female,Dress,Clothing,78,Oregon,M,Blue,Fall,2.8,No,2-Day Shipping,No,No,9,Cash,Bi-Weekly,26,14,2028,7179.12,18-25,Premium Loyalists,High
3169,31,Female,Jeans,Clothing,24,Montana,M,Orange,Spring,2.9,No,2-Day Shipping,No,No,14,PayPal,Fortnightly,26,14,624,2396.16,26-35,Habitual Budget Buyers,Moderate
3170,35,Female,T-shirt,Clothing,59,Georgia,M,White,Fall,3.8,No,Free Shipping,No,No,3,Venmo,Weekly,52,7,3068,9756.24,26-35,Habitual Budget Buyers,Very High
3171,65,Female,Sunglasses,Accessories,41,Rhode Island,XL,Charcoal,Spring,4.4,No,Express,No,No,10,Credit Card,Fortnightly,26,14,1066,3837.6,51-70,Habitual Budget Buyers,High
3172,68,Female,Jewelry,Accessories,26,Tennessee,M,Maroon,Spring,3.1,No,Express,No,No,26,Bank Transfer,Bi-Weekly,26,14,676,3082.56,51-70,Habitual Budget Buyers,High
3173,57,Female,Socks,Clothing,52,Missouri,M,Olive,Fall,3.7,No,Standard,No,No,30,Debit Card,Bi-Weekly,26,14,1352,6489.6,51-70,Habitual Budget Buyers,High
3174,69,Female,Skirt,Clothing,46,Washington,L,Teal,Summer,4.9,No,Next Day Air,No,No,32,PayPal,Fortnightly,26,14,1196,5884.320000000001,51-70,Habitual Budget Buyers,High
3175,45,Female,Pants,Clothing,52,Oklahoma,L,Orange,Winter,3.8,No,Store Pickup,No,No,35,PayPal,Monthly,12,30,624,3182.4,36-50,Habitual Budget Buyers,High
3176,35,Female,Socks,Clothing,42,Connecticut,M,Maroon,Fall,3.4,No,Store Pickup,No,No,26,Debit Card,Every 3 Months,4,90,168,766.08,26-35,Low Engagement,Low
3177,36,Female,Sandals,Footwear,37,Arkansas,XL,Turquoise,Spring,4.6,No,2-Day Shipping,No,No,39,Credit Card,Monthly,12,30,444,2370.96,36-50,Habitual Budget Buyers,Moderate
3178,55,Female,Belt,Accessories,52,Missouri,L,Beige,Fall,3.2,No,Standard,No,No,31,Credit Card,Monthly,12,30,624,3032.6400000000003,51-70,Habitual Budget Buyers,High
3179,66,Female,Sandals,Footwear,34,Washington,L,Beige,Spring,2.7,No,Free Shipping,No,No,28,Credit Card,Annually,1,365,34,159.12,51-70,Low Engagement,Low
3180,57,Female,Shorts,Clothing,88,Idaho,M,Olive,Spring,4.3,No,Free Shipping,No,No,12,Debit Card,Bi-Weekly,26,14,2288,8511.36,51-70,Premium Loyalists,Very High
3181,18,Female,Handbag,Accessories,88,Montana,L,Turquoise,Fall,3.8,No,Standard,No,No,46,PayPal,Weekly,52,7,4576,26357.76,18-25,Premium Loyalists,Very High
3182,31,Female,Jacket,Outerwear,51,Montana,M,Charcoal,Summer,4.4,No,Free Shipping,No,No,27,PayPal,Every 3 Months,4,90,204,942.48,26-35,Low Engagement,Moderate
3183,50,Female,Sunglasses,Accessories,97,Georgia,L,Green,Fall,3.6,No,Free Shipping,No,No,4,Credit Card,Annually,1,365,97,314.28000000000003,36-50,Big-Ticket Occasionals,Low
3184,50,Female,Sneakers,Footwear,56,Mississippi,M,Green,Winter,3.5,No,Standard,No,No,14,Cash,Every 3 Months,4,90,224,860.16,36-50,Low Engagement,Moderate
3185,61,Female,Sweater,Clothing,53,Hawaii,L,Green,Spring,4.2,No,2-Day Shipping,No,No,30,Venmo,Quarterly,4,90,212,1017.6,51-70,Low Engagement,Moderate
3186,52,Female,Skirt,Clothing,71,Ohio,L,Gold,Fall,4.7,No,Express,No,No,6,PayPal,Annually,1,365,71,238.56000000000003,51-70,Big-Ticket Occasionals,Low
3187,38,Female,Jewelry,Accessories,93,Virginia,S,Cyan,Winter,4.8,No,Store Pickup,No,No,43,Venmo,Annually,1,365,93,518.9399999999999,36-50,Big-Ticket Occasionals,Low
3188,67,Female,Blouse,Clothing,72,Texas,L,Indigo,Winter,3.2,No,Free Shipping,No,No,28,Debit Card,Weekly,52,7,3744,17521.920000000002,51-70,Premium Loyalists,Very High
3189,42,Female,Blouse,Clothing,59,Vermont,M,Lavender,Winter,3.5,No,Standard,No,No,39,Bank Transfer,Monthly,12,30,708,3780.7200000000003,36-50,Habitual Budget Buyers,High
3190,25,Female,Boots,Footwear,87,Kansas,M,Beige,Summer,4.2,No,Store Pickup,No,No,30,PayPal,Bi-Weekly,26,14,2262,10857.6,18-25,Premium Loyalists,Very High
3191,41,Female,Jeans,Clothing,78,California,S,Purple,Fall,3.4,No,Free Shipping,No,No,5,Credit Card,Fortnightly,26,14,2028,6692.400000000001,36-50,Premium Loyalists,High
3192,62,Female,Hoodie,Clothing,68,Mississippi,XL,Maroon,Winter,4.7,No,Store Pickup,No,No,42,Credit Card,Every 3 Months,4,90,272,1501.4399999999998,51-70,Big-Ticket Occasionals,Moderate
3193,19,Female,Sweater,Clothing,76,Iowa,S,Maroon,Fall,3.0,No,Free Shipping,No,No,20,Cash,Fortnightly,26,14,1976,8299.199999999999,18-25,Premium Loyalists,Very High
3194,63,Female,Gloves,Accessories,99,Virginia,L,Teal,Winter,4.0,No,Express,No,No,35,Credit Card,Fortnightly,26,14,2574,13127.4,51-70,Premium Loyalists,Very High
3195,43,Female,Sneakers,Footwear,52,Maryland,L,Gold,Summer,4.6,No,Standard,No,No,10,Credit Card,Bi-Weekly,26,14,1352,4867.2,36-50,Habitual Budget Buyers,High
3196,68,Female,Sunglasses,Accessories,58,Missouri,S,Red,Spring,4.9,No,Next Day Air,No,No,36,Credit Card,Quarterly,4,90,232,1197.12,51-70,Low Engagement,Moderate
3197,24,Female,Belt,Accessories,59,Wisconsin,L,Maroon,Winter,2.8,No,Express,No,No,21,Debit Card,Fortnightly,26,14,1534,6534.839999999999,18-25,Habitual Budget Buyers,High
3198,27,Female,Sweater,Clothing,71,Maine,M,Teal,Spring,3.2,No,Free Shipping,No,No,29,Credit Card,Every 3 Months,4,90,284,1346.16,26-35,Big-Ticket Occasionals,Moderate
3199,61,Female,Gloves,Accessories,94,Pennsylvania,L,Peach,Winter,2.8,No,Free Shipping,No,No,39,Debit Card,Weekly,52,7,4888,26101.920000000002,51-70,Premium Loyalists,Very High
3200,59,Female,Handbag,Accessories,40,Maine,XL,Pink,Winter,4.2,No,Express,No,No,16,PayPal,Monthly,12,30,480,1900.8000000000002,51-70,Habitual Budget Buyers,Moderate
3201,67,Female,Socks,Clothing,24,Missouri,L,Black,Spring,4.8,No,Free Shipping,No,No,32,Credit Card,Monthly,12,30,288,1416.96,51-70,Habitual Budget Buyers,Moderate
3202,46,Female,Pants,Clothing,38,Vermont,S,Indigo,Fall,2.8,No,2-Day Shipping,No,No,34,Cash,Monthly,12,30,456,2298.2400000000002,36-50,Habitual Budget Buyers,Moderate
3203,65,Female,Scarf,Accessories,37,Wisconsin,L,Green,Fall,4.5,No,Standard,No,No,38,Venmo,Annually,1,365,37,195.36,51-70,Low Engagement,Low
3204,63,Female,Coat,Outerwear,29,New Jersey,L,Teal,Spring,4.1,No,Express,No,No,14,Venmo,Annually,1,365,29,111.36,51-70,Low Engagement,Low
3205,57,Female,Jacket,Outerwear,92,New Mexico,XL,Lavender,Fall,4.3,No,Free Shipping,No,No,23,Debit Card,Bi-Weekly,26,14,2392,10476.96,51-70,Premium Loyalists,Very High
3206,40,Female,Hoodie,Clothing,24,Colorado,XL,Magenta,Fall,4.4,No,2-Day Shipping,No,No,50,Bank Transfer,Every 3 Months,4,90,96,576.0,36-50,Low Engagement,Low
3207,36,Female,Boots,Footwear,52,California,M,Brown,Winter,3.0,No,Free Shipping,No,No,49,PayPal,Monthly,12,30,624,3706.56,36-50,Habitual Budget Buyers,High
3208,67,Female,Socks,Clothing,29,Arizona,XL,Beige,Summer,2.7,No,Next Day Air,No,No,14,PayPal,Annually,1,365,29,111.36,51-70,Low Engagement,Low
3209,61,Female,Jewelry,Accessories,30,Indiana,L,Indigo,Winter,3.3,No,2-Day Shipping,No,No,42,PayPal,Weekly,52,7,1560,8611.199999999999,51-70,Habitual Budget Buyers,Very High
3210,64,Female,Shoes,Footwear,31,Arkansas,L,Peach,Fall,4.3,No,Standard,No,No,39,Debit Card,Annually,1,365,31,165.54,51-70,Low Engagement,Low
3211,30,Female,Socks,Clothing,67,Nevada,M,Magenta,Summer,2.9,No,Express,No,No,43,Venmo,Bi-Weekly,26,14,1742,9720.359999999999,26-35,Premium Loyalists,Very High
3212,53,Female,Pants,Clothing,65,Rhode Island,L,Turquoise,Winter,4.9,No,Standard,No,No,12,Cash,Monthly,12,30,780,2901.6,51-70,Premium Loyalists,High
3213,27,Female,Sneakers,Footwear,22,Wyoming,M,Indigo,Winter,3.6,No,2-Day Shipping,No,No,21,Debit Card,Weekly,52,7,1144,4873.44,26-35,Habitual Budget Buyers,High
3214,27,Female,Sunglasses,Accessories,56,Texas,M,Brown,Winter,3.3,No,Standard,No,No,33,Credit Card,Monthly,12,30,672,3346.5600000000004,26-35,Habitual Budget Buyers,High
3215,53,Female,Skirt,Clothing,78,Washington,M,Yellow,Spring,3.1,No,Free Shipping,No,No,6,Debit Card,Annually,1,365,78,262.08000000000004,51-70,Big-Ticket Occasionals,Low
3216,34,Female,Coat,Outerwear,90,Rhode Island,M,Magenta,Summer,2.7,No,Free Shipping,No,No,10,PayPal,Every 3 Months,4,90,360,1296.0,26-35,Big-Ticket Occasionals,Moderate
3217,39,Female,Hoodie,Clothing,85,Illinois,S,Olive,Winter,3.4,No,Next Day Air,No,No,18,Cash,Weekly,52,7,4420,18033.6,36-50,Premium Loyalists,Very High
3218,44,Female,Sunglasses,Accessories,58,Oregon,M,Silver,Fall,3.4,No,Express,No,No,46,Venmo,Weekly,52,7,3016,17372.16,36-50,Habitual Budget Buyers,Very High
3219,37,Female,Skirt,Clothing,34,Florida,M,Teal,Fall,3.9,No,Express,No,No,49,PayPal,Monthly,12,30,408,2423.52,36-50,Habitual Budget Buyers,Moderate
3220,57,Female,Coat,Outerwear,40,Kansas,L,White,Summer,3.5,No,2-Day Shipping,No,No,39,Credit Card,Weekly,52,7,2080,11107.2,51-70,Habitual Budget Buyers,Very High
3221,38,Female,Handbag,Accessories,29,North Dakota,M,Blue,Fall,4.1,No,Free Shipping,No,No,16,Cash,Monthly,12,30,348,1378.0800000000002,36-50,Habitual Budget Buyers,Moderate
3222,21,Female,T-shirt,Clothing,76,New Hampshire,M,Yellow,Winter,3.2,No,Standard,No,No,28,Cash,Annually,1,365,76,355.68,18-25,Big-Ticket Occasionals,Low
3223,45,Female,Sunglasses,Accessories,84,Texas,S,Maroon,Fall,4.6,No,Store Pickup,No,No,22,PayPal,Quarterly,4,90,336,1451.52,36-50,Big-Ticket Occasionals,Moderate
3224,68,Female,Shirt,Clothing,65,Montana,S,Gray,Spring,3.9,No,Standard,No,No,36,Venmo,Bi-Weekly,26,14,1690,8720.4,51-70,Premium Loyalists,Very High
3225,37,Female,Hoodie,Clothing,80,Delaware,L,Indigo,Winter,2.7,No,Free Shipping,No,No,18,PayPal,Monthly,12,30,960,3916.7999999999997,36-50,Premium Loyalists,High
3226,53,Female,Blouse,Clothing,98,New Hampshire,M,Pink,Fall,3.0,No,Store Pickup,No,No,31,Credit Card,Weekly,52,7,5096,24766.56,51-70,Premium Loyalists,Very High
3227,57,Female,Sneakers,Footwear,71,Minnesota,XL,Beige,Spring,3.3,No,Next Day Air,No,No,38,Bank Transfer,Fortnightly,26,14,1846,9746.88,51-70,Premium Loyalists,Very High
3228,28,Female,Scarf,Accessories,69,Alaska,XL,White,Fall,2.7,No,Free Shipping,No,No,42,Debit Card,Quarterly,4,90,276,1523.52,26-35,Big-Ticket Occasionals,Moderate
3229,37,Female,Jewelry,Accessories,95,Connecticut,M,Yellow,Spring,4.6,No,2-Day Shipping,No,No,27,PayPal,Annually,1,365,95,438.90000000000003,36-50,Big-Ticket Occasionals,Low
3230,54,Female,Pants,Clothing,67,Connecticut,M,Teal,Fall,2.7,No,Express,No,No,24,Cash,Monthly,12,30,804,3569.7599999999998,51-70,Premium Loyalists,High
3231,49,Female,Sneakers,Footwear,49,Kansas,M,Olive,Summer,2.5,No,Next Day Air,No,No,38,Debit Card,Annually,1,365,49,258.72,36-50,Low Engagement,Low
3232,62,Female,Shoes,Footwear,97,Nevada,M,Maroon,Winter,4.4,No,Free Shipping,No,No,9,Credit Card,Annually,1,365,97,343.38,51-70,Big-Ticket Occasionals,Low
3233,45,Female,T-shirt,Clothing,34,Massachusetts,M,White,Spring,4.0,No,Next Day Air,No,No,19,Bank Transfer,Monthly,12,30,408,1689.12,36-50,Habitual Budget Buyers,Moderate
3234,45,Female,Belt,Accessories,74,Indiana,M,Lavender,Fall,3.8,No,Express,No,No,11,Debit Card,Bi-Weekly,26,14,1924,7041.84,36-50,Premium Loyalists,High
3235,49,Female,Jewelry,Accessories,96,Washington,M,Black,Winter,2.5,No,2-Day Shipping,No,No,16,Debit Card,Quarterly,4,90,384,1520.64,36-50,Big-Ticket Occasionals,Moderate
3236,27,Female,Belt,Accessories,68,Kansas,M,Green,Summer,4.0,No,Free Shipping,No,No,18,Venmo,Monthly,12,30,816,3329.2799999999997,26-35,Premium Loyalists,High
3237,63,Female,Belt,Accessories,84,South Carolina,L,Olive,Fall,4.1,No,Next Day Air,No,No,8,Cash,Monthly,12,30,1008,3507.8399999999997,51-70,Premium Loyalists,High
3238,61,Female,T-shirt,Clothing,57,Vermont,M,Gray,Summer,2.8,No,Express,No,No,4,Cash,Weekly,52,7,2964,9603.36,51-70,Habitual Budget Buyers,Very High
3239,25,Female,Sneakers,Footwear,84,Wyoming,XL,Teal,Fall,3.4,No,2-Day Shipping,No,No,37,Cash,Quarterly,4,90,336,1753.92,18-25,Big-Ticket Occasionals,Moderate
3240,33,Female,Sunglasses,Accessories,32,Colorado,M,Charcoal,Fall,2.7,No,2-Day Shipping,No,No,30,Cash,Monthly,12,30,384,1843.2,26-35,Habitual Budget Buyers,Moderate
3241,56,Female,Sandals,Footwear,37,West Virginia,M,Violet,Fall,3.8,No,2-Day Shipping,No,No,37,Bank Transfer,Monthly,12,30,444,2317.68,51-70,Habitual Budget Buyers,Moderate
3242,50,Female,Handbag,Accessories,58,Connecticut,M,Lavender,Summer,4.4,No,Store Pickup,No,No,30,PayPal,Quarterly,4,90,232,1113.6000000000001,36-50,Low Engagement,Moderate
3243,45,Female,Socks,Clothing,74,Oregon,S,Beige,Fall,2.8,No,Express,No,No,17,Venmo,Weekly,52,7,3848,15468.960000000001,36-50,Premium Loyalists,Very High
3244,45,Female,Hoodie,Clothing,99,Idaho,L,Black,Summer,5.0,No,Store Pickup,No,No,11,Bank Transfer,Every 3 Months,4,90,396,1449.36,36-50,Big-Ticket Occasionals,Moderate
3245,65,Female,Sweater,Clothing,81,Arkansas,M,Black,Fall,4.7,No,Express,No,No,42,Credit Card,Annually,1,365,81,447.11999999999995,51-70,Big-Ticket Occasionals,Low
3246,63,Female,Pants,Clothing,76,Kansas,M,Purple,Fall,3.2,No,Next Day Air,No,No,20,Cash,Weekly,52,7,3952,16598.399999999998,51-70,Premium Loyalists,Very High
3247,70,Female,Sneakers,Footwear,98,Michigan,M,Magenta,Summer,2.9,No,Store Pickup,No,No,37,Cash,Monthly,12,30,1176,6138.72,51-70,Premium Loyalists,High
3248,53,Female,Gloves,Accessories,91,Arkansas,M,Teal,Summer,3.7,No,Express,No,No,12,PayPal,Fortnightly,26,14,2366,8801.52,51-70,Premium Loyalists,Very High
3249,22,Female,T-shirt,Clothing,79,Pennsylvania,S,Teal,Summer,4.2,No,Free Shipping,No,No,41,Bank Transfer,Quarterly,4,90,316,1725.36,18-25,Big-Ticket Occasionals,Moderate
3250,26,Female,Backpack,Accessories,83,Virginia,M,Pink,Summer,3.4,No,Express,No,No,32,Credit Card,Quarterly,4,90,332,1633.44,26-35,Big-Ticket Occasionals,Moderate
3251,23,Female,Coat,Outerwear,90,Minnesota,M,Teal,Spring,2.9,No,2-Day Shipping,No,No,15,Venmo,Weekly,52,7,4680,18252.0,18-25,Premium Loyalists,Very High
3252,25,Female,Coat,Outerwear,20,Nevada,M,Gold,Winter,3.7,No,Standard,No,No,39,Venmo,Quarterly,4,90,80,427.2,18-25,Low Engagement,Low
3253,69,Female,Sandals,Footwear,21,Montana,L,Brown,Spring,2.7,No,Store Pickup,No,No,48,Credit Card,Fortnightly,26,14,546,3210.48,51-70,Habitual Budget Buyers,High
3254,36,Female,Backpack,Accessories,60,Nebraska,M,Brown,Fall,3.2,No,2-Day Shipping,No,No,8,Venmo,Fortnightly,26,14,1560,5428.799999999999,36-50,Habitual Budget Buyers,High
3255,21,Female,Sweater,Clothing,31,Indiana,S,Magenta,Winter,4.9,No,Store Pickup,No,No,11,Bank Transfer,Every 3 Months,4,90,124,453.84,18-25,Low Engagement,Low
3256,57,Female,Shorts,Clothing,40,New Jersey,M,Black,Fall,2.8,No,Next Day Air,No,No,36,Bank Transfer,Monthly,12,30,480,2476.8,51-70,Habitual Budget Buyers,Moderate
3257,60,Female,Sunglasses,Accessories,26,Wisconsin,L,Teal,Winter,4.7,No,Free Shipping,No,No,50,Venmo,Every 3 Months,4,90,104,624.0,51-70,Low Engagement,Low
3258,44,Female,Shirt,Clothing,98,Minnesota,M,Brown,Fall,3.3,No,Express,No,No,39,Venmo,Every 3 Months,4,90,392,2093.28,36-50,Big-Ticket Occasionals,Moderate
3259,31,Female,Shoes,Footwear,51,New Jersey,M,Magenta,Spring,4.3,No,Express,No,No,11,Credit Card,Bi-Weekly,26,14,1326,4853.16,26-35,Habitual Budget Buyers,High
3260,57,Female,Hat,Accessories,95,Oklahoma,XL,Indigo,Fall,3.7,No,2-Day Shipping,No,No,5,Debit Card,Every 3 Months,4,90,380,1254.0,51-70,Big-Ticket Occasionals,Moderate
3261,39,Female,Scarf,Accessories,36,Wisconsin,M,Violet,Summer,4.5,No,2-Day Shipping,No,No,7,Credit Card,Annually,1,365,36,123.12000000000002,36-50,Low Engagement,Low
3262,48,Female,Belt,Accessories,52,Rhode Island,L,Cyan,Winter,3.4,No,Store Pickup,No,No,50,Debit Card,Weekly,52,7,2704,16224.0,36-50,Habitual Budget Buyers,Very High
3263,42,Female,T-shirt,Clothing,35,Indiana,M,Violet,Spring,2.7,No,Standard,No,No,21,Cash,Every 3 Months,4,90,140,596.4,36-50,Low Engagement,Low
3264,56,Female,Shorts,Clothing,68,Vermont,S,Black,Fall,4.4,No,Express,No,No,31,Debit Card,Fortnightly,26,14,1768,8592.480000000001,51-70,Premium Loyalists,Very High
3265,28,Female,Pants,Clothing,50,Maine,S,Charcoal,Winter,4.0,No,Express,No,No,39,Cash,Bi-Weekly,26,14,1300,6942.0,26-35,Habitual Budget Buyers,High
3266,40,Female,Sunglasses,Accessories,100,Alabama,M,White,Winter,3.2,No,Express,No,No,28,Credit Card,Fortnightly,26,14,2600,12168.0,36-50,Premium Loyalists,Very High
3267,49,Female,Coat,Outerwear,74,Alabama,S,Gray,Winter,4.2,No,Next Day Air,No,No,33,Bank Transfer,Weekly,52,7,3848,19163.04,36-50,Premium Loyalists,Very High
3268,37,Female,Hoodie,Clothing,45,Idaho,L,Pink,Winter,3.0,No,Store Pickup,No,No,42,Credit Card,Quarterly,4,90,180,993.5999999999999,36-50,Low Engagement,Moderate
3269,22,Female,Dress,Clothing,97,Arkansas,M,Cyan,Fall,2.8,No,Free Shipping,No,No,5,Bank Transfer,Every 3 Months,4,90,388,1280.4,18-25,Big-Ticket Occasionals,Moderate
3270,27,Female,Blouse,Clothing,60,Ohio,M,Blue,Winter,4.9,No,Express,No,No,25,Cash,Monthly,12,30,720,3240.0,26-35,Habitual Budget Buyers,High
3271,59,Female,Socks,Clothing,25,Illinois,M,Indigo,Winter,4.7,No,Express,No,No,48,PayPal,Annually,1,365,25,147.0,51-70,Low Engagement,Low
3272,35,Female,Socks,Clothing,55,Nevada,XL,Magenta,Spring,4.4,No,Standard,No,No,30,Credit Card,Weekly,52,7,2860,13728.0,26-35,Habitual Budget Buyers,Very High
3273,58,Female,Shoes,Footwear,99,Texas,M,Lavender,Winter,3.1,No,Next Day Air,No,No,34,PayPal,Quarterly,4,90,396,1995.8400000000001,51-70,Big-Ticket Occasionals,Moderate
3274,58,Female,Belt,Accessories,45,Nevada,S,Orange,Summer,2.6,No,Free Shipping,No,No,34,PayPal,Every 3 Months,4,90,180,907.2,51-70,Low Engagement,Moderate
3275,46,Female,Sweater,Clothing,20,Oklahoma,M,Cyan,Spring,3.9,No,Store Pickup,No,No,14,Cash,Fortnightly,26,14,520,1996.8,36-50,Habitual Budget Buyers,Moderate
3276,43,Female,Pants,Clothing,88,Alabama,XL,Green,Summer,2.6,No,2-Day Shipping,No,No,2,Debit Card,Weekly,52,7,4576,14277.12,36-50,Premium Loyalists,Very High
3277,39,Female,Scarf,Accessories,99,South Dakota,M,White,Summer,4.0,No,Store Pickup,No,No,41,PayPal,Every 3 Months,4,90,396,2162.16,36-50,Big-Ticket Occasionals,Moderate
3278,59,Female,Skirt,Clothing,86,Texas,M,Blue,Spring,4.9,No,Store Pickup,No,No,3,Credit Card,Monthly,12,30,1032,3281.76,51-70,Premium Loyalists,High
3279,59,Female,Dress,Clothing,70,Montana,M,Black,Summer,3.3,No,2-Day Shipping,No,No,18,Bank Transfer,Weekly,52,7,3640,14851.199999999999,51-70,Premium Loyalists,Very High
3280,59,Female,Hat,Accessories,50,Wyoming,S,Red,Fall,3.0,No,Express,No,No,1,Debit Card,Fortnightly,26,14,1300,3978.0,51-70,Habitual Budget Buyers,High
3281,45,Female,Handbag,Accessories,57,New York,L,Red,Winter,2.7,No,Next Day Air,No,No,5,PayPal,Monthly,12,30,684,2257.2000000000003,36-50,Habitual Budget Buyers,Moderate
3282,27,Female,Pants,Clothing,69,Oregon,L,Gold,Winter,3.1,No,Free Shipping,No,No,41,Bank Transfer,Annually,1,365,69,376.73999999999995,26-35,Big-Ticket Occasionals,Low
3283,24,Female,T-shirt,Clothing,94,California,M,Red,Fall,4.8,No,Next Day Air,No,No,5,Credit Card,Monthly,12,30,1128,3722.4,18-25,Premium Loyalists,High
3284,47,Female,Jacket,Outerwear,24,North Carolina,L,Purple,Spring,2.9,No,Express,No,No,10,Debit Card,Every 3 Months,4,90,96,345.59999999999997,36-50,Low Engagement,Low
3285,70,Female,Scarf,Accessories,79,Kentucky,L,White,Spring,4.5,No,2-Day Shipping,No,No,20,Venmo,Annually,1,365,79,331.79999999999995,51-70,Big-Ticket Occasionals,Low
3286,58,Female,Hat,Accessories,31,Hawaii,XL,Magenta,Fall,4.6,No,Free Shipping,No,No,11,Cash,Weekly,52,7,1612,5899.92,51-70,Habitual Budget Buyers,High
3287,45,Female,Jacket,Outerwear,67,Illinois,L,Pink,Winter,5.0,No,Express,No,No,4,Venmo,Fortnightly,26,14,1742,5644.08,36-50,Premium Loyalists,High
3288,24,Female,Skirt,Clothing,63,West Virginia,L,Black,Spring,4.3,No,2-Day Shipping,No,No,38,Credit Card,Weekly,52,7,3276,17297.28,18-25,Premium Loyalists,Very High
3289,67,Female,Handbag,Accessories,61,South Carolina,XL,White,Spring,4.9,No,Next Day Air,No,No,19,Credit Card,Bi-Weekly,26,14,1586,6566.039999999999,51-70,Premium Loyalists,High
3290,31,Female,Backpack,Accessories,50,Montana,M,Maroon,Summer,4.0,No,2-Day Shipping,No,No,16,Venmo,Every 3 Months,4,90,200,792.0,26-35,Low Engagement,Low
3291,52,Female,Coat,Outerwear,82,North Dakota,L,Black,Spring,3.1,No,Free Shipping,No,No,2,PayPal,Monthly,12,30,984,3070.08,51-70,Premium Loyalists,High
3292,29,Female,Belt,Accessories,51,New Mexico,L,Olive,Fall,2.6,No,2-Day Shipping,No,No,11,Cash,Monthly,12,30,612,2239.92,26-35,Habitual Budget Buyers,Moderate
3293,62,Female,Handbag,Accessories,23,Missouri,L,Gray,Spring,4.9,No,Standard,No,No,18,Bank Transfer,Fortnightly,26,14,598,2439.8399999999997,51-70,Habitual Budget Buyers,Moderate
3294,19,Female,Coat,Outerwear,91,West Virginia,M,Gold,Spring,3.5,No,2-Day Shipping,No,No,47,Credit Card,Fortnightly,26,14,2366,13770.119999999999,18-25,Premium Loyalists,Very High
3295,62,Female,Sweater,Clothing,60,South Carolina,S,Magenta,Spring,4.5,No,Store Pickup,No,No,15,Bank Transfer,Bi-Weekly,26,14,1560,6084.0,51-70,Habitual Budget Buyers,High
3296,70,Female,Blouse,Clothing,34,West Virginia,S,Lavender,Summer,2.8,No,Next Day Air,No,No,15,Cash,Weekly,52,7,1768,6895.2,51-70,Habitual Budget Buyers,High
3297,20,Female,Blouse,Clothing,23,Alaska,M,Green,Spring,4.2,No,Next Day Air,No,No,47,Venmo,Quarterly,4,90,92,535.4399999999999,18-25,Low Engagement,Low
3298,67,Female,Belt,Accessories,82,West Virginia,M,Violet,Fall,4.1,No,Free Shipping,No,No,47,PayPal,Monthly,12,30,984,5726.88,51-70,Premium Loyalists,High
3299,65,Female,Jacket,Outerwear,73,New Mexico,M,Brown,Fall,3.5,No,Express,No,No,6,Bank Transfer,Every 3 Months,4,90,292,981.1200000000001,51-70,Big-Ticket Occasionals,Moderate
3300,45,Female,Shorts,Clothing,32,South Dakota,L,Teal,Spring,4.0,No,2-Day Shipping,No,No,18,Venmo,Monthly,12,30,384,1566.7199999999998,36-50,Habitual Budget Buyers,Moderate
3301,26,Female,Hat,Accessories,80,Oklahoma,M,Charcoal,Spring,4.0,No,Express,No,No,40,Bank Transfer,Bi-Weekly,26,14,2080,11232.0,26-35,Premium Loyalists,Very High
3302,36,Female,Pants,Clothing,58,Oklahoma,XL,Charcoal,Summer,2.5,No,Free Shipping,No,No,31,Credit Card,Fortnightly,26,14,1508,7328.88,36-50,Habitual Budget Buyers,Very High
3303,36,Female,Blouse,Clothing,82,Alabama,XL,Beige,Winter,4.2,No,Standard,No,No,31,Venmo,Bi-Weekly,26,14,2132,10361.52,36-50,Premium Loyalists,Very High
3304,20,Female,Belt,Accessories,60,Mississippi,S,Turquoise,Summer,3.4,No,Next Day Air,No,No,4,Credit Card,Fortnightly,26,14,1560,5054.400000000001,18-25,Habitual Budget Buyers,High
3305,30,Female,Handbag,Accessories,79,Mississippi,XL,Orange,Fall,4.8,No,Next Day Air,No,No,36,Bank Transfer,Every 3 Months,4,90,316,1630.56,26-35,Big-Ticket Occasionals,Moderate
3306,34,Female,Hoodie,Clothing,41,Nebraska,L,Cyan,Summer,4.9,No,Standard,No,No,31,PayPal,Bi-Weekly,26,14,1066,5180.76,26-35,Habitual Budget Buyers,High
3307,63,Female,Jacket,Outerwear,39,Colorado,L,Orange,Summer,3.6,No,Store Pickup,No,No,6,Venmo,Fortnightly,26,14,1014,3407.0400000000004,51-70,Habitual Budget Buyers,High
3308,18,Female,Scarf,Accessories,36,Pennsylvania,S,Green,Winter,4.0,No,Store Pickup,No,No,1,Cash,Monthly,12,30,432,1321.92,18-25,Habitual Budget Buyers,Moderate
3309,55,Female,Jeans,Clothing,70,Utah,M,Pink,Fall,2.6,No,Express,No,No,29,Cash,Monthly,12,30,840,3981.6000000000004,51-70,Premium Loyalists,High
3310,48,Female,Handbag,Accessories,47,Massachusetts,M,Blue,Summer,3.1,No,Store Pickup,No,No,19,PayPal,Monthly,12,30,564,2334.96,36-50,Habitual Budget Buyers,Moderate
3311,45,Female,Jacket,Outerwear,27,Iowa,M,Pink,Winter,3.6,No,Free Shipping,No,No,12,PayPal,Fortnightly,26,14,702,2611.44,36-50,Habitual Budget Buyers,High
3312,29,Female,Hat,Accessories,52,Florida,L,Blue,Summer,4.0,No,Express,No,No,18,Bank Transfer,Annually,1,365,52,212.15999999999997,26-35,Low Engagement,Low
3313,55,Female,Sneakers,Footwear,75,Louisiana,L,Black,Summer,3.9,No,Next Day Air,No,No,45,Cash,Quarterly,4,90,300,1710.0,51-70,Big-Ticket Occasionals,Moderate
3314,55,Female,Hat,Accessories,30,Kansas,XL,Black,Fall,3.9,No,Express,No,No,45,Credit Card,Monthly,12,30,360,2052.0,51-70,Habitual Budget Buyers,Moderate
3315,55,Female,Socks,Clothing,94,Kansas,M,Violet,Spring,3.3,No,Standard,No,No,8,Credit Card,Quarterly,4,90,376,1308.48,51-70,Big-Ticket Occasionals,Moderate
3316,48,Female,Scarf,Accessories,68,Kentucky,S,Gold,Summer,2.9,No,Standard,No,No,4,PayPal,Every 3 Months,4,90,272,881.2800000000001,36-50,Big-Ticket Occasionals,Moderate
3317,42,Female,Socks,Clothing,45,New Mexico,M,Olive,Summer,3.1,No,Free Shipping,No,No,5,Debit Card,Fortnightly,26,14,1170,3861.0000000000005,36-50,Habitual Budget Buyers,High
3318,21,Female,Hat,Accessories,67,North Carolina,XL,Pink,Summer,4.7,No,Standard,No,No,30,Cash,Quarterly,4,90,268,1286.4,18-25,Big-Ticket Occasionals,Moderate
3319,45,Female,Jacket,Outerwear,46,North Dakota,M,Olive,Summer,3.9,No,Free Shipping,No,No,15,PayPal,Monthly,12,30,552,2152.8,36-50,Habitual Budget Buyers,Moderate
3320,23,Female,Shorts,Clothing,31,North Dakota,M,Indigo,Summer,4.3,No,Next Day Air,No,No,17,Credit Card,Every 3 Months,4,90,124,498.48,18-25,Low Engagement,Low
3321,66,Female,Blouse,Clothing,44,Illinois,XL,Silver,Fall,4.2,No,2-Day Shipping,No,No,45,Cash,Every 3 Months,4,90,176,1003.1999999999999,51-70,Low Engagement,Moderate
3322,32,Female,Coat,Outerwear,100,Maine,S,Charcoal,Winter,4.3,No,Next Day Air,No,No,3,Venmo,Annually,1,365,100,318.0,26-35,Big-Ticket Occasionals,Low
3323,52,Female,Sweater,Clothing,92,Indiana,XL,Orange,Winter,4.6,No,Next Day Air,No,No,43,PayPal,Weekly,52,7,4784,26694.719999999998,51-70,Premium Loyalists,Very High
3324,54,Female,Handbag,Accessories,78,North Dakota,M,Yellow,Winter,3.8,No,Free Shipping,No,No,4,Credit Card,Monthly,12,30,936,3032.6400000000003,51-70,Premium Loyalists,High
3325,37,Female,T-shirt,Clothing,32,Missouri,S,Red,Fall,3.3,No,Standard,No,No,41,Venmo,Weekly,52,7,1664,9085.439999999999,36-50,Habitual Budget Buyers,Very High
3326,29,Female,Sandals,Footwear,97,Alaska,M,Maroon,Fall,3.7,No,2-Day Shipping,No,No,16,Venmo,Monthly,12,30,1164,4609.4400000000005,26-35,Premium Loyalists,High
3327,47,Female,Gloves,Accessories,95,North Dakota,M,Magenta,Summer,4.3,No,Standard,No,No,10,Debit Card,Annually,1,365,95,342.0,36-50,Big-Ticket Occasionals,Low
3328,47,Female,Shorts,Clothing,64,Connecticut,M,Black,Spring,4.1,No,Express,No,No,2,Debit Card,Quarterly,4,90,256,798.72,36-50,Big-Ticket Occasionals,Low
3329,42,Female,Sandals,Footwear,35,Wisconsin,M,Violet,Spring,3.2,No,Free Shipping,No,No,11,Cash,Bi-Weekly,26,14,910,3330.6,36-50,Habitual Budget Buyers,High
3330,34,Female,Backpack,Accessories,54,New Jersey,M,Gray,Winter,3.8,No,Express,No,No,1,Debit Card,Bi-Weekly,26,14,1404,4296.24,26-35,Habitual Budget Buyers,High
3331,38,Female,Sneakers,Footwear,96,Missouri,M,Black,Spring,3.2,No,2-Day Shipping,No,No,41,Bank Transfer,Quarterly,4,90,384,2096.64,36-50,Big-Ticket Occasionals,Moderate
3332,55,Female,Sunglasses,Accessories,58,California,M,Pink,Summer,3.5,No,Free Shipping,No,No,39,PayPal,Quarterly,4,90,232,1238.88,51-70,Low Engagement,Moderate
3333,27,Female,T-shirt,Clothing,23,Washington,M,Silver,Summer,3.1,No,2-Day Shipping,No,No,1,PayPal,Bi-Weekly,26,14,598,1829.88,26-35,Habitual Budget Buyers,Moderate
3334,55,Female,Jeans,Clothing,35,Minnesota,M,Violet,Spring,4.2,No,Express,No,No,3,PayPal,Monthly,12,30,420,1335.6000000000001,51-70,Habitual Budget Buyers,Moderate
3335,66,Female,Shirt,Clothing,23,California,M,Beige,Summer,3.4,No,Free Shipping,No,No,21,Credit Card,Annually,1,365,23,97.97999999999999,51-70,Low Engagement,Low
3336,44,Female,Hat,Accessories,94,Texas,XL,Cyan,Winter,3.5,No,Express,No,No,48,Bank Transfer,Quarterly,4,90,376,2210.88,36-50,Big-Ticket Occasionals,Moderate
3337,39,Female,Blouse,Clothing,45,Montana,M,Brown,Fall,4.0,No,Free Shipping,No,No,24,Debit Card,Annually,1,365,45,199.8,36-50,Low Engagement,Low
3338,23,Female,Jacket,Outerwear,23,Arizona,L,Blue,Winter,4.4,No,2-Day Shipping,No,No,45,Bank Transfer,Bi-Weekly,26,14,598,3408.6,18-25,Habitual Budget Buyers,High
3339,29,Female,Skirt,Clothing,94,Minnesota,L,White,Winter,2.9,No,2-Day Shipping,No,No,46,Credit Card,Monthly,12,30,1128,6497.28,26-35,Premium Loyalists,High
3340,20,Female,Gloves,Accessories,99,Nebraska,M,Cyan,Fall,3.6,No,Store Pickup,No,No,35,Cash,Fortnightly,26,14,2574,13127.4,18-25,Premium Loyalists,Very High
3341,42,Female,T-shirt,Clothing,36,Virginia,XL,Maroon,Fall,4.4,No,Free Shipping,No,No,47,Credit Card,Fortnightly,26,14,936,5447.5199999999995,36-50,Habitual Budget Buyers,High
3342,55,Female,Jacket,Outerwear,50,Connecticut,XL,Olive,Summer,4.5,No,Standard,No,No,35,Credit Card,Monthly,12,30,600,3060.0,51-70,Habitual Budget Buyers,High
3343,66,Female,Jacket,Outerwear,81,New Jersey,M,Violet,Spring,3.8,No,Free Shipping,No,No,45,Credit Card,Weekly,52,7,4212,24008.399999999998,51-70,Premium Loyalists,Very High
3344,24,Female,Shorts,Clothing,31,Kentucky,XL,Green,Winter,3.6,No,2-Day Shipping,No,No,6,Cash,Bi-Weekly,26,14,806,2708.1600000000003,18-25,Habitual Budget Buyers,High
3345,62,Female,Hat,Accessories,48,Washington,XL,Magenta,Fall,4.3,No,Free Shipping,No,No,20,Cash,Annually,1,365,48,201.6,51-70,Low Engagement,Low
3346,28,Female,Handbag,Accessories,91,Florida,M,Turquoise,Summer,4.0,No,2-Day Shipping,No,No,3,Venmo,Bi-Weekly,26,14,2366,7523.88,26-35,Premium Loyalists,Very High
3347,30,Female,Jeans,Clothing,99,Oklahoma,M,Black,Summer,3.4,No,Express,No,No,30,Venmo,Quarterly,4,90,396,1900.8000000000002,26-35,Big-Ticket Occasionals,Moderate
3348,22,Female,Shoes,Footwear,70,Iowa,XL,Cyan,Summer,4.4,No,Standard,No,No,28,PayPal,Bi-Weekly,26,14,1820,8517.6,18-25,Premium Loyalists,Very High
3349,28,Female,T-shirt,Clothing,74,New Hampshire,L,Gray,Winter,2.8,No,Standard,No,No,15,Cash,Every 3 Months,4,90,296,1154.4,26-35,Big-Ticket Occasionals,Moderate
3350,35,Female,Jewelry,Accessories,79,Georgia,M,Red,Fall,2.8,No,Store Pickup,No,No,29,PayPal,Quarterly,4,90,316,1497.8400000000001,26-35,Big-Ticket Occasionals,Moderate
3351,45,Female,Handbag,Accessories,33,Mississippi,S,Olive,Fall,4.9,No,2-Day Shipping,No,No,15,Cash,Bi-Weekly,26,14,858,3346.2000000000003,36-50,Habitual Budget Buyers,High
3352,43,Female,Shirt,Clothing,49,New Hampshire,L,Cyan,Spring,4.2,No,2-Day Shipping,No,No,18,Bank Transfer,Fortnightly,26,14,1274,5197.919999999999,36-50,Habitual Budget Buyers,High
3353,55,Female,Belt,Accessories,96,Washington,M,Teal,Summer,2.9,No,Next Day Air,No,No,7,Bank Transfer,Bi-Weekly,26,14,2496,8536.320000000002,51-70,Premium Loyalists,Very High
3354,31,Female,Dress,Clothing,66,Ohio,L,Teal,Fall,4.6,No,Free Shipping,No,No,19,Credit Card,Every 3 Months,4,90,264,1092.9599999999998,26-35,Big-Ticket Occasionals,Moderate
3355,42,Female,Skirt,Clothing,45,Maryland,M,Orange,Fall,2.8,No,Next Day Air,No,No,15,PayPal,Weekly,52,7,2340,9126.0,36-50,Habitual Budget Buyers,Very High
3356,40,Female,Blouse,Clothing,28,Delaware,M,Peach,Spring,2.6,No,Store Pickup,No,No,3,Bank Transfer,Bi-Weekly,26,14,728,2315.04,36-50,Habitual Budget Buyers,Moderate
3357,39,Female,Jeans,Clothing,48,Tennessee,M,Silver,Summer,3.5,No,Store Pickup,No,No,13,PayPal,Bi-Weekly,26,14,1248,4717.44,36-50,Habitual Budget Buyers,High
3358,41,Female,Hoodie,Clothing,67,Arkansas,M,Pink,Winter,3.5,No,Free Shipping,No,No,37,Credit Card,Monthly,12,30,804,4196.88,36-50,Premium Loyalists,High
3359,56,Female,T-shirt,Clothing,59,Tennessee,M,Magenta,Fall,3.4,No,2-Day Shipping,No,No,26,Cash,Annually,1,365,59,269.04,51-70,Low Engagement,Low
3360,43,Female,Sunglasses,Accessories,74,New Hampshire,L,Red,Fall,3.9,No,Next Day Air,No,No,29,Debit Card,Monthly,12,30,888,4209.12,36-50,Premium Loyalists,High
3361,22,Female,Jacket,Outerwear,81,Minnesota,M,Maroon,Spring,3.3,No,2-Day Shipping,No,No,47,Cash,Every 3 Months,4,90,324,1885.6799999999998,18-25,Big-Ticket Occasionals,Moderate
3362,47,Female,Shoes,Footwear,26,Florida,M,Silver,Spring,4.1,No,Free Shipping,No,No,47,Credit Card,Bi-Weekly,26,14,676,3934.3199999999997,36-50,Habitual Budget Buyers,High
3363,50,Female,Handbag,Accessories,61,Tennessee,M,Gray,Summer,3.0,No,Next Day Air,No,No,48,Venmo,Fortnightly,26,14,1586,9325.68,36-50,Premium Loyalists,Very High
3364,58,Female,Sweater,Clothing,23,California,M,Turquoise,Winter,3.0,No,Next Day Air,No,No,46,Bank Transfer,Bi-Weekly,26,14,598,3444.48,51-70,Habitual Budget Buyers,High
3365,50,Female,Scarf,Accessories,33,Oregon,M,Peach,Fall,3.2,No,Standard,No,No,7,Credit Card,Monthly,12,30,396,1354.3200000000002,36-50,Habitual Budget Buyers,Moderate
3366,43,Female,Skirt,Clothing,58,Tennessee,L,Teal,Fall,3.9,No,Express,No,No,45,Credit Card,Every 3 Months,4,90,232,1322.3999999999999,36-50,Low Engagement,Moderate
3367,38,Female,Gloves,Accessories,65,North Carolina,M,Red,Spring,3.6,No,2-Day Shipping,No,No,47,Debit Card,Quarterly,4,90,260,1513.2,36-50,Big-Ticket Occasionals,Moderate
3368,44,Female,T-shirt,Clothing,48,Tennessee,M,Blue,Summer,3.1,No,Store Pickup,No,No,6,Venmo,Fortnightly,26,14,1248,4193.280000000001,36-50,Habitual Budget Buyers,High
3369,30,Female,Sandals,Footwear,25,Nebraska,M,Blue,Spring,4.8,No,Express,No,No,29,Bank Transfer,Every 3 Months,4,90,100,474.0,26-35,Low Engagement,Low
3370,47,Female,Sweater,Clothing,51,Maine,M,Indigo,Winter,3.8,No,2-Day Shipping,No,No,42,Cash,Monthly,12,30,612,3378.24,36-50,Habitual Budget Buyers,High
3371,30,Female,Belt,Accessories,31,Illinois,M,Charcoal,Summer,2.8,No,Store Pickup,No,No,46,Cash,Fortnightly,26,14,806,4642.5599999999995,26-35,Habitual Budget Buyers,High
3372,49,Female,Hoodie,Clothing,99,Colorado,S,Turquoise,Winter,4.0,No,Next Day Air,No,No,28,PayPal,Annually,1,365,99,463.32,36-50,Big-Ticket Occasionals,Low
3373,56,Female,Socks,Clothing,25,Pennsylvania,M,Maroon,Winter,4.6,No,Free Shipping,No,No,14,Credit Card,Every 3 Months,4,90,100,384.0,51-70,Low Engagement,Low
3374,70,Female,Sandals,Footwear,52,Minnesota,M,Purple,Spring,3.5,No,Store Pickup,No,No,12,Debit Card,Every 3 Months,4,90,208,773.76,51-70,Low Engagement,Low
3375,22,Female,Blouse,Clothing,47,Nevada,S,Lavender,Spring,3.7,No,2-Day Shipping,No,No,41,Debit Card,Annually,1,365,47,256.62,18-25,Low Engagement,Low
3376,51,Female,Boots,Footwear,98,Connecticut,XL,Yellow,Fall,4.9,No,Express,No,No,8,Credit Card,Annually,1,365,98,341.03999999999996,51-70,Big-Ticket Occasionals,Low
3377,22,Female,Hat,Accessories,46,Ohio,M,Green,Winter,4.1,No,Store Pickup,No,No,24,Cash,Quarterly,4,90,184,816.96,18-25,Low Engagement,Low
3378,37,Female,Shirt,Clothing,32,Kentucky,M,Yellow,Winter,4.6,No,Next Day Air,No,No,18,PayPal,Fortnightly,26,14,832,3394.5599999999995,36-50,Habitual Budget Buyers,High
3379,49,Female,Shorts,Clothing,75,Minnesota,L,Gold,Fall,4.5,No,Next Day Air,No,No,6,Cash,Quarterly,4,90,300,1008.0000000000001,36-50,Big-Ticket Occasionals,Moderate
3380,61,Female,Handbag,Accessories,51,Tennessee,L,Turquoise,Summer,5.0,No,Store Pickup,No,No,40,Cash,Weekly,52,7,2652,14320.800000000001,51-70,Habitual Budget Buyers,Very High
3381,41,Female,Dress,Clothing,52,North Dakota,L,Blue,Summer,3.8,No,Standard,No,No,6,PayPal,Every 3 Months,4,90,208,698.8800000000001,36-50,Low Engagement,Low
3382,57,Female,Hat,Accessories,66,Minnesota,L,Turquoise,Winter,4.7,No,Standard,No,No,27,Credit Card,Quarterly,4,90,264,1219.68,51-70,Big-Ticket Occasionals,Moderate
3383,34,Female,Sweater,Clothing,35,Nebraska,M,Maroon,Spring,2.8,No,Express,No,No,2,Bank Transfer,Weekly,52,7,1820,5678.400000000001,26-35,Habitual Budget Buyers,High
3384,27,Female,Coat,Outerwear,43,Delaware,M,Pink,Fall,2.6,No,Next Day Air,No,No,39,Venmo,Bi-Weekly,26,14,1118,5970.12,26-35,Habitual Budget Buyers,High
3385,39,Female,Hoodie,Clothing,24,Minnesota,L,Maroon,Summer,3.8,No,Free Shipping,No,No,9,Venmo,Quarterly,4,90,96,339.84,36-50,Low Engagement,Low
3386,62,Female,Jewelry,Accessories,83,Rhode Island,M,Olive,Winter,2.8,No,Standard,No,No,16,Credit Card,Every 3 Months,4,90,332,1314.72,51-70,Big-Ticket Occasionals,Moderate
3387,34,Female,T-shirt,Clothing,62,Michigan,M,Lavender,Fall,2.6,No,2-Day Shipping,No,No,36,Cash,Quarterly,4,90,248,1279.68,26-35,Big-Ticket Occasionals,Moderate
3388,53,Female,Pants,Clothing,78,New Jersey,S,Pink,Spring,3.4,No,2-Day Shipping,No,No,2,Credit Card,Bi-Weekly,26,14,2028,6327.360000000001,51-70,Premium Loyalists,High
3389,35,Female,Sweater,Clothing,61,South Dakota,M,Cyan,Spring,4.5,No,Store Pickup,No,No,21,Credit Card,Weekly,52,7,3172,13512.72,26-35,Premium Loyalists,Very High
3390,38,Female,Pants,Clothing,57,North Carolina,L,Maroon,Fall,3.8,No,Free Shipping,No,No,39,Venmo,Annually,1,365,57,304.38,36-50,Low Engagement,Low
3391,32,Female,Socks,Clothing,70,Oregon,S,Red,Summer,3.0,No,Next Day Air,No,No,38,PayPal,Annually,1,365,70,369.6,26-35,Big-Ticket Occasionals,Low
3392,47,Female,Hoodie,Clothing,57,Montana,M,Silver,Fall,3.7,No,2-Day Shipping,No,No,6,Debit Card,Every 3 Months,4,90,228,766.08,36-50,Low Engagement,Low
3393,53,Female,Scarf,Accessories,74,New Jersey,XL,Blue,Winter,4.4,No,Free Shipping,No,No,6,Venmo,Bi-Weekly,26,14,1924,6464.64,51-70,Premium Loyalists,High
3394,60,Female,Dress,Clothing,90,Arizona,M,Gold,Fall,3.1,No,Next Day Air,No,No,50,Debit Card,Monthly,12,30,1080,6480.0,51-70,Premium Loyalists,High
3395,31,Female,Sandals,Footwear,98,Vermont,S,Yellow,Spring,4.2,No,Store Pickup,No,No,9,PayPal,Annually,1,365,98,346.91999999999996,26-35,Big-Ticket Occasionals,Low
3396,44,Female,Dress,Clothing,43,Colorado,M,Silver,Winter,3.1,No,Free Shipping,No,No,15,Debit Card,Every 3 Months,4,90,172,670.8000000000001,36-50,Low Engagement,Low
3397,29,Female,Pants,Clothing,37,Tennessee,XL,Black,Winter,5.0,No,Next Day Air,No,No,5,PayPal,Quarterly,4,90,148,488.40000000000003,26-35,Low Engagement,Low
3398,19,Female,Blouse,Clothing,38,New Jersey,L,Yellow,Summer,2.7,No,Standard,No,No,13,Bank Transfer,Bi-Weekly,26,14,988,3734.64,18-25,Habitual Budget Buyers,High
3399,54,Female,Jeans,Clothing,60,Montana,L,Pink,Winter,3.8,No,Standard,No,No,44,Cash,Fortnightly,26,14,1560,8798.4,51-70,Habitual Budget Buyers,Very High
3400,40,Female,Pants,Clothing,55,Montana,XL,Yellow,Winter,3.3,No,Standard,No,No,36,Debit Card,Annually,1,365,55,283.8,36-50,Low Engagement,Low
3401,39,Female,Sunglasses,Accessories,51,Nevada,M,Lavender,Fall,4.8,No,Free Shipping,No,No,18,Venmo,Fortnightly,26,14,1326,5410.08,36-50,Habitual Budget Buyers,High
3402,44,Female,Backpack,Accessories,71,Nevada,L,Peach,Winter,3.4,No,Standard,No,No,39,Credit Card,Weekly,52,7,3692,19715.28,36-50,Premium Loyalists,Very High
3403,22,Female,Hoodie,Clothing,61,Louisiana,M,Black,Spring,4.4,No,2-Day Shipping,No,No,11,PayPal,Every 3 Months,4,90,244,893.04,18-25,Big-Ticket Occasionals,Moderate
3404,30,Female,Boots,Footwear,65,Illinois,M,Olive,Summer,3.9,No,Standard,No,No,1,Cash,Bi-Weekly,26,14,1690,5171.4,26-35,Premium Loyalists,High
3405,69,Female,Gloves,Accessories,34,South Carolina,L,Olive,Fall,3.9,No,2-Day Shipping,No,No,34,Credit Card,Annually,1,365,34,171.36,51-70,Low Engagement,Low
3406,28,Female,Blouse,Clothing,87,Washington,M,White,Summer,4.2,No,Store Pickup,No,No,47,Bank Transfer,Bi-Weekly,26,14,2262,13164.84,26-35,Premium Loyalists,Very High
3407,57,Female,Sweater,Clothing,79,Nebraska,M,Red,Spring,4.0,No,Store Pickup,No,No,24,Venmo,Quarterly,4,90,316,1403.04,51-70,Big-Ticket Occasionals,Moderate
3408,46,Female,Dress,Clothing,46,Alabama,S,Purple,Spring,2.6,No,Store Pickup,No,No,20,Cash,Quarterly,4,90,184,772.8,36-50,Low Engagement,Low
3409,48,Female,Socks,Clothing,72,Montana,L,Purple,Summer,4.4,No,Standard,No,No,11,Bank Transfer,Annually,1,365,72,263.52,36-50,Big-Ticket Occasionals,Low
3410,24,Female,Shirt,Clothing,93,Minnesota,M,Teal,Summer,3.2,No,Next Day Air,No,No,3,Credit Card,Every 3 Months,4,90,372,1182.96,18-25,Big-Ticket Occasionals,Moderate
3411,50,Female,Sandals,Footwear,76,Ohio,L,Teal,Summer,4.3,No,Free Shipping,No,No,38,Bank Transfer,Bi-Weekly,26,14,1976,10433.28,36-50,Premium Loyalists,Very High
3412,29,Female,Shoes,Footwear,56,New York,L,Gray,Winter,4.9,No,2-Day Shipping,No,No,45,Cash,Weekly,52,7,2912,16598.399999999998,26-35,Habitual Budget Buyers,Very High
3413,61,Female,Sandals,Footwear,83,Indiana,M,Magenta,Fall,3.8,No,Store Pickup,No,No,31,Venmo,Quarterly,4,90,332,1613.5200000000002,51-70,Big-Ticket Occasionals,Moderate
3414,34,Female,Gloves,Accessories,90,Delaware,XL,Black,Winter,2.5,No,Express,No,No,16,PayPal,Bi-Weekly,26,14,2340,9266.4,26-35,Premium Loyalists,Very High
3415,27,Female,Boots,Footwear,94,Connecticut,M,Maroon,Spring,4.9,No,Next Day Air,No,No,3,Bank Transfer,Quarterly,4,90,376,1195.68,26-35,Big-Ticket Occasionals,Moderate
3416,38,Female,Blouse,Clothing,68,New York,M,Gold,Fall,3.0,No,2-Day Shipping,No,No,15,Bank Transfer,Annually,1,365,68,265.2,36-50,Big-Ticket Occasionals,Low
3417,25,Female,Sandals,Footwear,53,Alabama,M,Purple,Spring,3.2,No,Store Pickup,No,No,11,Bank Transfer,Every 3 Months,4,90,212,775.92,18-25,Low Engagement,Low
3418,54,Female,Coat,Outerwear,35,Massachusetts,M,Blue,Summer,2.9,No,2-Day Shipping,No,No,22,Debit Card,Fortnightly,26,14,910,3931.2,51-70,Habitual Budget Buyers,High
3419,53,Female,Jacket,Outerwear,30,South Carolina,M,Beige,Summer,2.8,No,Free Shipping,No,No,35,Debit Card,Annually,1,365,30,153.0,51-70,Low Engagement,Low
3420,23,Female,Jewelry,Accessories,26,West Virginia,L,Indigo,Winter,3.1,No,Store Pickup,No,No,5,Venmo,Bi-Weekly,26,14,676,2230.8,18-25,Habitual Budget Buyers,Moderate
3421,19,Female,Hat,Accessories,60,Kentucky,M,Purple,Winter,3.4,No,Express,No,No,35,PayPal,Bi-Weekly,26,14,1560,7956.0,18-25,Habitual Budget Buyers,Very High
3422,57,Female,Shoes,Footwear,30,New Jersey,M,Maroon,Summer,2.9,No,Free Shipping,No,No,27,PayPal,Weekly,52,7,1560,7207.2,51-70,Habitual Budget Buyers,Very High
3423,19,Female,Coat,Outerwear,91,New York,L,Beige,Winter,3.2,No,Next Day Air,No,No,9,Venmo,Monthly,12,30,1092,3865.68,18-25,Premium Loyalists,High
3424,33,Female,Boots,Footwear,71,Massachusetts,M,Brown,Spring,3.8,No,Next Day Air,No,No,21,PayPal,Bi-Weekly,26,14,1846,7863.96,26-35,Premium Loyalists,Very High
3425,33,Female,Scarf,Accessories,64,Florida,L,Green,Summer,3.6,No,2-Day Shipping,No,No,23,Credit Card,Monthly,12,30,768,3363.84,26-35,Premium Loyalists,High
3426,38,Female,Hat,Accessories,54,Michigan,M,Blue,Summer,4.3,No,Next Day Air,No,No,3,Debit Card,Bi-Weekly,26,14,1404,4464.72,36-50,Habitual Budget Buyers,High
3427,47,Female,Socks,Clothing,35,Oregon,XL,Magenta,Fall,4.8,No,2-Day Shipping,No,No,31,Credit Card,Annually,1,365,35,170.10000000000002,36-50,Low Engagement,Low
3428,39,Female,T-shirt,Clothing,38,Michigan,XL,Turquoise,Winter,2.5,No,Store Pickup,No,No,44,Cash,Annually,1,365,38,214.32,36-50,Low Engagement,Low
3429,32,Female,Jewelry,Accessories,69,Washington,M,Gray,Fall,2.5,No,Next Day Air,No,No,20,Venmo,Monthly,12,30,828,3477.6,26-35,Premium Loyalists,High
3430,27,Female,Skirt,Clothing,96,Alaska,S,Purple,Winter,4.6,No,Express,No,No,34,Debit Card,Weekly,52,7,4992,25159.680000000004,26-35,Premium Loyalists,Very High
3431,67,Female,Socks,Clothing,73,Montana,M,Lavender,Winter,4.2,No,Next Day Air,No,No,17,Bank Transfer,Every 3 Months,4,90,292,1173.8400000000001,51-70,Big-Ticket Occasionals,Moderate
3432,46,Female,Belt,Accessories,49,New Mexico,S,Green,Summer,4.2,No,Express,No,No,20,Venmo,Annually,1,365,49,205.79999999999998,36-50,Low Engagement,Low
3433,36,Female,Boots,Footwear,44,Connecticut,M,Gray,Summer,4.8,No,2-Day Shipping,No,No,46,PayPal,Every 3 Months,4,90,176,1013.76,36-50,Low Engagement,Moderate
3434,62,Female,Socks,Clothing,93,Alaska,M,Yellow,Spring,4.5,No,Free Shipping,No,No,28,PayPal,Annually,1,365,93,435.24,51-70,Big-Ticket Occasionals,Low
3435,31,Female,Pants,Clothing,72,Ohio,S,Orange,Summer,3.3,No,2-Day Shipping,No,No,6,Venmo,Fortnightly,26,14,1872,6289.920000000001,26-35,Premium Loyalists,High
3436,68,Female,Socks,Clothing,91,Montana,M,Beige,Summer,2.7,No,2-Day Shipping,No,No,50,Debit Card,Bi-Weekly,26,14,2366,14196.0,51-70,Premium Loyalists,Very High
3437,57,Female,Belt,Accessories,83,Nebraska,L,Peach,Winter,2.8,No,2-Day Shipping,No,No,41,Bank Transfer,Monthly,12,30,996,5438.16,51-70,Premium Loyalists,High
3438,22,Female,Jacket,Outerwear,62,Oklahoma,S,Green,Winter,3.5,No,2-Day Shipping,No,No,50,PayPal,Annually,1,365,62,372.0,18-25,Big-Ticket Occasionals,Low
3439,26,Female,Shirt,Clothing,71,Kentucky,M,Violet,Fall,3.0,No,Store Pickup,No,No,33,Credit Card,Monthly,12,30,852,4242.96,26-35,Premium Loyalists,High
3440,43,Female,Gloves,Accessories,93,Idaho,M,Gray,Summer,4.5,No,Express,No,No,25,Venmo,Quarterly,4,90,372,1674.0,36-50,Big-Ticket Occasionals,Moderate
3441,45,Female,Handbag,Accessories,63,Maryland,L,Magenta,Fall,4.3,No,2-Day Shipping,No,No,2,PayPal,Weekly,52,7,3276,10221.12,36-50,Premium Loyalists,Very High
3442,64,Female,Sweater,Clothing,96,Tennessee,XL,Charcoal,Fall,4.1,No,Standard,No,No,15,Credit Card,Annually,1,365,96,374.40000000000003,51-70,Big-Ticket Occasionals,Low
3443,28,Female,Skirt,Clothing,78,Michigan,M,Violet,Spring,4.3,No,Next Day Air,No,No,12,PayPal,Weekly,52,7,4056,15088.32,26-35,Premium Loyalists,Very High
3444,47,Female,Dress,Clothing,24,Tennessee,L,Silver,Summer,5.0,No,Free Shipping,No,No,28,Cash,Bi-Weekly,26,14,624,2920.32,36-50,Habitual Budget Buyers,High
3445,53,Female,Pants,Clothing,63,Rhode Island,S,Green,Summer,3.8,No,2-Day Shipping,No,No,12,Bank Transfer,Bi-Weekly,26,14,1638,6093.36,51-70,Premium Loyalists,High
3446,42,Female,Hat,Accessories,58,Florida,M,Magenta,Fall,4.9,No,Standard,No,No,3,Debit Card,Annually,1,365,58,184.44,36-50,Low Engagement,Low
3447,51,Female,Boots,Footwear,55,Louisiana,S,Purple,Spring,5.0,No,2-Day Shipping,No,No,20,Cash,Weekly,52,7,2860,12012.0,51-70,Habitual Budget Buyers,Very High
3448,62,Female,Sandals,Footwear,58,Arkansas,M,Blue,Fall,4.3,No,Express,No,No,3,Bank Transfer,Bi-Weekly,26,14,1508,4795.4400000000005,51-70,Habitual Budget Buyers,High
3449,18,Female,Coat,Outerwear,28,Kentucky,S,Yellow,Winter,4.1,No,Express,No,No,32,Bank Transfer,Fortnightly,26,14,728,3581.76,18-25,Habitual Budget Buyers,High
3450,48,Female,Blouse,Clothing,37,Kansas,M,Brown,Spring,4.5,No,Standard,No,No,35,Cash,Monthly,12,30,444,2264.4,36-50,Habitual Budget Buyers,Moderate
3451,20,Female,Shorts,Clothing,78,Vermont,M,Pink,Spring,3.6,No,Store Pickup,No,No,31,PayPal,Monthly,12,30,936,4548.96,18-25,Premium Loyalists,High
3452,32,Female,Blouse,Clothing,73,Nevada,XL,Silver,Fall,3.0,No,Free Shipping,No,No,13,Credit Card,Annually,1,365,73,275.94,26-35,Big-Ticket Occasionals,Low
3453,26,Female,Jacket,Outerwear,20,Oklahoma,M,Indigo,Spring,3.7,No,Next Day Air,No,No,3,Venmo,Fortnightly,26,14,520,1653.6000000000001,26-35,Habitual Budget Buyers,Moderate
3454,31,Female,Shirt,Clothing,60,Alabama,L,Pink,Winter,4.3,No,Standard,No,No,48,Venmo,Bi-Weekly,26,14,1560,9172.8,26-35,Habitual Budget Buyers,Very High
3455,55,Female,Handbag,Accessories,71,Louisiana,S,Lavender,Fall,4.6,No,Store Pickup,No,No,15,PayPal,Bi-Weekly,26,14,1846,7199.400000000001,51-70,Premium Loyalists,High
3456,49,Female,T-shirt,Clothing,89,Ohio,M,Orange,Fall,4.7,No,Standard,No,No,13,Venmo,Annually,1,365,89,336.42,36-50,Big-Ticket Occasionals,Low
3457,42,Female,Hoodie,Clothing,53,Texas,M,Red,Fall,4.6,No,Express,No,No,21,Venmo,Monthly,12,30,636,2709.3599999999997,36-50,Habitual Budget Buyers,High
3458,64,Female,Jewelry,Accessories,87,Maryland,M,Gray,Summer,3.0,No,Express,No,No,29,Cash,Fortnightly,26,14,2262,10721.880000000001,51-70,Premium Loyalists,Very High
3459,68,Female,Jewelry,Accessories,37,West Virginia,L,Violet,Spring,3.4,No,Standard,No,No,24,Venmo,Quarterly,4,90,148,657.12,51-70,Low Engagement,Low
3460,68,Female,Hoodie,Clothing,37,Ohio,L,Green,Fall,3.8,No,Express,No,No,21,PayPal,Annually,1,365,37,157.62,51-70,Low Engagement,Low
3461,41,Female,Scarf,Accessories,78,Indiana,M,Gold,Spring,3.1,No,Express,No,No,5,Bank Transfer,Bi-Weekly,26,14,2028,6692.400000000001,36-50,Premium Loyalists,High
3462,51,Female,Shoes,Footwear,23,Wyoming,S,Maroon,Spring,4.4,No,Standard,No,No,47,Cash,Quarterly,4,90,92,535.4399999999999,51-70,Low Engagement,Low
3463,44,Female,Jeans,Clothing,73,Michigan,L,Olive,Spring,4.5,No,Standard,No,No,34,Credit Card,Every 3 Months,4,90,292,1471.68,36-50,Big-Ticket Occasionals,Moderate
3464,27,Female,Jewelry,Accessories,27,Maine,M,Yellow,Fall,2.8,No,2-Day Shipping,No,No,45,PayPal,Fortnightly,26,14,702,4001.3999999999996,26-35,Habitual Budget Buyers,High
3465,36,Female,Coat,Outerwear,59,Utah,S,Peach,Winter,2.7,No,Next Day Air,No,No,12,PayPal,Annually,1,365,59,219.48,36-50,Low Engagement,Low
3466,19,Female,Backpack,Accessories,53,Iowa,M,Gold,Spring,3.4,No,Standard,No,No,31,Debit Card,Weekly,52,7,2756,13394.160000000002,18-25,Habitual Budget Buyers,Very High
3467,49,Female,Socks,Clothing,42,Maryland,S,Purple,Summer,4.6,No,Standard,No,No,43,Bank Transfer,Annually,1,365,42,234.35999999999999,36-50,Low Engagement,Low
3468,18,Female,Scarf,Accessories,45,Texas,M,Charcoal,Fall,5.0,No,Next Day Air,No,No,5,Credit Card,Annually,1,365,45,148.5,18-25,Low Engagement,Low
3469,36,Female,Sunglasses,Accessories,89,Ohio,S,Indigo,Winter,3.5,No,Standard,No,No,36,Debit Card,Quarterly,4,90,356,1836.96,36-50,Big-Ticket Occasionals,Moderate
3470,36,Female,Socks,Clothing,85,North Dakota,L,Magenta,Fall,3.3,No,Store Pickup,No,No,12,Cash,Annually,1,365,85,316.2,36-50,Big-Ticket Occasionals,Low
3471,19,Female,Coat,Outerwear,69,West Virginia,S,Olive,Summer,4.5,No,Free Shipping,No,No,31,Cash,Bi-Weekly,26,14,1794,8718.84,18-25,Premium Loyalists,Very High
3472,43,Female,Sandals,Footwear,66,North Carolina,S,Blue,Spring,3.1,No,Store Pickup,No,No,31,Cash,Bi-Weekly,26,14,1716,8339.76,36-50,Premium Loyalists,Very High
3473,31,Female,Blouse,Clothing,42,Georgia,S,White,Summer,4.0,No,Free Shipping,No,No,15,Debit Card,Weekly,52,7,2184,8517.6,26-35,Habitual Budget Buyers,Very High
3474,63,Female,Dress,Clothing,40,Kansas,M,Cyan,Spring,2.5,No,Express,No,No,11,Cash,Weekly,52,7,2080,7612.8,51-70,Habitual Budget Buyers,Very High
3475,41,Female,Pants,Clothing,82,Maine,M,Cyan,Winter,4.4,No,Store Pickup,No,No,18,Venmo,Monthly,12,30,984,4014.72,36-50,Premium Loyalists,High
3476,48,Female,Sneakers,Footwear,88,South Carolina,M,Orange,Spring,4.4,No,Express,No,No,9,Cash,Quarterly,4,90,352,1246.08,36-50,Big-Ticket Occasionals,Moderate
3477,68,Female,Boots,Footwear,99,South Carolina,XL,Orange,Summer,3.2,No,Free Shipping,No,No,11,Cash,Weekly,52,7,5148,18841.68,51-70,Premium Loyalists,Very High
3478,53,Female,Handbag,Accessories,85,Kentucky,S,Teal,Spring,3.8,No,Store Pickup,No,No,38,Debit Card,Bi-Weekly,26,14,2210,11668.8,51-70,Premium Loyalists,Very High
3479,36,Female,Handbag,Accessories,57,Arizona,M,Magenta,Fall,4.6,No,Store Pickup,No,No,42,PayPal,Quarterly,4,90,228,1258.56,36-50,Low Engagement,Moderate
3480,46,Female,Sweater,Clothing,56,New York,S,Orange,Summer,4.9,No,Standard,No,No,41,Cash,Monthly,12,30,672,3669.12,36-50,Habitual Budget Buyers,High
3481,21,Female,Sandals,Footwear,79,New Hampshire,L,Peach,Winter,3.5,No,Free Shipping,No,No,45,PayPal,Monthly,12,30,948,5403.599999999999,18-25,Premium Loyalists,High
3482,52,Female,Socks,Clothing,67,Ohio,S,Maroon,Summer,3.4,No,Store Pickup,No,No,41,Debit Card,Bi-Weekly,26,14,1742,9511.32,51-70,Premium Loyalists,Very High
3483,66,Female,Gloves,Accessories,61,Hawaii,M,Gold,Winter,3.9,No,Next Day Air,No,No,35,Debit Card,Weekly,52,7,3172,16177.199999999999,51-70,Premium Loyalists,Very High
3484,19,Female,Hoodie,Clothing,37,Texas,L,White,Winter,3.9,No,Express,No,No,21,Credit Card,Every 3 Months,4,90,148,630.48,18-25,Low Engagement,Low
3485,44,Female,Dress,Clothing,75,Illinois,L,Gray,Fall,4.2,No,Free Shipping,No,No,13,Credit Card,Bi-Weekly,26,14,1950,7371.0,36-50,Premium Loyalists,Very High
3486,50,Female,Shirt,Clothing,21,Massachusetts,XL,Brown,Winter,3.4,No,Standard,No,No,23,Debit Card,Fortnightly,26,14,546,2391.48,36-50,Habitual Budget Buyers,Moderate
3487,51,Female,Shorts,Clothing,89,North Carolina,L,Charcoal,Winter,4.9,No,Standard,No,No,6,PayPal,Weekly,52,7,4628,15550.080000000002,51-70,Premium Loyalists,Very High
3488,25,Female,Sandals,Footwear,24,West Virginia,L,Beige,Fall,2.9,No,Store Pickup,No,No,39,Bank Transfer,Annually,1,365,24,128.16,18-25,Low Engagement,Low
3489,62,Female,Sweater,Clothing,27,Delaware,XL,Teal,Spring,4.9,No,Store Pickup,No,No,7,Cash,Quarterly,4,90,108,369.36,51-70,Low Engagement,Low
3490,48,Female,Dress,Clothing,26,Idaho,L,Black,Summer,4.6,No,2-Day Shipping,No,No,32,PayPal,Every 3 Months,4,90,104,511.68000000000006,36-50,Low Engagement,Low
3491,62,Female,Boots,Footwear,82,Oregon,M,Violet,Spring,3.6,No,Store Pickup,No,No,43,Credit Card,Quarterly,4,90,328,1830.2399999999998,51-70,Big-Ticket Occasionals,Moderate
3492,22,Female,Pants,Clothing,28,Maine,M,Orange,Winter,4.3,No,Express,No,No,15,Cash,Monthly,12,30,336,1310.4,18-25,Habitual Budget Buyers,Moderate
3493,48,Female,Gloves,Accessories,65,South Dakota,M,Turquoise,Fall,4.6,No,Standard,No,No,48,Bank Transfer,Annually,1,365,65,382.2,36-50,Big-Ticket Occasionals,Low
3494,48,Female,Pants,Clothing,82,New Mexico,XL,Black,Winter,4.7,No,Store Pickup,No,No,35,Credit Card,Weekly,52,7,4264,21746.399999999998,36-50,Premium Loyalists,Very High
3495,62,Female,Scarf,Accessories,38,Washington,M,Silver,Winter,3.5,No,Free Shipping,No,No,41,PayPal,Quarterly,4,90,152,829.92,51-70,Low Engagement,Low
3496,24,Female,Shorts,Clothing,33,Georgia,XL,Gray,Spring,2.8,No,Free Shipping,No,No,14,Cash,Weekly,52,7,1716,6589.4400000000005,18-25,Habitual Budget Buyers,High
3497,39,Female,Shoes,Footwear,38,Idaho,M,Pink,Summer,4.0,No,Free Shipping,No,No,22,PayPal,Monthly,12,30,456,1969.9199999999998,36-50,Habitual Budget Buyers,Moderate
3498,35,Female,Handbag,Accessories,48,Colorado,M,Red,Spring,4.3,No,Store Pickup,No,No,16,Venmo,Every 3 Months,4,90,192,760.32,26-35,Low Engagement,Low
3499,47,Female,Sandals,Footwear,35,Kentucky,M,Lavender,Summer,3.8,No,Standard,No,No,2,Bank Transfer,Bi-Weekly,26,14,910,2839.2000000000003,36-50,Habitual Budget Buyers,High
3500,22,Female,Socks,Clothing,29,New Jersey,L,Indigo,Fall,3.0,No,Next Day Air,No,No,13,PayPal,Every 3 Months,4,90,116,438.48,18-25,Low Engagement,Low
3501,38,Female,Shirt,Clothing,48,Oregon,S,Silver,Fall,4.6,No,Next Day Air,No,No,38,Debit Card,Fortnightly,26,14,1248,6589.44,36-50,Habitual Budget Buyers,High
3502,53,Female,Shoes,Footwear,87,Nebraska,M,Silver,Fall,4.8,No,Standard,No,No,43,Bank Transfer,Weekly,52,7,4524,25243.92,51-70,Premium Loyalists,Very High
3503,31,Female,Backpack,Accessories,62,Massachusetts,M,Green,Fall,4.7,No,Next Day Air,No,No,26,Bank Transfer,Quarterly,4,90,248,1130.88,26-35,Big-Ticket Occasionals,Moderate
3504,31,Female,Shirt,Clothing,96,Nebraska,M,Pink,Spring,3.9,No,Free Shipping,No,No,39,Cash,Weekly,52,7,4992,26657.28,26-35,Premium Loyalists,Very High
3505,65,Female,Handbag,Accessories,41,Hawaii,S,Violet,Fall,4.0,No,Next Day Air,No,No,50,Venmo,Monthly,12,30,492,2952.0,51-70,Habitual Budget Buyers,High
3506,48,Female,Jewelry,Accessories,42,Indiana,L,Red,Winter,3.7,No,2-Day Shipping,No,No,40,Bank Transfer,Every 3 Months,4,90,168,907.2,36-50,Low Engagement,Moderate
3507,18,Female,Shirt,Clothing,57,Illinois,L,Olive,Winter,3.7,No,2-Day Shipping,No,No,12,Cash,Fortnightly,26,14,1482,5513.04,18-25,Habitual Budget Buyers,High
3508,46,Female,Handbag,Accessories,65,Colorado,S,Purple,Spring,4.2,No,Store Pickup,No,No,33,Credit Card,Every 3 Months,4,90,260,1294.8000000000002,36-50,Big-Ticket Occasionals,Moderate
3509,52,Female,Pants,Clothing,54,Pennsylvania,M,Gray,Fall,4.7,No,Standard,No,No,49,Bank Transfer,Weekly,52,7,2808,16679.52,51-70,Habitual Budget Buyers,Very High
3510,50,Female,T-shirt,Clothing,22,Ohio,L,Brown,Winter,4.3,No,Next Day Air,No,No,43,Venmo,Bi-Weekly,26,14,572,3191.7599999999998,36-50,Habitual Budget Buyers,High
3511,49,Female,Sneakers,Footwear,96,Pennsylvania,S,Orange,Fall,4.9,No,2-Day Shipping,No,No,14,Venmo,Monthly,12,30,1152,4423.68,36-50,Premium Loyalists,High
3512,69,Female,Jewelry,Accessories,81,Mississippi,M,Blue,Summer,3.9,No,2-Day Shipping,No,No,21,Credit Card,Every 3 Months,4,90,324,1380.24,51-70,Big-Ticket Occasionals,Moderate
3513,36,Female,Shirt,Clothing,46,Kentucky,M,White,Fall,3.4,No,Free Shipping,No,No,31,Debit Card,Quarterly,4,90,184,894.24,36-50,Low Engagement,Moderate
3514,30,Female,Blouse,Clothing,74,Alaska,XL,Charcoal,Spring,4.2,No,Store Pickup,No,No,29,Credit Card,Fortnightly,26,14,1924,9119.76,26-35,Premium Loyalists,Very High
3515,25,Female,Sneakers,Footwear,50,Georgia,XL,Gray,Winter,4.7,No,Express,No,No,32,Cash,Monthly,12,30,600,2952.0,18-25,Habitual Budget Buyers,High
3516,19,Female,Dress,Clothing,80,South Dakota,XL,Charcoal,Winter,4.0,No,Next Day Air,No,No,16,Debit Card,Bi-Weekly,26,14,2080,8236.800000000001,18-25,Premium Loyalists,Very High
3517,34,Female,Boots,Footwear,56,South Carolina,S,White,Summer,4.0,No,Free Shipping,No,No,38,PayPal,Bi-Weekly,26,14,1456,7687.68,26-35,Habitual Budget Buyers,Very High
3518,29,Female,Skirt,Clothing,69,Tennessee,M,Orange,Winter,3.1,No,Next Day Air,No,No,34,Debit Card,Every 3 Months,4,90,276,1391.0400000000002,26-35,Big-Ticket Occasionals,Moderate
3519,50,Female,Shirt,Clothing,97,Colorado,M,Black,Spring,4.2,No,Standard,No,No,30,PayPal,Quarterly,4,90,388,1862.4,36-50,Big-Ticket Occasionals,Moderate
3520,31,Female,Shorts,Clothing,66,Wisconsin,M,White,Winter,3.7,No,Next Day Air,No,No,14,Bank Transfer,Fortnightly,26,14,1716,6589.4400000000005,26-35,Premium Loyalists,High
3521,41,Female,Hat,Accessories,70,Georgia,S,Brown,Spring,3.1,No,Express,No,No,33,Bank Transfer,Monthly,12,30,840,4183.200000000001,36-50,Premium Loyalists,High
3522,52,Female,Shoes,Footwear,50,Maryland,M,Pink,Winter,3.7,No,Store Pickup,No,No,35,Venmo,Weekly,52,7,2600,13260.0,51-70,Habitual Budget Buyers,Very High
3523,27,Female,Pants,Clothing,85,New Jersey,M,Yellow,Spring,3.2,No,Store Pickup,No,No,13,Cash,Quarterly,4,90,340,1285.2,26-35,Big-Ticket Occasionals,Moderate
3524,49,Female,Backpack,Accessories,59,Nevada,M,Cyan,Summer,2.8,No,Standard,No,No,30,Cash,Fortnightly,26,14,1534,7363.200000000001,36-50,Habitual Budget Buyers,Very High
3525,69,Female,Pants,Clothing,74,Michigan,L,Silver,Summer,2.9,No,Free Shipping,No,No,30,Credit Card,Monthly,12,30,888,4262.400000000001,51-70,Premium Loyalists,High
3526,45,Female,Sunglasses,Accessories,38,Wyoming,L,Olive,Winter,3.5,No,Standard,No,No,47,Bank Transfer,Annually,1,365,38,221.16,36-50,Low Engagement,Low
3527,20,Female,Sweater,Clothing,99,Massachusetts,M,Olive,Spring,3.8,No,Express,No,No,1,PayPal,Every 3 Months,4,90,396,1211.76,18-25,Big-Ticket Occasionals,Moderate
3528,25,Female,Blouse,Clothing,97,Washington,S,Charcoal,Spring,4.7,No,Free Shipping,No,No,1,Cash,Weekly,52,7,5044,15434.64,18-25,Premium Loyalists,Very High
3529,38,Female,Scarf,Accessories,67,Maine,L,Gray,Summer,4.5,No,Free Shipping,No,No,33,PayPal,Annually,1,365,67,333.66,36-50,Big-Ticket Occasionals,Low
3530,55,Female,T-shirt,Clothing,20,Montana,S,Maroon,Winter,3.9,No,Next Day Air,No,No,43,Bank Transfer,Weekly,52,7,1040,5803.2,51-70,Habitual Budget Buyers,High
3531,62,Female,Sunglasses,Accessories,45,Oklahoma,L,Black,Spring,3.4,No,Express,No,No,37,PayPal,Weekly,52,7,2340,12214.8,51-70,Habitual Budget Buyers,Very High
3532,54,Female,Shoes,Footwear,52,North Dakota,XL,Violet,Winter,4.6,No,2-Day Shipping,No,No,23,Cash,Quarterly,4,90,208,911.04,51-70,Low Engagement,Moderate
3533,61,Female,Pants,Clothing,68,Connecticut,L,Indigo,Fall,4.6,No,Standard,No,No,12,Credit Card,Annually,1,365,68,252.96,51-70,Big-Ticket Occasionals,Low
3534,50,Female,Sneakers,Footwear,98,Texas,L,Yellow,Fall,4.7,No,Standard,No,No,30,Venmo,Fortnightly,26,14,2548,12230.400000000001,36-50,Premium Loyalists,Very High
3535,65,Female,Shoes,Footwear,83,Delaware,M,Gray,Fall,3.2,No,Express,No,No,7,Cash,Weekly,52,7,4316,14760.720000000001,51-70,Premium Loyalists,Very High
3536,68,Female,Shorts,Clothing,51,Mississippi,M,Red,Summer,5.0,No,Express,No,No,20,Debit Card,Monthly,12,30,612,2570.3999999999996,51-70,Habitual Budget Buyers,High
3537,55,Female,Handbag,Accessories,21,Minnesota,L,Peach,Spring,4.5,No,Express,No,No,10,Venmo,Monthly,12,30,252,907.1999999999999,51-70,Habitual Budget Buyers,Moderate
3538,57,Female,Handbag,Accessories,92,Georgia,M,Gray,Spring,3.5,No,Standard,No,No,40,Credit Card,Every 3 Months,4,90,368,1987.2,51-70,Big-Ticket Occasionals,Moderate
3539,56,Female,Shoes,Footwear,63,Iowa,S,White,Spring,4.5,No,Store Pickup,No,No,21,Venmo,Monthly,12,30,756,3220.56,51-70,Premium Loyalists,High
3540,29,Female,Jewelry,Accessories,56,New York,S,Green,Spring,3.2,No,Express,No,No,17,Credit Card,Bi-Weekly,26,14,1456,5853.120000000001,26-35,Habitual Budget Buyers,High
3541,24,Female,Shorts,Clothing,95,Nevada,M,Magenta,Spring,4.6,No,Free Shipping,No,No,5,Bank Transfer,Weekly,52,7,4940,16302.000000000002,18-25,Premium Loyalists,Very High
3542,59,Female,Blouse,Clothing,66,Virginia,M,Olive,Winter,4.0,No,Next Day Air,No,No,22,PayPal,Annually,1,365,66,285.12,51-70,Big-Ticket Occasionals,Low
3543,62,Female,Coat,Outerwear,28,Idaho,S,Olive,Spring,4.2,No,Express,No,No,5,Venmo,Weekly,52,7,1456,4804.8,51-70,Habitual Budget Buyers,High
3544,58,Female,Hat,Accessories,83,Colorado,M,Blue,Winter,4.1,No,Standard,No,No,18,PayPal,Every 3 Months,4,90,332,1354.56,51-70,Big-Ticket Occasionals,Moderate
3545,64,Female,Socks,Clothing,55,Wisconsin,XL,Charcoal,Fall,3.6,No,2-Day Shipping,No,No,42,Cash,Every 3 Months,4,90,220,1214.3999999999999,51-70,Low Engagement,Moderate
3546,48,Female,Sandals,Footwear,28,Connecticut,M,Yellow,Spring,3.7,No,2-Day Shipping,No,No,22,Debit Card,Annually,1,365,28,120.96,36-50,Low Engagement,Low
3547,60,Female,Scarf,Accessories,79,Kansas,M,Violet,Summer,3.6,No,Free Shipping,No,No,37,Bank Transfer,Bi-Weekly,26,14,2054,10721.88,51-70,Premium Loyalists,Very High
3548,52,Female,Scarf,Accessories,31,Pennsylvania,L,Magenta,Summer,3.8,No,Standard,No,No,23,Credit Card,Annually,1,365,31,135.78,51-70,Low Engagement,Low
3549,63,Female,Blouse,Clothing,37,Utah,M,Red,Fall,3.0,No,Standard,No,No,47,Debit Card,Fortnightly,26,14,962,5598.84,51-70,Habitual Budget Buyers,High
3550,44,Female,T-shirt,Clothing,34,Oregon,M,Cyan,Summer,3.4,No,2-Day Shipping,No,No,11,Bank Transfer,Fortnightly,26,14,884,3235.44,36-50,Habitual Budget Buyers,High
3551,63,Female,Shoes,Footwear,74,West Virginia,S,Orange,Winter,4.8,No,Standard,No,No,32,Cash,Weekly,52,7,3848,18932.16,51-70,Premium Loyalists,Very High
3552,66,Female,Gloves,Accessories,31,Montana,L,Black,Spring,2.6,No,Store Pickup,No,No,20,Venmo,Weekly,52,7,1612,6770.4,51-70,Habitual Budget Buyers,High
3553,22,Female,Sunglasses,Accessories,66,Kentucky,M,Blue,Winter,2.9,No,Next Day Air,No,No,3,PayPal,Quarterly,4,90,264,839.5200000000001,18-25,Big-Ticket Occasionals,Low
3554,62,Female,Shoes,Footwear,99,Minnesota,M,Charcoal,Spring,4.9,No,Free Shipping,No,No,32,Bank Transfer,Weekly,52,7,5148,25328.160000000003,51-70,Premium Loyalists,Very High
3555,39,Female,Dress,Clothing,55,Louisiana,M,Indigo,Spring,5.0,No,Free Shipping,No,No,5,Credit Card,Fortnightly,26,14,1430,4719.0,36-50,Habitual Budget Buyers,High
3556,25,Female,Blouse,Clothing,23,Delaware,L,Silver,Spring,4.6,No,Next Day Air,No,No,45,Cash,Quarterly,4,90,92,524.4,18-25,Low Engagement,Low
3557,70,Female,Sweater,Clothing,88,Arizona,M,Brown,Fall,4.2,No,Express,No,No,43,Cash,Bi-Weekly,26,14,2288,12767.039999999999,51-70,Premium Loyalists,Very High
3558,52,Female,Jacket,Outerwear,26,Nevada,M,Peach,Summer,4.9,No,Next Day Air,No,No,1,PayPal,Every 3 Months,4,90,104,318.24,51-70,Low Engagement,Low
3559,68,Female,Backpack,Accessories,94,Alaska,L,Magenta,Summer,4.8,No,Standard,No,No,9,Venmo,Quarterly,4,90,376,1331.04,51-70,Big-Ticket Occasionals,Moderate
3560,18,Female,Shorts,Clothing,25,Utah,M,Beige,Fall,3.0,No,Next Day Air,No,No,13,Venmo,Every 3 Months,4,90,100,378.0,18-25,Low Engagement,Low
3561,18,Female,Socks,Clothing,96,Kansas,XL,Violet,Fall,3.5,No,Express,No,No,5,Credit Card,Annually,1,365,96,316.8,18-25,Big-Ticket Occasionals,Low
3562,63,Female,Sneakers,Footwear,29,North Carolina,L,Black,Spring,3.4,No,Standard,No,No,39,Credit Card,Fortnightly,26,14,754,4026.36,51-70,Habitual Budget Buyers,High
3563,47,Female,Sneakers,Footwear,36,Maryland,M,Cyan,Winter,3.4,No,Free Shipping,No,No,7,Bank Transfer,Weekly,52,7,1872,6402.240000000001,36-50,Habitual Budget Buyers,High
3564,43,Female,Blouse,Clothing,90,Maine,M,Green,Summer,4.9,No,Standard,No,No,8,Credit Card,Every 3 Months,4,90,360,1252.8,36-50,Big-Ticket Occasionals,Moderate
3565,60,Female,Gloves,Accessories,38,Illinois,S,Brown,Summer,4.4,No,Free Shipping,No,No,40,Venmo,Annually,1,365,38,205.20000000000002,51-70,Low Engagement,Low
3566,49,Female,Handbag,Accessories,52,Pennsylvania,S,Gray,Spring,4.2,No,Store Pickup,No,No,35,PayPal,Monthly,12,30,624,3182.4,36-50,Habitual Budget Buyers,High
3567,28,Female,Jeans,Clothing,88,Alaska,S,Orange,Spring,3.1,No,Next Day Air,No,No,14,Venmo,Monthly,12,30,1056,4055.04,26-35,Premium Loyalists,High
3568,32,Female,Scarf,Accessories,56,New Mexico,S,Silver,Summer,4.0,No,Next Day Air,No,No,26,Credit Card,Monthly,12,30,672,3064.32,26-35,Habitual Budget Buyers,High
3569,29,Female,Sandals,Footwear,71,Arkansas,M,Purple,Spring,4.8,No,Next Day Air,No,No,14,PayPal,Quarterly,4,90,284,1090.56,26-35,Big-Ticket Occasionals,Moderate
3570,35,Female,Sandals,Footwear,94,Alaska,M,Olive,Fall,3.3,No,Express,No,No,9,Bank Transfer,Fortnightly,26,14,2444,8651.76,26-35,Premium Loyalists,Very High
3571,23,Female,Dress,Clothing,97,Louisiana,XL,Teal,Winter,4.7,No,Standard,No,No,32,Debit Card,Annually,1,365,97,477.24,18-25,Big-Ticket Occasionals,Low
3572,70,Female,Skirt,Clothing,27,North Dakota,M,White,Summer,3.2,No,Standard,No,No,15,Bank Transfer,Every 3 Months,4,90,108,421.2,51-70,Low Engagement,Low
3573,23,Female,Shorts,Clothing,28,Rhode Island,M,Black,Spring,5.0,No,Standard,No,No,25,Credit Card,Monthly,12,30,336,1512.0,18-25,Habitual Budget Buyers,Moderate
3574,43,Female,Jeans,Clothing,67,Connecticut,L,Maroon,Fall,4.9,No,Free Shipping,No,No,27,PayPal,Monthly,12,30,804,3714.48,36-50,Premium Loyalists,High
3575,29,Female,Socks,Clothing,70,New York,M,Cyan,Fall,4.9,No,Express,No,No,39,Bank Transfer,Quarterly,4,90,280,1495.2,26-35,Big-Ticket Occasionals,Moderate
3576,61,Female,Coat,Outerwear,95,Kentucky,M,Violet,Fall,3.7,No,Express,No,No,49,Venmo,Bi-Weekly,26,14,2470,14671.8,51-70,Premium Loyalists,Very High
3577,29,Female,Boots,Footwear,24,Maine,L,Yellow,Spring,3.0,No,Express,No,No,12,Venmo,Bi-Weekly,26,14,624,2321.28,26-35,Habitual Budget Buyers,Moderate
3578,66,Female,Belt,Accessories,35,Missouri,S,Yellow,Winter,2.6,No,Standard,No,No,13,Bank Transfer,Weekly,52,7,1820,6879.6,51-70,Habitual Budget Buyers,High
3579,46,Female,Shoes,Footwear,22,Georgia,L,Olive,Winter,2.6,No,Standard,No,No,22,Bank Transfer,Quarterly,4,90,88,380.15999999999997,36-50,Low Engagement,Low
3580,34,Female,Scarf,Accessories,66,Arizona,L,Olive,Fall,4.8,No,Standard,No,No,19,Credit Card,Every 3 Months,4,90,264,1092.9599999999998,26-35,Big-Ticket Occasionals,Moderate
3581,51,Female,Blouse,Clothing,83,New Hampshire,M,Magenta,Summer,3.2,No,2-Day Shipping,No,No,3,Cash,Bi-Weekly,26,14,2158,6862.4400000000005,51-70,Premium Loyalists,High
3582,26,Female,Dress,Clothing,95,Georgia,M,Orange,Fall,4.9,No,Next Day Air,No,No,50,Credit Card,Weekly,52,7,4940,29640.0,26-35,Premium Loyalists,Very High
3583,23,Female,Shorts,Clothing,41,California,S,Beige,Summer,3.4,No,2-Day Shipping,No,No,15,PayPal,Annually,1,365,41,159.9,18-25,Low Engagement,Low
3584,52,Female,Blouse,Clothing,77,Arizona,L,Brown,Summer,2.7,No,Store Pickup,No,No,44,Credit Card,Every 3 Months,4,90,308,1737.12,51-70,Big-Ticket Occasionals,Moderate
3585,39,Female,Sneakers,Footwear,52,Florida,L,Indigo,Fall,4.8,No,Express,No,No,48,Debit Card,Monthly,12,30,624,3669.12,36-50,Habitual Budget Buyers,High
3586,39,Female,Gloves,Accessories,41,New York,XL,Gray,Winter,4.1,No,Standard,No,No,4,Venmo,Bi-Weekly,26,14,1066,3453.84,36-50,Habitual Budget Buyers,High
3587,33,Female,Hoodie,Clothing,28,Idaho,M,Yellow,Winter,4.6,No,Store Pickup,No,No,12,PayPal,Bi-Weekly,26,14,728,2708.16,26-35,Habitual Budget Buyers,High
3588,33,Female,Sweater,Clothing,90,Virginia,S,Violet,Summer,4.4,No,Standard,No,No,33,Debit Card,Annually,1,365,90,448.20000000000005,26-35,Big-Ticket Occasionals,Low
3589,23,Female,Sunglasses,Accessories,55,Michigan,M,Magenta,Spring,3.5,No,2-Day Shipping,No,No,40,Cash,Annually,1,365,55,297.0,18-25,Low Engagement,Low
3590,31,Female,Belt,Accessories,73,New Hampshire,M,Blue,Spring,4.8,No,Next Day Air,No,No,38,Cash,Every 3 Months,4,90,292,1541.76,26-35,Big-Ticket Occasionals,Moderate
3591,27,Female,Dress,Clothing,87,South Dakota,M,Gray,Fall,2.9,No,2-Day Shipping,No,No,19,Venmo,Every 3 Months,4,90,348,1440.7199999999998,26-35,Big-Ticket Occasionals,Moderate
3592,48,Female,Jacket,Outerwear,89,South Dakota,M,Gold,Winter,3.2,No,2-Day Shipping,No,No,38,Bank Transfer,Quarterly,4,90,356,1879.68,36-50,Big-Ticket Occasionals,Moderate
3593,61,Female,Boots,Footwear,82,New Jersey,L,Lavender,Spring,4.4,No,2-Day Shipping,No,No,18,Venmo,Fortnightly,26,14,2132,8698.56,51-70,Premium Loyalists,Very High
3594,63,Female,Sandals,Footwear,80,Wyoming,M,Black,Spring,4.6,No,Next Day Air,No,No,24,PayPal,Monthly,12,30,960,4262.4,51-70,Premium Loyalists,High
3595,19,Female,Scarf,Accessories,87,Alabama,L,Charcoal,Summer,2.6,No,2-Day Shipping,No,No,29,Venmo,Quarterly,4,90,348,1649.52,18-25,Big-Ticket Occasionals,Moderate
3596,21,Female,Blouse,Clothing,41,South Dakota,M,Violet,Spring,3.1,No,Store Pickup,No,No,14,PayPal,Annually,1,365,41,157.44,18-25,Low Engagement,Low
3597,28,Female,Hoodie,Clothing,83,South Carolina,M,Charcoal,Spring,4.3,No,Standard,No,No,44,Cash,Fortnightly,26,14,2158,12171.119999999999,26-35,Premium Loyalists,Very High
3598,29,Female,Sunglasses,Accessories,71,New Mexico,M,Maroon,Summer,3.1,No,Standard,No,No,18,Bank Transfer,Quarterly,4,90,284,1158.7199999999998,26-35,Big-Ticket Occasionals,Moderate
3599,23,Female,Hoodie,Clothing,76,Connecticut,XL,Purple,Spring,4.6,No,Store Pickup,No,No,19,Bank Transfer,Bi-Weekly,26,14,1976,8180.639999999999,18-25,Premium Loyalists,Very High
3600,37,Female,Scarf,Accessories,34,Kansas,S,Peach,Spring,4.6,No,Express,No,No,4,Cash,Weekly,52,7,1768,5728.320000000001,36-50,Habitual Budget Buyers,High
3601,67,Female,Dress,Clothing,81,South Carolina,XL,Olive,Spring,2.7,No,Free Shipping,No,No,25,Cash,Bi-Weekly,26,14,2106,9477.0,51-70,Premium Loyalists,Very High
3602,34,Female,T-shirt,Clothing,47,North Carolina,M,Indigo,Summer,3.0,No,Next Day Air,No,No,3,PayPal,Monthly,12,30,564,1793.52,26-35,Habitual Budget Buyers,Moderate
3603,58,Female,Skirt,Clothing,36,Wyoming,S,Magenta,Summer,3.3,No,Store Pickup,No,No,40,Debit Card,Quarterly,4,90,144,777.6,51-70,Low Engagement,Low
3604,45,Female,Jeans,Clothing,51,Louisiana,M,Gold,Spring,2.7,No,Free Shipping,No,No,5,Cash,Weekly,52,7,2652,8751.6,36-50,Habitual Budget Buyers,Very High
3605,63,Female,Hoodie,Clothing,86,Louisiana,M,Orange,Fall,3.3,No,Standard,No,No,17,Debit Card,Annually,1,365,86,345.72,51-70,Big-Ticket Occasionals,Low
3606,68,Female,Jeans,Clothing,41,Alabama,M,Gold,Fall,4.3,No,Store Pickup,No,No,36,Bank Transfer,Every 3 Months,4,90,164,846.24,51-70,Low Engagement,Low
3607,41,Female,Sandals,Footwear,90,Minnesota,XL,Purple,Fall,4.8,No,Express,No,No,41,Venmo,Annually,1,365,90,491.4,36-50,Big-Ticket Occasionals,Low
3608,50,Female,Hat,Accessories,93,New Mexico,L,Charcoal,Fall,3.3,No,Standard,No,No,20,Venmo,Bi-Weekly,26,14,2418,10155.599999999999,36-50,Premium Loyalists,Very High
3609,24,Female,Gloves,Accessories,56,Tennessee,M,Cyan,Fall,4.3,No,Next Day Air,No,No,2,Cash,Every 3 Months,4,90,224,698.88,18-25,Low Engagement,Low
3610,21,Female,Socks,Clothing,39,New Mexico,M,Cyan,Summer,3.0,No,2-Day Shipping,No,No,31,Debit Card,Monthly,12,30,468,2274.48,18-25,Habitual Budget Buyers,Moderate
3611,18,Female,Jacket,Outerwear,86,Texas,XL,Green,Fall,4.8,No,2-Day Shipping,No,No,23,Bank Transfer,Fortnightly,26,14,2236,9793.68,18-25,Premium Loyalists,Very High
3612,63,Female,T-shirt,Clothing,82,Washington,M,Silver,Spring,2.9,No,Standard,No,No,30,Credit Card,Annually,1,365,82,393.6,51-70,Big-Ticket Occasionals,Low
3613,47,Female,Sandals,Footwear,29,Michigan,M,Teal,Summer,3.6,No,Standard,No,No,26,Cash,Every 3 Months,4,90,116,528.96,36-50,Low Engagement,Low
3614,58,Female,Hat,Accessories,27,Minnesota,M,Magenta,Fall,3.5,No,Store Pickup,No,No,40,Venmo,Annually,1,365,27,145.8,51-70,Low Engagement,Low
3615,46,Female,Gloves,Accessories,25,Delaware,L,Maroon,Spring,4.7,No,2-Day Shipping,No,No,19,Bank Transfer,Annually,1,365,25,103.49999999999999,36-50,Low Engagement,Low
3616,35,Female,Dress,Clothing,31,California,M,Gold,Winter,4.4,No,Free Shipping,No,No,4,Credit Card,Monthly,12,30,372,1205.28,26-35,Habitual Budget Buyers,Moderate
3617,42,Female,Hoodie,Clothing,23,Wisconsin,L,Purple,Winter,3.3,No,Store Pickup,No,No,33,Debit Card,Fortnightly,26,14,598,2978.0400000000004,36-50,Habitual Budget Buyers,High
3618,48,Female,Belt,Accessories,47,Kentucky,M,Lavender,Fall,4.3,No,Express,No,No,29,Debit Card,Monthly,12,30,564,2673.36,36-50,Habitual Budget Buyers,High
3619,28,Female,Gloves,Accessories,67,Nevada,M,Maroon,Fall,4.0,No,2-Day Shipping,No,No,47,PayPal,Bi-Weekly,26,14,1742,10138.44,26-35,Premium Loyalists,Very High
3620,44,Female,Scarf,Accessories,75,North Carolina,S,Magenta,Winter,4.9,No,2-Day Shipping,No,No,50,Venmo,Weekly,52,7,3900,23400.0,36-50,Premium Loyalists,Very High
3621,60,Female,Sandals,Footwear,82,Louisiana,M,Turquoise,Summer,2.9,No,Express,No,No,28,Credit Card,Fortnightly,26,14,2132,9977.76,51-70,Premium Loyalists,Very High
3622,38,Female,Sneakers,Footwear,32,New Jersey,XL,Silver,Summer,4.0,No,2-Day Shipping,No,No,5,Cash,Fortnightly,26,14,832,2745.6000000000004,36-50,Habitual Budget Buyers,High
3623,46,Female,Dress,Clothing,41,Wisconsin,M,Purple,Fall,4.3,No,Store Pickup,No,No,12,Credit Card,Annually,1,365,41,152.52,36-50,Low Engagement,Low
3624,39,Female,Jewelry,Accessories,89,Arkansas,M,Violet,Winter,2.7,No,2-Day Shipping,No,No,4,PayPal,Weekly,52,7,4628,14994.720000000001,36-50,Premium Loyalists,Very High
3625,22,Female,Hat,Accessories,82,Texas,XL,Peach,Fall,5.0,No,Store Pickup,No,No,22,Bank Transfer,Bi-Weekly,26,14,2132,9210.24,18-25,Premium Loyalists,Very High
3626,44,Female,Scarf,Accessories,99,Illinois,L,Green,Winter,4.4,No,Express,No,No,32,PayPal,Weekly,52,7,5148,25328.160000000003,36-50,Premium Loyalists,Very High
3627,69,Female,Blouse,Clothing,98,Mississippi,L,Teal,Fall,3.5,No,Express,No,No,32,Venmo,Quarterly,4,90,392,1928.64,51-70,Big-Ticket Occasionals,Moderate
3628,39,Female,Belt,Accessories,54,Delaware,M,Silver,Winter,3.3,No,Next Day Air,No,No,48,Cash,Every 3 Months,4,90,216,1270.08,36-50,Low Engagement,Moderate
3629,53,Female,Blouse,Clothing,88,Georgia,L,Purple,Summer,3.8,No,Free Shipping,No,No,35,Credit Card,Monthly,12,30,1056,5385.599999999999,51-70,Premium Loyalists,High
3630,52,Female,T-shirt,Clothing,43,Kansas,L,Lavender,Summer,4.5,No,Standard,No,No,44,Debit Card,Fortnightly,26,14,1118,6305.5199999999995,51-70,Habitual Budget Buyers,High
3631,65,Female,Hat,Accessories,73,Oklahoma,M,Lavender,Winter,4.8,No,Store Pickup,No,No,29,Cash,Weekly,52,7,3796,17993.04,51-70,Premium Loyalists,Very High
3632,48,Female,Hat,Accessories,50,New Jersey,M,Peach,Fall,2.9,No,Store Pickup,No,No,26,Credit Card,Monthly,12,30,600,2736.0,36-50,Habitual Budget Buyers,High
3633,27,Female,Sneakers,Footwear,73,Utah,L,Green,Spring,3.2,No,Express,No,No,3,Debit Card,Quarterly,4,90,292,928.5600000000001,26-35,Big-Ticket Occasionals,Moderate
3634,39,Female,Gloves,Accessories,51,Montana,M,Orange,Spring,2.8,No,Free Shipping,No,No,1,Bank Transfer,Bi-Weekly,26,14,1326,4057.56,36-50,Habitual Budget Buyers,High
3635,59,Female,Socks,Clothing,22,Ohio,M,Pink,Winter,3.3,No,Standard,No,No,17,PayPal,Annually,1,365,22,88.44000000000001,51-70,Low Engagement,Low
3636,52,Female,Sandals,Footwear,32,Colorado,L,Cyan,Fall,3.3,No,Free Shipping,No,No,17,Credit Card,Fortnightly,26,14,832,3344.6400000000003,51-70,Habitual Budget Buyers,High
3637,50,Female,Sandals,Footwear,38,California,L,Lavender,Summer,4.2,No,2-Day Shipping,No,No,36,Cash,Weekly,52,7,1976,10196.16,36-50,Habitual Budget Buyers,Very High
3638,32,Female,Boots,Footwear,66,Utah,L,Yellow,Winter,3.6,No,Express,No,No,32,Credit Card,Fortnightly,26,14,1716,8442.720000000001,26-35,Premium Loyalists,Very High
3639,40,Female,Backpack,Accessories,20,Kansas,M,Olive,Spring,4.6,No,Express,No,No,50,PayPal,Bi-Weekly,26,14,520,3120.0,36-50,Habitual Budget Buyers,High
3640,26,Female,Coat,Outerwear,44,Illinois,M,Brown,Summer,3.6,No,2-Day Shipping,No,No,39,Venmo,Annually,1,365,44,234.96,26-35,Low Engagement,Low
3641,47,Female,Sunglasses,Accessories,31,Minnesota,L,Pink,Spring,4.0,No,Next Day Air,No,No,17,PayPal,Monthly,12,30,372,1495.44,36-50,Habitual Budget Buyers,Moderate
3642,51,Female,Jacket,Outerwear,45,New York,M,Cyan,Fall,2.7,No,Free Shipping,No,No,39,Bank Transfer,Every 3 Months,4,90,180,961.2,51-70,Low Engagement,Moderate
3643,47,Female,Dress,Clothing,71,Arizona,L,Maroon,Summer,4.4,No,Store Pickup,No,No,5,PayPal,Annually,1,365,71,234.3,36-50,Big-Ticket Occasionals,Low
3644,53,Female,Scarf,Accessories,96,Tennessee,XL,Magenta,Fall,3.2,No,Standard,No,No,47,Debit Card,Annually,1,365,96,558.72,51-70,Big-Ticket Occasionals,Low
3645,35,Female,Blouse,Clothing,32,Arkansas,M,Violet,Winter,2.6,No,Next Day Air,No,No,18,Venmo,Weekly,52,7,1664,6789.119999999999,26-35,Habitual Budget Buyers,High
3646,38,Female,Backpack,Accessories,90,Colorado,L,Silver,Summer,3.4,No,Free Shipping,No,No,31,Credit Card,Every 3 Months,4,90,360,1749.6000000000001,36-50,Big-Ticket Occasionals,Moderate
3647,69,Female,Jewelry,Accessories,68,Nevada,M,Maroon,Spring,5.0,No,2-Day Shipping,No,No,39,Debit Card,Fortnightly,26,14,1768,9441.12,51-70,Premium Loyalists,Very High
3648,47,Female,Shorts,Clothing,45,Kansas,M,Gray,Winter,2.9,No,Store Pickup,No,No,12,Bank Transfer,Weekly,52,7,2340,8704.8,36-50,Habitual Budget Buyers,Very High
3649,31,Female,Skirt,Clothing,67,New York,M,White,Winter,5.0,No,Free Shipping,No,No,45,Cash,Bi-Weekly,26,14,1742,9929.4,26-35,Premium Loyalists,Very High
3650,68,Female,Skirt,Clothing,57,Minnesota,M,Brown,Fall,4.4,No,Standard,No,No,33,Credit Card,Fortnightly,26,14,1482,7380.360000000001,51-70,Habitual Budget Buyers,Very High
3651,51,Female,Jeans,Clothing,60,Ohio,M,Silver,Summer,3.5,No,2-Day Shipping,No,No,3,PayPal,Annually,1,365,60,190.8,51-70,Low Engagement,Low
3652,20,Female,Handbag,Accessories,32,Arizona,M,Yellow,Spring,3.8,No,Express,No,No,5,Venmo,Every 3 Months,4,90,128,422.40000000000003,18-25,Low Engagement,Low
3653,27,Female,Handbag,Accessories,29,Kentucky,S,Magenta,Fall,3.8,No,Store Pickup,No,No,23,Debit Card,Monthly,12,30,348,1524.24,26-35,Habitual Budget Buyers,Moderate
3654,67,Female,Coat,Outerwear,20,Minnesota,M,Blue,Spring,3.9,No,Next Day Air,No,No,39,Credit Card,Fortnightly,26,14,520,2776.8,51-70,Habitual Budget Buyers,High
3655,21,Female,Jewelry,Accessories,98,Arkansas,M,Green,Winter,3.3,No,Next Day Air,No,No,10,Credit Card,Annually,1,365,98,352.8,18-25,Big-Ticket Occasionals,Low
3656,20,Female,Sweater,Clothing,27,Wyoming,M,Yellow,Fall,2.9,No,Next Day Air,No,No,4,Credit Card,Bi-Weekly,26,14,702,2274.48,18-25,Habitual Budget Buyers,Moderate
3657,35,Female,Jacket,Outerwear,67,North Dakota,XL,Cyan,Spring,3.7,No,2-Day Shipping,No,No,18,Credit Card,Monthly,12,30,804,3280.3199999999997,26-35,Premium Loyalists,High
3658,58,Female,Shoes,Footwear,82,Alabama,L,Gold,Winter,3.7,No,Express,No,No,1,Debit Card,Every 3 Months,4,90,328,1003.6800000000001,51-70,Big-Ticket Occasionals,Moderate
3659,28,Female,T-shirt,Clothing,72,Mississippi,M,Magenta,Fall,4.6,No,Standard,No,No,18,PayPal,Fortnightly,26,14,1872,7637.759999999999,26-35,Premium Loyalists,Very High
3660,27,Female,Sandals,Footwear,77,Illinois,S,Gray,Fall,4.9,No,Store Pickup,No,No,46,Bank Transfer,Annually,1,365,77,443.52,26-35,Big-Ticket Occasionals,Low
3661,19,Female,Shoes,Footwear,74,Arkansas,L,Indigo,Winter,3.1,No,2-Day Shipping,No,No,13,Bank Transfer,Fortnightly,26,14,1924,7272.72,18-25,Premium Loyalists,Very High
3662,63,Female,Sandals,Footwear,39,Kansas,S,White,Winter,3.5,No,Next Day Air,No,No,5,Credit Card,Fortnightly,26,14,1014,3346.2000000000003,51-70,Habitual Budget Buyers,High
3663,69,Female,Shorts,Clothing,80,Rhode Island,M,Indigo,Spring,4.9,No,Next Day Air,No,No,11,Debit Card,Weekly,52,7,4160,15225.6,51-70,Premium Loyalists,Very High
3664,65,Female,Backpack,Accessories,59,Florida,M,Green,Summer,4.4,No,Express,No,No,49,Credit Card,Weekly,52,7,3068,18223.92,51-70,Habitual Budget Buyers,Very High
3665,63,Female,Jacket,Outerwear,68,Missouri,M,Turquoise,Fall,4.4,No,Store Pickup,No,No,1,Debit Card,Fortnightly,26,14,1768,5410.08,51-70,Premium Loyalists,High
3666,28,Female,Socks,Clothing,77,North Carolina,M,Peach,Fall,3.4,No,Next Day Air,No,No,11,Credit Card,Quarterly,4,90,308,1127.28,26-35,Big-Ticket Occasionals,Moderate
3667,67,Female,Jewelry,Accessories,50,Alabama,M,Olive,Winter,3.0,No,2-Day Shipping,No,No,47,Cash,Every 3 Months,4,90,200,1164.0,51-70,Low Engagement,Moderate
3668,51,Female,Pants,Clothing,45,Washington,L,Cyan,Fall,2.6,No,Next Day Air,No,No,20,Venmo,Monthly,12,30,540,2268.0,51-70,Habitual Budget Buyers,Moderate
3669,59,Female,Blouse,Clothing,71,Michigan,XL,Magenta,Summer,3.2,No,Store Pickup,No,No,18,Venmo,Annually,1,365,71,289.67999999999995,51-70,Big-Ticket Occasionals,Low
3670,25,Female,Socks,Clothing,52,Washington,S,Silver,Fall,4.6,No,Store Pickup,No,No,43,PayPal,Quarterly,4,90,208,1160.6399999999999,18-25,Low Engagement,Moderate
3671,31,Female,Shoes,Footwear,50,Vermont,S,White,Winter,3.8,No,Free Shipping,No,No,4,PayPal,Every 3 Months,4,90,200,648.0,26-35,Low Engagement,Low
3672,62,Female,Handbag,Accessories,66,Illinois,L,Pink,Summer,4.8,No,2-Day Shipping,No,No,20,Venmo,Quarterly,4,90,264,1108.8,51-70,Big-Ticket Occasionals,Moderate
3673,51,Female,Sandals,Footwear,81,New York,S,Pink,Fall,4.5,No,Free Shipping,No,No,7,PayPal,Monthly,12,30,972,3324.2400000000002,51-70,Premium Loyalists,High
3674,32,Female,Socks,Clothing,28,Rhode Island,M,Pink,Summer,4.2,No,2-Day Shipping,No,No,31,Bank Transfer,Fortnightly,26,14,728,3538.0800000000004,26-35,Habitual Budget Buyers,High
3675,35,Female,Handbag,Accessories,65,Washington,M,Blue,Winter,2.7,No,2-Day Shipping,No,No,41,Venmo,Fortnightly,26,14,1690,9227.4,26-35,Premium Loyalists,Very High
3676,70,Female,Hat,Accessories,80,Virginia,M,White,Winter,4.5,No,Express,No,No,3,Bank Transfer,Monthly,12,30,960,3052.8,51-70,Premium Loyalists,High
3677,19,Female,Jewelry,Accessories,94,Wisconsin,S,Teal,Spring,4.9,No,Free Shipping,No,No,16,PayPal,Monthly,12,30,1128,4466.88,18-25,Premium Loyalists,High
3678,32,Female,Backpack,Accessories,30,Michigan,M,Gray,Fall,2.8,No,Standard,No,No,43,Cash,Annually,1,365,30,167.39999999999998,26-35,Low Engagement,Low
3679,56,Female,Shirt,Clothing,45,Texas,S,Beige,Fall,3.5,No,Standard,No,No,29,Bank Transfer,Fortnightly,26,14,1170,5545.8,51-70,Habitual Budget Buyers,High
3680,53,Female,Coat,Outerwear,91,Idaho,M,Violet,Summer,2.5,No,Store Pickup,No,No,5,Cash,Bi-Weekly,26,14,2366,7807.8,51-70,Premium Loyalists,Very High
3681,22,Female,Sunglasses,Accessories,36,Iowa,S,Blue,Winter,2.9,No,Standard,No,No,30,Debit Card,Quarterly,4,90,144,691.2,18-25,Low Engagement,Low
3682,26,Female,Gloves,Accessories,73,Connecticut,XL,Magenta,Fall,4.2,No,Next Day Air,No,No,33,Debit Card,Monthly,12,30,876,4362.4800000000005,26-35,Premium Loyalists,High
3683,42,Female,Shirt,Clothing,60,Wyoming,M,Maroon,Fall,4.6,No,Store Pickup,No,No,46,Venmo,Bi-Weekly,26,14,1560,8985.6,36-50,Habitual Budget Buyers,Very High
3684,30,Female,Socks,Clothing,77,Mississippi,M,Purple,Winter,3.0,No,Free Shipping,No,No,17,Venmo,Fortnightly,26,14,2002,8048.040000000001,26-35,Premium Loyalists,Very High
3685,29,Female,Skirt,Clothing,86,Pennsylvania,L,Charcoal,Spring,4.4,No,Free Shipping,No,No,47,Credit Card,Bi-Weekly,26,14,2236,13013.52,26-35,Premium Loyalists,Very High
3686,47,Female,Shorts,Clothing,42,Tennessee,L,Red,Summer,2.6,No,Standard,No,No,17,Cash,Bi-Weekly,26,14,1092,4389.84,36-50,Habitual Budget Buyers,High
3687,59,Female,Sandals,Footwear,70,Louisiana,M,Charcoal,Spring,4.8,No,Free Shipping,No,No,17,Cash,Bi-Weekly,26,14,1820,7316.400000000001,51-70,Premium Loyalists,Very High
3688,34,Female,Shirt,Clothing,44,Arkansas,L,Lavender,Summer,2.9,No,Next Day Air,No,No,28,Bank Transfer,Every 3 Months,4,90,176,823.6800000000001,26-35,Low Engagement,Low
3689,52,Female,Sunglasses,Accessories,91,West Virginia,L,White,Spring,3.0,No,Next Day Air,No,No,8,Cash,Monthly,12,30,1092,3800.16,51-70,Premium Loyalists,High
3690,47,Female,Jewelry,Accessories,30,South Carolina,L,Red,Fall,4.5,No,Standard,No,No,8,Bank Transfer,Quarterly,4,90,120,417.59999999999997,36-50,Low Engagement,Low
3691,24,Female,Blouse,Clothing,23,Kansas,S,Violet,Fall,3.7,No,Store Pickup,No,No,4,Bank Transfer,Bi-Weekly,26,14,598,1937.5200000000002,18-25,Habitual Budget Buyers,Moderate
3692,63,Female,Sandals,Footwear,21,Michigan,XL,Orange,Summer,4.8,No,Next Day Air,No,No,24,PayPal,Weekly,52,7,1092,4848.48,51-70,Habitual Budget Buyers,High
3693,59,Female,Coat,Outerwear,34,Alabama,L,Turquoise,Spring,4.8,No,Free Shipping,No,No,29,Cash,Fortnightly,26,14,884,4190.16,51-70,Habitual Budget Buyers,High
3694,66,Female,Blouse,Clothing,46,South Dakota,M,Violet,Summer,4.7,No,2-Day Shipping,No,No,10,Venmo,Weekly,52,7,2392,8611.199999999999,51-70,Habitual Budget Buyers,Very High
3695,45,Female,Sweater,Clothing,41,Rhode Island,M,Blue,Winter,2.6,No,Express,No,No,11,PayPal,Bi-Weekly,26,14,1066,3901.56,36-50,Habitual Budget Buyers,High
3696,38,Female,Skirt,Clothing,33,Florida,M,White,Fall,4.6,No,Standard,No,No,18,Bank Transfer,Fortnightly,26,14,858,3500.64,36-50,Habitual Budget Buyers,High
3697,63,Female,Blouse,Clothing,48,Connecticut,L,Turquoise,Fall,3.4,No,Next Day Air,No,No,26,Bank Transfer,Annually,1,365,48,218.88,51-70,Low Engagement,Low
3698,55,Female,Hoodie,Clothing,66,Pennsylvania,L,Pink,Winter,3.0,No,Standard,No,No,39,Cash,Weekly,52,7,3432,18326.88,51-70,Premium Loyalists,Very High
3699,25,Female,Skirt,Clothing,54,California,XL,Maroon,Spring,4.0,No,2-Day Shipping,No,No,4,Venmo,Annually,1,365,54,174.96,18-25,Low Engagement,Low
3700,51,Female,Backpack,Accessories,55,Oklahoma,M,Olive,Fall,2.6,No,Store Pickup,No,No,24,Bank Transfer,Weekly,52,7,2860,12698.4,51-70,Habitual Budget Buyers,Very High
3701,28,Female,Handbag,Accessories,84,North Dakota,XL,Charcoal,Summer,3.4,No,Store Pickup,No,No,2,Bank Transfer,Every 3 Months,4,90,336,1048.32,26-35,Big-Ticket Occasionals,Moderate
3702,46,Female,Sandals,Footwear,66,New Mexico,M,Charcoal,Spring,4.5,No,Store Pickup,No,No,36,Cash,Annually,1,365,66,340.56,36-50,Big-Ticket Occasionals,Low
3703,58,Female,Shoes,Footwear,65,South Carolina,M,Indigo,Spring,2.7,No,Store Pickup,No,No,36,Venmo,Weekly,52,7,3380,17440.8,51-70,Premium Loyalists,Very High
3704,30,Female,Sandals,Footwear,83,Michigan,S,Teal,Fall,2.9,No,Standard,No,No,23,PayPal,Every 3 Months,4,90,332,1454.1599999999999,26-35,Big-Ticket Occasionals,Moderate
3705,68,Female,Sunglasses,Accessories,61,Missouri,L,Black,Winter,4.0,No,Store Pickup,No,No,36,Credit Card,Quarterly,4,90,244,1259.04,51-70,Big-Ticket Occasionals,Moderate
3706,28,Female,Skirt,Clothing,65,Colorado,L,Teal,Summer,3.2,No,Free Shipping,No,No,2,Debit Card,Annually,1,365,65,202.8,26-35,Big-Ticket Occasionals,Low
3707,26,Female,Sandals,Footwear,55,Kansas,M,Green,Spring,4.0,No,Store Pickup,No,No,17,Cash,Bi-Weekly,26,14,1430,5748.6,26-35,Habitual Budget Buyers,High
3708,35,Female,Gloves,Accessories,79,Illinois,M,Gold,Fall,3.4,No,2-Day Shipping,No,No,19,Venmo,Weekly,52,7,4108,17007.12,26-35,Premium Loyalists,Very High
3709,40,Female,Hoodie,Clothing,96,South Carolina,M,Red,Fall,4.9,No,Express,No,No,41,PayPal,Monthly,12,30,1152,6289.919999999999,36-50,Premium Loyalists,High
3710,31,Female,Socks,Clothing,43,Utah,M,Silver,Fall,3.6,No,Free Shipping,No,No,27,PayPal,Quarterly,4,90,172,794.64,26-35,Low Engagement,Low
3711,60,Female,Jewelry,Accessories,40,Hawaii,M,Yellow,Summer,3.6,No,2-Day Shipping,No,No,32,Bank Transfer,Fortnightly,26,14,1040,5116.8,51-70,Habitual Budget Buyers,High
3712,69,Female,Hat,Accessories,62,Texas,XL,Peach,Fall,3.2,No,Free Shipping,No,No,33,Cash,Annually,1,365,62,308.76000000000005,51-70,Big-Ticket Occasionals,Low
3713,51,Female,Blouse,Clothing,72,Oregon,M,Turquoise,Spring,3.7,No,2-Day Shipping,No,No,24,PayPal,Quarterly,4,90,288,1278.72,51-70,Big-Ticket Occasionals,Moderate
3714,49,Female,Shoes,Footwear,87,Arizona,M,Peach,Spring,2.6,No,Express,No,No,31,Debit Card,Every 3 Months,4,90,348,1691.2800000000002,36-50,Big-Ticket Occasionals,Moderate
3715,18,Female,Hat,Accessories,31,New York,S,Peach,Winter,3.9,No,Express,No,No,35,Credit Card,Weekly,52,7,1612,8221.199999999999,18-25,Habitual Budget Buyers,Very High
3716,63,Female,Sunglasses,Accessories,34,Nebraska,S,Orange,Fall,3.4,No,Free Shipping,No,No,2,Bank Transfer,Monthly,12,30,408,1272.96,51-70,Habitual Budget Buyers,Moderate
3717,57,Female,Shirt,Clothing,53,Vermont,M,Charcoal,Fall,3.4,No,Next Day Air,No,No,42,Debit Card,Every 3 Months,4,90,212,1170.24,51-70,Low Engagement,Moderate
3718,45,Female,T-shirt,Clothing,85,Maryland,XL,White,Summer,4.2,No,Express,No,No,47,Bank Transfer,Every 3 Months,4,90,340,1978.8,36-50,Big-Ticket Occasionals,Moderate
3719,36,Female,Pants,Clothing,50,Tennessee,L,Turquoise,Fall,2.9,No,Standard,No,No,44,Bank Transfer,Bi-Weekly,26,14,1300,7332.0,36-50,Habitual Budget Buyers,Very High
3720,20,Female,Pants,Clothing,91,Pennsylvania,M,Red,Summer,4.1,No,Free Shipping,No,No,8,Bank Transfer,Every 3 Months,4,90,364,1266.7199999999998,18-25,Big-Ticket Occasionals,Moderate
3721,21,Female,Hat,Accessories,56,South Carolina,M,Peach,Fall,3.6,No,Free Shipping,No,No,13,Credit Card,Quarterly,4,90,224,846.72,18-25,Low Engagement,Low
3722,62,Female,Coat,Outerwear,60,Connecticut,L,Pink,Fall,4.0,No,Next Day Air,No,No,10,Cash,Annually,1,365,60,216.0,51-70,Low Engagement,Low
3723,23,Female,Jacket,Outerwear,34,Kentucky,XL,Yellow,Fall,4.0,No,Standard,No,No,1,Credit Card,Fortnightly,26,14,884,2705.04,18-25,Habitual Budget Buyers,High
3724,26,Female,Sandals,Footwear,30,Rhode Island,M,Beige,Spring,3.6,No,Free Shipping,No,No,1,Debit Card,Monthly,12,30,360,1101.6,26-35,Habitual Budget Buyers,Moderate
3725,30,Female,Gloves,Accessories,71,Colorado,L,Green,Winter,3.1,No,Express,No,No,18,Bank Transfer,Annually,1,365,71,289.67999999999995,26-35,Big-Ticket Occasionals,Low
3726,18,Female,Dress,Clothing,100,Oklahoma,S,Turquoise,Winter,4.4,No,Next Day Air,No,No,2,PayPal,Annually,1,365,100,312.0,18-25,Big-Ticket Occasionals,Low
3727,47,Female,Belt,Accessories,85,Idaho,XL,Orange,Fall,4.3,No,Next Day Air,No,No,36,Debit Card,Every 3 Months,4,90,340,1754.3999999999999,36-50,Big-Ticket Occasionals,Moderate
3728,41,Female,Socks,Clothing,83,Maine,M,Gold,Summer,3.5,No,Next Day Air,No,No,17,Debit Card,Bi-Weekly,26,14,2158,8675.16,36-50,Premium Loyalists,Very High
3729,62,Female,Jacket,Outerwear,31,Vermont,L,Red,Winter,3.0,No,Standard,No,No,1,Debit Card,Annually,1,365,31,94.86,51-70,Low Engagement,Low
3730,28,Female,Boots,Footwear,82,Rhode Island,M,Teal,Spring,4.7,No,2-Day Shipping,No,No,50,Cash,Quarterly,4,90,328,1968.0,26-35,Big-Ticket Occasionals,Moderate
3731,46,Female,Shirt,Clothing,79,Florida,M,Teal,Summer,2.5,No,2-Day Shipping,No,No,3,Credit Card,Bi-Weekly,26,14,2054,6531.72,36-50,Premium Loyalists,High
3732,54,Female,Hat,Accessories,62,West Virginia,M,Lavender,Spring,3.1,No,2-Day Shipping,No,No,45,PayPal,Quarterly,4,90,248,1413.6,51-70,Big-Ticket Occasionals,Moderate
3733,36,Female,Shoes,Footwear,92,Indiana,L,Pink,Spring,3.3,No,Free Shipping,No,No,28,PayPal,Annually,1,365,92,430.56,36-50,Big-Ticket Occasionals,Low
3734,25,Female,Socks,Clothing,58,Illinois,M,Maroon,Fall,4.7,No,Next Day Air,No,No,6,Debit Card,Every 3 Months,4,90,232,779.5200000000001,18-25,Low Engagement,Low
3735,38,Female,Hoodie,Clothing,88,California,M,Beige,Spring,3.4,No,Next Day Air,No,No,33,Debit Card,Every 3 Months,4,90,352,1752.96,36-50,Big-Ticket Occasionals,Moderate
3736,38,Female,Sandals,Footwear,44,Massachusetts,L,Orange,Spring,3.1,No,2-Day Shipping,No,No,29,PayPal,Annually,1,365,44,208.56,36-50,Low Engagement,Low
3737,42,Female,Jeans,Clothing,56,Idaho,M,Red,Spring,4.6,No,Store Pickup,No,No,2,PayPal,Every 3 Months,4,90,224,698.88,36-50,Low Engagement,Low
3738,19,Female,Jewelry,Accessories,23,Kentucky,S,Maroon,Winter,4.9,No,Free Shipping,No,No,43,PayPal,Bi-Weekly,26,14,598,3336.8399999999997,18-25,Habitual Budget Buyers,High
3739,34,Female,Shorts,Clothing,45,Delaware,M,Brown,Spring,2.7,No,Free Shipping,No,No,48,Cash,Fortnightly,26,14,1170,6879.599999999999,26-35,Habitual Budget Buyers,High
3740,38,Female,Sunglasses,Accessories,31,Idaho,M,Olive,Fall,4.2,No,Free Shipping,No,No,43,Credit Card,Weekly,52,7,1612,8994.96,36-50,Habitual Budget Buyers,Very High
3741,42,Female,Pants,Clothing,96,Virginia,M,Silver,Summer,2.6,No,Store Pickup,No,No,26,Debit Card,Bi-Weekly,26,14,2496,11381.76,36-50,Premium Loyalists,Very High
3742,58,Female,Shirt,Clothing,96,Arizona,M,Purple,Spring,3.2,No,2-Day Shipping,No,No,26,Debit Card,Bi-Weekly,26,14,2496,11381.76,51-70,Premium Loyalists,Very High
3743,56,Female,Shirt,Clothing,80,Maryland,M,Gray,Fall,4.4,No,Standard,No,No,50,Credit Card,Bi-Weekly,26,14,2080,12480.0,51-70,Premium Loyalists,Very High
3744,62,Female,Pants,Clothing,28,Idaho,L,Cyan,Fall,3.6,No,Free Shipping,No,No,36,Debit Card,Quarterly,4,90,112,577.92,51-70,Low Engagement,Low
3745,24,Female,Hoodie,Clothing,51,New Jersey,M,Gray,Summer,2.7,No,Next Day Air,No,No,26,Bank Transfer,Fortnightly,26,14,1326,6046.56,18-25,Habitual Budget Buyers,High
3746,60,Female,Socks,Clothing,41,Washington,L,Gold,Spring,4.3,No,Express,No,No,2,Debit Card,Monthly,12,30,492,1535.04,51-70,Habitual Budget Buyers,Moderate
3747,53,Female,Coat,Outerwear,99,Idaho,XL,Cyan,Summer,2.6,No,Next Day Air,No,No,49,PayPal,Monthly,12,30,1188,7056.72,51-70,Premium Loyalists,High
3748,26,Female,Sweater,Clothing,53,Rhode Island,L,Olive,Spring,4.3,No,Store Pickup,No,No,32,Bank Transfer,Bi-Weekly,26,14,1378,6779.76,26-35,Habitual Budget Buyers,High
3749,34,Female,Backpack,Accessories,25,Delaware,M,Violet,Fall,3.9,No,2-Day Shipping,No,No,3,Venmo,Annually,1,365,25,79.5,26-35,Low Engagement,Low
3750,24,Female,Blouse,Clothing,95,Alaska,L,Yellow,Winter,2.9,No,2-Day Shipping,No,No,38,Venmo,Every 3 Months,4,90,380,2006.4,18-25,Big-Ticket Occasionals,Moderate
3751,42,Female,Hoodie,Clothing,88,Arizona,M,Gold,Fall,3.1,No,Free Shipping,No,No,5,PayPal,Monthly,12,30,1056,3484.8,36-50,Premium Loyalists,High
3752,36,Female,Jewelry,Accessories,97,Alabama,S,Silver,Fall,4.2,No,Free Shipping,No,No,8,Credit Card,Every 3 Months,4,90,388,1350.24,36-50,Big-Ticket Occasionals,Moderate
3753,24,Female,Coat,Outerwear,81,Washington,L,Pink,Winter,4.1,No,2-Day Shipping,No,No,43,Venmo,Weekly,52,7,4212,23502.96,18-25,Premium Loyalists,Very High
3754,39,Female,Sunglasses,Accessories,26,Louisiana,S,Turquoise,Winter,4.2,No,Next Day Air,No,No,22,Bank Transfer,Fortnightly,26,14,676,2920.3199999999997,36-50,Habitual Budget Buyers,High
3755,46,Female,Shoes,Footwear,41,Nebraska,M,Turquoise,Summer,4.4,No,Express,No,No,10,Cash,Every 3 Months,4,90,164,590.4,36-50,Low Engagement,Low
3756,64,Female,Skirt,Clothing,93,Pennsylvania,M,Peach,Fall,3.4,No,Free Shipping,No,No,26,Credit Card,Monthly,12,30,1116,5088.96,51-70,Premium Loyalists,High
3757,64,Female,Skirt,Clothing,69,South Carolina,L,Teal,Spring,4.8,No,Express,No,No,42,Debit Card,Bi-Weekly,26,14,1794,9902.88,51-70,Premium Loyalists,Very High
3758,61,Female,Skirt,Clothing,44,California,L,Red,Fall,4.5,No,2-Day Shipping,No,No,33,Cash,Weekly,52,7,2288,11394.240000000002,51-70,Habitual Budget Buyers,Very High
3759,61,Female,Sandals,Footwear,54,Indiana,S,Black,Spring,2.7,No,Store Pickup,No,No,23,Bank Transfer,Quarterly,4,90,216,946.0799999999999,51-70,Low Engagement,Moderate
3760,44,Female,Sneakers,Footwear,61,Missouri,M,Pink,Spring,3.5,No,Store Pickup,No,No,30,Venmo,Quarterly,4,90,244,1171.2,36-50,Big-Ticket Occasionals,Moderate
3761,65,Female,Socks,Clothing,80,Connecticut,M,Peach,Fall,3.1,No,Next Day Air,No,No,36,PayPal,Weekly,52,7,4160,21465.6,51-70,Premium Loyalists,Very High
3762,60,Female,Backpack,Accessories,30,Nevada,M,Green,Summer,2.8,No,Next Day Air,No,No,3,Venmo,Every 3 Months,4,90,120,381.6,51-70,Low Engagement,Low
3763,65,Female,Shorts,Clothing,94,New York,L,Green,Fall,2.9,No,Store Pickup,No,No,13,PayPal,Annually,1,365,94,355.32,51-70,Big-Ticket Occasionals,Low
3764,27,Female,Shirt,Clothing,24,Oklahoma,XL,Red,Winter,4.5,No,Standard,No,No,38,Cash,Every 3 Months,4,90,96,506.88,26-35,Low Engagement,Low
3765,36,Female,Socks,Clothing,21,South Dakota,M,Maroon,Fall,3.5,No,Next Day Air,No,No,19,Venmo,Monthly,12,30,252,1043.28,36-50,Habitual Budget Buyers,Moderate
3766,22,Female,Jewelry,Accessories,52,Missouri,M,Green,Summer,4.3,No,Standard,No,No,14,Bank Transfer,Bi-Weekly,26,14,1352,5191.68,18-25,Habitual Budget Buyers,High
3767,62,Female,Handbag,Accessories,59,Texas,M,Black,Fall,4.9,No,Next Day Air,No,No,43,Debit Card,Annually,1,365,59,329.21999999999997,51-70,Low Engagement,Low
3768,59,Female,Shorts,Clothing,51,New York,XL,Black,Summer,3.1,No,Free Shipping,No,No,10,Bank Transfer,Fortnightly,26,14,1326,4773.599999999999,51-70,Habitual Budget Buyers,High
3769,50,Female,Sweater,Clothing,35,Vermont,M,Yellow,Winter,4.0,No,Free Shipping,No,No,34,Bank Transfer,Quarterly,4,90,140,705.6,36-50,Low Engagement,Low
3770,51,Female,Gloves,Accessories,87,Arizona,L,Green,Summer,3.6,No,Standard,No,No,31,Venmo,Annually,1,365,87,422.82000000000005,51-70,Big-Ticket Occasionals,Low
3771,23,Female,Pants,Clothing,42,Montana,L,Black,Summer,4.0,No,Store Pickup,No,No,34,Bank Transfer,Weekly,52,7,2184,11007.36,18-25,Habitual Budget Buyers,Very High
3772,21,Female,T-shirt,Clothing,86,Oklahoma,M,Red,Winter,2.6,No,Express,No,No,28,Venmo,Bi-Weekly,26,14,2236,10464.48,18-25,Premium Loyalists,Very High
3773,44,Female,Pants,Clothing,26,New Hampshire,L,Yellow,Fall,3.1,No,Next Day Air,No,No,35,Cash,Annually,1,365,26,132.6,36-50,Low Engagement,Low
3774,25,Female,Sweater,Clothing,60,Wisconsin,M,Violet,Summer,3.5,No,Store Pickup,No,No,41,Cash,Quarterly,4,90,240,1310.3999999999999,18-25,Low Engagement,Moderate
3775,57,Female,Gloves,Accessories,83,Alaska,S,Cyan,Winter,3.9,No,Standard,No,No,48,PayPal,Fortnightly,26,14,2158,12689.039999999999,51-70,Premium Loyalists,Very High
3776,41,Female,Belt,Accessories,63,South Dakota,S,Pink,Spring,2.7,No,2-Day Shipping,No,No,45,Cash,Quarterly,4,90,252,1436.3999999999999,36-50,Big-Ticket Occasionals,Moderate
3777,19,Female,Sneakers,Footwear,25,Alaska,L,Olive,Spring,4.1,No,Standard,No,No,10,Credit Card,Fortnightly,26,14,650,2340.0,18-25,Habitual Budget Buyers,Moderate
3778,43,Female,Shorts,Clothing,65,Utah,M,Maroon,Fall,4.3,No,Express,No,No,9,Cash,Weekly,52,7,3380,11965.199999999999,36-50,Premium Loyalists,Very High
3779,25,Female,Sneakers,Footwear,60,South Dakota,M,Cyan,Fall,2.9,No,Free Shipping,No,No,30,Debit Card,Annually,1,365,60,288.0,18-25,Low Engagement,Low
3780,60,Female,Jeans,Clothing,75,California,XL,Lavender,Spring,4.0,No,Express,No,No,45,PayPal,Annually,1,365,75,427.5,51-70,Big-Ticket Occasionals,Low
3781,54,Female,Sneakers,Footwear,57,Mississippi,L,Yellow,Fall,4.1,No,Free Shipping,No,No,41,Venmo,Quarterly,4,90,228,1244.8799999999999,51-70,Low Engagement,Moderate
3782,52,Female,Boots,Footwear,99,Tennessee,M,Pink,Winter,3.7,No,Standard,No,No,40,PayPal,Fortnightly,26,14,2574,13899.6,51-70,Premium Loyalists,Very High
3783,40,Female,Jacket,Outerwear,45,Alabama,L,Orange,Spring,2.8,No,Free Shipping,No,No,42,PayPal,Fortnightly,26,14,1170,6458.4,36-50,Habitual Budget Buyers,High
3784,39,Female,Gloves,Accessories,66,Maine,XL,Orange,Summer,3.2,No,Free Shipping,No,No,17,Debit Card,Fortnightly,26,14,1716,6898.320000000001,36-50,Premium Loyalists,High
3785,54,Female,Socks,Clothing,53,Virginia,M,Violet,Winter,4.5,No,Next Day Air,No,No,4,Venmo,Annually,1,365,53,171.72,51-70,Low Engagement,Low
3786,64,Female,Jeans,Clothing,94,New Hampshire,L,Lavender,Winter,3.8,No,Standard,No,No,6,Cash,Monthly,12,30,1128,3790.0800000000004,51-70,Premium Loyalists,High
3787,31,Female,Boots,Footwear,47,Tennessee,L,Yellow,Fall,3.6,No,2-Day Shipping,No,No,22,Venmo,Weekly,52,7,2444,10558.08,26-35,Habitual Budget Buyers,Very High
3788,37,Female,Blouse,Clothing,80,New York,M,Pink,Fall,3.6,No,2-Day Shipping,No,No,46,PayPal,Every 3 Months,4,90,320,1843.1999999999998,36-50,Big-Ticket Occasionals,Moderate
3789,43,Female,Hat,Accessories,65,Kansas,XL,Teal,Spring,3.2,No,Next Day Air,No,No,27,Debit Card,Monthly,12,30,780,3603.6,36-50,Premium Loyalists,High
3790,56,Female,Shirt,Clothing,75,North Dakota,M,Magenta,Summer,3.8,No,Express,No,No,18,Bank Transfer,Every 3 Months,4,90,300,1224.0,51-70,Big-Ticket Occasionals,Moderate
3791,27,Female,Handbag,Accessories,45,Alaska,XL,Beige,Summer,4.4,No,Standard,No,No,31,Credit Card,Weekly,52,7,2340,11372.400000000001,26-35,Habitual Budget Buyers,Very High
3792,40,Female,Sunglasses,Accessories,51,Texas,M,Gray,Spring,3.7,No,Store Pickup,No,No,1,Venmo,Weekly,52,7,2652,8115.12,36-50,Habitual Budget Buyers,Very High
3793,43,Female,Scarf,Accessories,58,Massachusetts,S,Turquoise,Summer,2.6,No,Express,No,No,2,PayPal,Fortnightly,26,14,1508,4704.96,36-50,Habitual Budget Buyers,High
3794,62,Female,Sunglasses,Accessories,20,Delaware,M,Pink,Fall,4.0,No,Standard,No,No,46,Bank Transfer,Annually,1,365,20,115.19999999999999,51-70,Low Engagement,Low
3795,44,Female,Scarf,Accessories,82,South Dakota,M,Violet,Summer,3.6,No,2-Day Shipping,No,No,27,Venmo,Weekly,52,7,4264,19699.68,36-50,Premium Loyalists,Very High
3796,45,Female,Gloves,Accessories,92,Arkansas,M,Charcoal,Spring,2.5,No,Express,No,No,3,Cash,Weekly,52,7,4784,15213.12,36-50,Premium Loyalists,Very High
3797,40,Female,Shorts,Clothing,81,Utah,M,Lavender,Fall,3.2,No,Free Shipping,No,No,47,Bank Transfer,Quarterly,4,90,324,1885.6799999999998,36-50,Big-Ticket Occasionals,Moderate
3798,68,Female,Sunglasses,Accessories,44,California,M,Gray,Summer,2.5,No,Next Day Air,No,No,20,Cash,Quarterly,4,90,176,739.1999999999999,51-70,Low Engagement,Low
3799,63,Female,Jewelry,Accessories,72,Rhode Island,S,Brown,Winter,3.2,No,Next Day Air,No,No,23,Credit Card,Annually,1,365,72,315.36,51-70,Big-Ticket Occasionals,Low
3800,60,Female,Jacket,Outerwear,26,Oklahoma,L,Violet,Winter,2.6,No,Store Pickup,No,No,13,Credit Card,Monthly,12,30,312,1179.36,51-70,Habitual Budget Buyers,Moderate
3801,19,Female,Sweater,Clothing,26,Vermont,M,Turquoise,Fall,4.8,No,Next Day Air,No,No,12,Venmo,Bi-Weekly,26,14,676,2514.72,18-25,Habitual Budget Buyers,High
3802,26,Female,Blouse,Clothing,84,Kentucky,M,Peach,Spring,5.0,No,Store Pickup,No,No,36,PayPal,Fortnightly,26,14,2184,11269.44,26-35,Premium Loyalists,Very High
3803,70,Female,Scarf,Accessories,72,Illinois,S,Turquoise,Spring,3.2,No,2-Day Shipping,No,No,1,Bank Transfer,Monthly,12,30,864,2643.84,51-70,Premium Loyalists,High
3804,48,Female,Handbag,Accessories,55,Connecticut,M,Violet,Spring,3.6,No,Standard,No,No,14,Debit Card,Weekly,52,7,2860,10982.4,36-50,Habitual Budget Buyers,Very High
3805,37,Female,Hat,Accessories,77,Florida,M,Olive,Fall,2.7,No,2-Day Shipping,No,No,45,Cash,Annually,1,365,77,438.9,36-50,Big-Ticket Occasionals,Low
3806,48,Female,Scarf,Accessories,57,New Jersey,M,Green,Fall,3.1,No,Standard,No,No,31,Credit Card,Quarterly,4,90,228,1108.0800000000002,36-50,Low Engagement,Moderate
3807,18,Female,Boots,Footwear,71,Missouri,M,Teal,Spring,3.0,No,Standard,No,No,41,PayPal,Weekly,52,7,3692,20158.32,18-25,Premium Loyalists,Very High
3808,38,Female,Blouse,Clothing,39,Michigan,L,Peach,Spring,2.9,No,Next Day Air,No,No,36,PayPal,Annually,1,365,39,201.24,36-50,Low Engagement,Low
3809,33,Female,Socks,Clothing,28,Washington,M,Pink,Winter,4.7,No,Express,No,No,6,Debit Card,Bi-Weekly,26,14,728,2446.0800000000004,26-35,Habitual Budget Buyers,Moderate
3810,57,Female,Shoes,Footwear,33,New York,S,Maroon,Winter,3.7,No,Standard,No,No,28,Credit Card,Annually,1,365,33,154.44,51-70,Low Engagement,Low
3811,46,Female,Skirt,Clothing,79,Wisconsin,L,Peach,Fall,3.9,No,Free Shipping,No,No,29,Venmo,Monthly,12,30,948,4493.52,36-50,Premium Loyalists,High
3812,46,Female,Belt,Accessories,30,Idaho,M,Maroon,Winter,4.0,No,Standard,No,No,14,Cash,Monthly,12,30,360,1382.4,36-50,Habitual Budget Buyers,Moderate
3813,50,Female,Skirt,Clothing,75,Michigan,M,Pink,Spring,2.8,No,Next Day Air,No,No,7,Bank Transfer,Every 3 Months,4,90,300,1026.0,36-50,Big-Ticket Occasionals,Moderate
3814,61,Female,Pants,Clothing,89,Georgia,M,Orange,Summer,4.1,No,Express,No,No,31,Venmo,Bi-Weekly,26,14,2314,11246.04,51-70,Premium Loyalists,Very High
3815,45,Female,Dress,Clothing,95,Michigan,M,Orange,Winter,4.2,No,Free Shipping,No,No,26,Bank Transfer,Every 3 Months,4,90,380,1732.8,36-50,Big-Ticket Occasionals,Moderate
3816,32,Female,Hat,Accessories,44,Maine,M,Brown,Fall,4.3,No,Express,No,No,12,Venmo,Fortnightly,26,14,1144,4255.68,26-35,Habitual Budget Buyers,High
3817,29,Female,Coat,Outerwear,86,Maryland,S,Silver,Summer,4.3,No,Store Pickup,No,No,45,Credit Card,Fortnightly,26,14,2236,12745.199999999999,26-35,Premium Loyalists,Very High
3818,66,Female,Scarf,Accessories,91,Missouri,M,Magenta,Fall,2.6,No,Express,No,No,40,PayPal,Annually,1,365,91,491.40000000000003,51-70,Big-Ticket Occasionals,Low
3819,70,Female,Sneakers,Footwear,41,Oregon,XL,Indigo,Winter,3.8,No,Free Shipping,No,No,42,Cash,Monthly,12,30,492,2715.8399999999997,51-70,Habitual Budget Buyers,High
3820,36,Female,Pants,Clothing,99,Arkansas,S,Gold,Spring,2.9,No,Express,No,No,45,Cash,Quarterly,4,90,396,2257.2,36-50,Big-Ticket Occasionals,Moderate
3821,34,Female,Belt,Accessories,65,New Hampshire,M,Purple,Winter,5.0,No,Standard,No,No,34,Debit Card,Quarterly,4,90,260,1310.4,26-35,Big-Ticket Occasionals,Moderate
3822,20,Female,Sneakers,Footwear,48,Oregon,M,Gold,Summer,4.6,No,Free Shipping,No,No,34,Credit Card,Every 3 Months,4,90,192,967.6800000000001,18-25,Low Engagement,Moderate
3823,70,Female,Hat,Accessories,41,Kansas,S,Gold,Spring,3.2,No,Free Shipping,No,No,17,PayPal,Every 3 Months,4,90,164,659.2800000000001,51-70,Low Engagement,Low
3824,50,Female,Shirt,Clothing,42,California,M,Gold,Summer,3.0,No,Standard,No,No,27,Bank Transfer,Weekly,52,7,2184,10090.08,36-50,Habitual Budget Buyers,Very High
3825,54,Female,Shorts,Clothing,26,Georgia,M,Olive,Summer,4.0,No,Free Shipping,No,No,31,Credit Card,Quarterly,4,90,104,505.44000000000005,51-70,Low Engagement,Low
3826,49,Female,Shorts,Clothing,35,Hawaii,L,Green,Fall,4.1,No,Express,No,No,47,Debit Card,Fortnightly,26,14,910,5296.2,36-50,Habitual Budget Buyers,High
3827,50,Female,Jacket,Outerwear,31,Montana,M,Gray,Summer,4.0,No,Express,No,No,25,Bank Transfer,Annually,1,365,31,139.5,36-50,Low Engagement,Low
3828,62,Female,Jewelry,Accessories,73,Montana,M,Red,Summer,4.1,No,Standard,No,No,47,Cash,Fortnightly,26,14,1898,11046.36,51-70,Premium Loyalists,Very High
3829,42,Female,Blouse,Clothing,82,Mississippi,M,Charcoal,Spring,3.4,No,Free Shipping,No,No,8,Cash,Weekly,52,7,4264,14838.72,36-50,Premium Loyalists,Very High
3830,69,Female,Pants,Clothing,32,Washington,M,Indigo,Spring,2.9,No,Free Shipping,No,No,32,Debit Card,Fortnightly,26,14,832,4093.4400000000005,51-70,Habitual Budget Buyers,High
3831,22,Female,Hat,Accessories,27,Pennsylvania,M,Indigo,Summer,3.0,No,2-Day Shipping,No,No,33,Bank Transfer,Every 3 Months,4,90,108,537.84,18-25,Low Engagement,Low
3832,36,Female,Backpack,Accessories,86,Nevada,L,Silver,Spring,4.0,No,Next Day Air,No,No,16,Debit Card,Every 3 Months,4,90,344,1362.24,36-50,Big-Ticket Occasionals,Moderate
3833,64,Female,Boots,Footwear,38,Kansas,XL,Purple,Winter,4.8,No,2-Day Shipping,No,No,27,Cash,Weekly,52,7,1976,9129.12,51-70,Habitual Budget Buyers,Very High
3834,44,Female,Jacket,Outerwear,93,Arizona,L,Gray,Summer,4.6,No,Free Shipping,No,No,17,PayPal,Every 3 Months,4,90,372,1495.44,36-50,Big-Ticket Occasionals,Moderate
3835,43,Female,Hoodie,Clothing,59,Tennessee,M,Magenta,Winter,4.1,No,2-Day Shipping,No,No,17,Cash,Quarterly,4,90,236,948.72,36-50,Low Engagement,Moderate
3836,58,Female,Sandals,Footwear,58,Pennsylvania,L,Silver,Winter,2.6,No,Express,No,No,28,PayPal,Bi-Weekly,26,14,1508,7057.4400000000005,51-70,Habitual Budget Buyers,High
3837,62,Female,Skirt,Clothing,84,Alaska,M,Violet,Spring,2.5,No,Free Shipping,No,No,38,PayPal,Fortnightly,26,14,2184,11531.52,51-70,Premium Loyalists,Very High
3838,45,Female,Hoodie,Clothing,100,New Mexico,M,Green,Spring,4.8,No,Free Shipping,No,No,33,Bank Transfer,Fortnightly,26,14,2600,12948.000000000002,36-50,Premium Loyalists,Very High
3839,47,Female,Dress,Clothing,25,Rhode Island,L,Green,Summer,4.2,No,Express,No,No,24,Venmo,Every 3 Months,4,90,100,444.0,36-50,Low Engagement,Low
3840,66,Female,Sandals,Footwear,29,Connecticut,M,Peach,Spring,3.9,No,Free Shipping,No,No,14,Venmo,Quarterly,4,90,116,445.44,51-70,Low Engagement,Low
3841,30,Female,Jeans,Clothing,42,Idaho,M,Turquoise,Spring,3.7,No,Express,No,No,5,Venmo,Fortnightly,26,14,1092,3603.6000000000004,26-35,Habitual Budget Buyers,High
3842,68,Female,Jeans,Clothing,57,Mississippi,L,Pink,Fall,4.2,No,2-Day Shipping,No,No,8,Bank Transfer,Monthly,12,30,684,2380.3199999999997,51-70,Habitual Budget Buyers,Moderate
3843,35,Female,Jacket,Outerwear,84,Colorado,L,Lavender,Winter,4.2,No,Next Day Air,No,No,42,Debit Card,Monthly,12,30,1008,5564.16,26-35,Premium Loyalists,High
3844,64,Female,Hat,Accessories,71,Georgia,L,Silver,Winter,4.0,No,Free Shipping,No,No,48,Venmo,Every 3 Months,4,90,284,1669.92,51-70,Big-Ticket Occasionals,Moderate
3845,30,Female,Shorts,Clothing,87,Montana,S,Cyan,Fall,5.0,No,Next Day Air,No,No,40,Venmo,Quarterly,4,90,348,1879.2,26-35,Big-Ticket Occasionals,Moderate
3846,58,Female,Sweater,Clothing,52,California,M,Green,Winter,4.9,No,Standard,No,No,46,Venmo,Annually,1,365,52,299.52,51-70,Low Engagement,Low
3847,57,Female,Blouse,Clothing,58,Pennsylvania,L,Orange,Summer,4.0,No,Express,No,No,40,PayPal,Every 3 Months,4,90,232,1252.8,51-70,Low Engagement,Moderate
3848,60,Female,Sweater,Clothing,34,Delaware,S,Blue,Fall,3.2,No,2-Day Shipping,No,No,31,PayPal,Fortnightly,26,14,884,4296.240000000001,51-70,Habitual Budget Buyers,High
3849,22,Female,Jewelry,Accessories,60,New Hampshire,M,Magenta,Winter,3.0,No,Next Day Air,No,No,39,Cash,Every 3 Months,4,90,240,1281.6,18-25,Low Engagement,Moderate
3850,46,Female,Hoodie,Clothing,68,Florida,S,Cyan,Winter,2.6,No,Express,No,No,36,PayPal,Fortnightly,26,14,1768,9122.88,36-50,Premium Loyalists,Very High
3851,27,Female,Jewelry,Accessories,74,Mississippi,L,Indigo,Summer,4.4,No,2-Day Shipping,No,No,25,Debit Card,Every 3 Months,4,90,296,1332.0,26-35,Big-Ticket Occasionals,Moderate
3852,50,Female,Scarf,Accessories,83,Montana,M,Pink,Summer,3.9,No,Free Shipping,No,No,24,Debit Card,Annually,1,365,83,368.52,36-50,Big-Ticket Occasionals,Low
3853,65,Female,Hat,Accessories,79,Mississippi,M,Peach,Fall,4.0,No,2-Day Shipping,No,No,19,PayPal,Weekly,52,7,4108,17007.12,51-70,Premium Loyalists,Very High
3854,61,Female,Sunglasses,Accessories,76,Tennessee,M,Lavender,Fall,4.0,No,Store Pickup,No,No,49,Debit Card,Bi-Weekly,26,14,1976,11737.44,51-70,Premium Loyalists,Very High
3855,57,Female,T-shirt,Clothing,20,Florida,M,Black,Spring,4.2,No,Free Shipping,No,No,4,Venmo,Annually,1,365,20,64.80000000000001,51-70,Low Engagement,Low
3856,40,Female,Shirt,Clothing,61,Illinois,XL,Lavender,Summer,4.4,No,Next Day Air,No,No,36,Cash,Quarterly,4,90,244,1259.04,36-50,Big-Ticket Occasionals,Moderate
3857,39,Female,Sandals,Footwear,78,Virginia,S,Brown,Summer,2.5,No,Free Shipping,No,No,8,Debit Card,Quarterly,4,90,312,1085.76,36-50,Big-Ticket Occasionals,Moderate
3858,42,Female,Hat,Accessories,21,Texas,S,Yellow,Summer,3.1,No,Store Pickup,No,No,29,Credit Card,Every 3 Months,4,90,84,398.16,36-50,Low Engagement,Low
3859,30,Female,T-shirt,Clothing,77,Missouri,M,Olive,Winter,3.5,No,Store Pickup,No,No,26,Credit Card,Quarterly,4,90,308,1404.48,26-35,Big-Ticket Occasionals,Moderate
3860,65,Female,Shorts,Clothing,88,Mississippi,S,Blue,Fall,3.0,No,2-Day Shipping,No,No,47,Bank Transfer,Bi-Weekly,26,14,2288,13316.16,51-70,Premium Loyalists,Very High
3861,57,Female,Sunglasses,Accessories,64,Pennsylvania,M,Turquoise,Summer,4.4,No,Next Day Air,No,No,44,Cash,Annually,1,365,64,360.96,51-70,Big-Ticket Occasionals,Low
3862,64,Female,Jacket,Outerwear,57,Wyoming,M,Yellow,Spring,4.9,No,Standard,No,No,49,Credit Card,Monthly,12,30,684,4062.96,51-70,Habitual Budget Buyers,High
3863,56,Female,Shirt,Clothing,49,Idaho,L,Turquoise,Winter,2.8,No,Next Day Air,No,No,9,Venmo,Monthly,12,30,588,2081.52,51-70,Habitual Budget Buyers,Moderate
3864,40,Female,Scarf,Accessories,35,New Hampshire,M,Orange,Summer,3.3,No,Free Shipping,No,No,28,Cash,Fortnightly,26,14,910,4258.8,36-50,Habitual Budget Buyers,High
3865,55,Female,T-shirt,Clothing,99,Wyoming,S,Blue,Winter,4.9,No,Express,No,No,1,Debit Card,Fortnightly,26,14,2574,7876.4400000000005,51-70,Premium Loyalists,Very High
3866,25,Female,Shorts,Clothing,42,Nebraska,M,Olive,Spring,4.2,No,Store Pickup,No,No,28,Cash,Every 3 Months,4,90,168,786.24,18-25,Low Engagement,Low
3867,58,Female,Hat,Accessories,32,Alaska,M,Beige,Winter,3.3,No,2-Day Shipping,No,No,33,Credit Card,Fortnightly,26,14,832,4143.360000000001,51-70,Habitual Budget Buyers,High
3868,46,Female,Jacket,Outerwear,21,Maryland,L,Lavender,Summer,2.7,No,Standard,No,No,28,Credit Card,Monthly,12,30,252,1179.3600000000001,36-50,Habitual Budget Buyers,Moderate
3869,18,Female,Dress,Clothing,29,Maryland,XL,Magenta,Winter,3.3,No,2-Day Shipping,No,No,9,Cash,Annually,1,365,29,102.66,18-25,Low Engagement,Low
3870,26,Female,Coat,Outerwear,64,Arizona,L,Cyan,Spring,3.8,No,Free Shipping,No,No,28,Bank Transfer,Annually,1,365,64,299.52,26-35,Big-Ticket Occasionals,Low
3871,61,Female,Sandals,Footwear,46,Ohio,L,Lavender,Fall,3.2,No,Next Day Air,No,No,19,Cash,Every 3 Months,4,90,184,761.76,51-70,Low Engagement,Low
3872,55,Female,T-shirt,Clothing,97,Minnesota,M,Black,Fall,4.1,No,2-Day Shipping,No,No,20,Bank Transfer,Every 3 Months,4,90,388,1629.6,51-70,Big-Ticket Occasionals,Moderate
3873,41,Female,Jacket,Outerwear,94,New Hampshire,M,Green,Spring,4.3,No,Standard,No,No,3,Cash,Monthly,12,30,1128,3587.04,36-50,Premium Loyalists,High
3874,42,Female,Sandals,Footwear,43,Louisiana,L,Silver,Summer,4.0,No,Standard,No,No,22,Credit Card,Weekly,52,7,2236,9659.52,36-50,Habitual Budget Buyers,Very High
3875,70,Female,Sweater,Clothing,54,Nevada,XL,Beige,Summer,3.9,No,2-Day Shipping,No,No,33,Credit Card,Bi-Weekly,26,14,1404,6991.920000000001,51-70,Habitual Budget Buyers,High
3876,63,Female,Hat,Accessories,51,New Hampshire,M,Pink,Winter,3.3,No,2-Day Shipping,No,No,21,Credit Card,Annually,1,365,51,217.26,51-70,Low Engagement,Low
3877,60,Female,Shoes,Footwear,85,Wisconsin,S,Cyan,Fall,2.6,No,2-Day Shipping,No,No,7,Cash,Annually,1,365,85,290.70000000000005,51-70,Big-Ticket Occasionals,Low
3878,28,Female,Hoodie,Clothing,96,Nevada,M,Olive,Spring,4.2,No,Next Day Air,No,No,46,Debit Card,Monthly,12,30,1152,6635.5199999999995,26-35,Premium Loyalists,High
3879,60,Female,Hat,Accessories,42,South Carolina,M,Pink,Summer,3.4,No,2-Day Shipping,No,No,24,Credit Card,Annually,1,365,42,186.48,51-70,Low Engagement,Low
3880,26,Female,Skirt,Clothing,63,Florida,L,Maroon,Winter,4.1,No,Free Shipping,No,No,6,Debit Card,Quarterly,4,90,252,846.72,26-35,Big-Ticket Occasionals,Low
3881,42,Female,Shirt,Clothing,20,Massachusetts,M,Red,Winter,3.9,No,Free Shipping,No,No,40,PayPal,Monthly,12,30,240,1296.0,36-50,Habitual Budget Buyers,Moderate
3882,56,Female,Scarf,Accessories,25,Georgia,L,Silver,Spring,2.8,No,2-Day Shipping,No,No,17,Debit Card,Weekly,52,7,1300,5226.0,51-70,Habitual Budget Buyers,High
3883,35,Female,Pants,Clothing,95,North Dakota,L,Blue,Fall,2.6,No,Free Shipping,No,No,24,Cash,Fortnightly,26,14,2470,10966.8,26-35,Premium Loyalists,Very High
3884,34,Female,Hat,Accessories,38,North Dakota,XL,Purple,Fall,4.0,No,Next Day Air,No,No,22,Cash,Fortnightly,26,14,988,4268.16,26-35,Habitual Budget Buyers,High
3885,47,Female,Sandals,Footwear,29,Maryland,M,Brown,Fall,4.9,No,Express,No,No,3,PayPal,Weekly,52,7,1508,4795.4400000000005,36-50,Habitual Budget Buyers,High
3886,49,Female,Socks,Clothing,64,New Mexico,L,Purple,Winter,3.2,No,Free Shipping,No,No,39,Cash,Quarterly,4,90,256,1367.04,36-50,Big-Ticket Occasionals,Moderate
3887,37,Female,Jewelry,Accessories,92,Iowa,S,Brown,Summer,3.9,No,Express,No,No,40,Debit Card,Quarterly,4,90,368,1987.2,36-50,Big-Ticket Occasionals,Moderate
3888,40,Female,Shirt,Clothing,34,Kansas,M,Charcoal,Spring,2.7,No,Express,No,No,1,Credit Card,Quarterly,4,90,136,416.16,36-50,Low Engagement,Low
3889,45,Female,Sneakers,Footwear,69,Virginia,M,Violet,Spring,3.4,No,Standard,No,No,14,Venmo,Bi-Weekly,26,14,1794,6888.96,36-50,Premium Loyalists,High
3890,57,Female,Dress,Clothing,65,Alaska,S,Yellow,Spring,3.5,No,Express,No,No,49,Bank Transfer,Annually,1,365,65,386.1,51-70,Big-Ticket Occasionals,Low
3891,35,Female,Shirt,Clothing,81,Nebraska,XL,Green,Winter,2.6,No,Standard,No,No,33,Debit Card,Annually,1,365,81,403.38000000000005,26-35,Big-Ticket Occasionals,Low
3892,36,Female,Dress,Clothing,30,Colorado,L,Peach,Winter,4.7,No,Free Shipping,No,No,6,Bank Transfer,Quarterly,4,90,120,403.20000000000005,36-50,Low Engagement,Low
3893,35,Female,Jewelry,Accessories,86,Michigan,L,Indigo,Summer,3.5,No,Standard,No,No,5,PayPal,Fortnightly,26,14,2236,7378.8,26-35,Premium Loyalists,Very High
3894,21,Female,Hat,Accessories,64,Massachusetts,L,White,Fall,3.3,No,Store Pickup,No,No,29,Bank Transfer,Bi-Weekly,26,14,1664,7887.360000000001,18-25,Premium Loyalists,Very High
3895,66,Female,Skirt,Clothing,78,Connecticut,L,White,Spring,3.9,No,2-Day Shipping,No,No,44,Credit Card,Every 3 Months,4,90,312,1759.6799999999998,51-70,Big-Ticket Occasionals,Moderate
3896,40,Female,Hoodie,Clothing,28,Virginia,L,Turquoise,Summer,4.2,No,2-Day Shipping,No,No,32,Venmo,Weekly,52,7,1456,7163.52,36-50,Habitual Budget Buyers,High
3897,52,Female,Backpack,Accessories,49,Iowa,L,White,Spring,4.5,No,Store Pickup,No,No,41,Bank Transfer,Bi-Weekly,26,14,1274,6956.039999999999,51-70,Habitual Budget Buyers,High
3898,46,Female,Belt,Accessories,33,New Jersey,L,Green,Spring,2.9,No,Standard,No,No,24,Venmo,Quarterly,4,90,132,586.08,36-50,Low Engagement,Low
3899,44,Female,Shoes,Footwear,77,Minnesota,S,Brown,Summer,3.8,No,Express,No,No,24,Venmo,Weekly,52,7,4004,17777.76,36-50,Premium Loyalists,Very High
3900,52,Female,Handbag,Accessories,81,California,M,Beige,Spring,3.1,No,Store Pickup,No,No,33,Venmo,Quarterly,4,90,324,1613.5200000000002,51-70,Big-Ticket Occasionals,Moderate
